status,solve_time,error,total_cost,stage1_cost,stage2_cost,regular_shifts,overtime_shifts,patient_safety_cost,max_fatigue,avg_fatigue,high_fatigue_days,fatigue_threshold,working_nurses,regular_shift_count,overtime_shift_count,avg_shortage,max_shortage,avg_recourse_cost,avg_consecutive_shifts,max_consecutive_shifts,config_id,lambda,weight,threshold,demand_level,replication,seed,nurses,days,scenarios
NO_SOLUTION,60.10864996910095,Solver timed out or no feasible solution found,,,,,,,,,,,,,,,,,,,1,0.02,30,0.6,Low,1,1001,12,10,5
NO_SOLUTION,60.09700298309326,Solver timed out or no feasible solution found,,,,,,,,,,,,,,,,,,,1,0.02,30,0.6,Low,2,1002,12,10,5
NO_SOLUTION,60.08883190155029,Solver timed out or no feasible solution found,,,,,,,,,,,,,,,,,,,1,0.02,30,0.6,Low,3,1003,12,10,5
NO_SOLUTION,60.125558853149414,Solver timed out or no feasible solution found,,,,,,,,,,,,,,,,,,,1,0.02,30,0.6,Low,4,1004,12,10,5
NO_SOLUTION,60.155972957611084,Solver timed out or no feasible solution found,,,,,,,,,,,,,,,,,,,1,0.02,30,0.6,Low,5,1005,12,10,5
NO_SOLUTION,60.19325590133667,Solver timed out or no feasible solution found,,,,,,,,,,,,,,,,,,,1,0.02,30,0.6,Low,6,1006,12,10,5
NO_SOLUTION,60.123111963272095,Solver timed out or no feasible solution found,,,,,,,,,,,,,,,,,,,1,0.02,30,0.6,Low,7,1007,12,10,5
NO_SOLUTION,60.13572382926941,Solver timed out or no feasible solution found,,,,,,,,,,,,,,,,,,,1,0.02,30,0.6,Low,8,1008,12,10,5
NO_SOLUTION,60.10685110092163,Solver timed out or no feasible solution found,,,,,,,,,,,,,,,,,,,1,0.02,30,0.6,Low,9,1009,12,10,5
NO_SOLUTION,60.097445249557495,Solver timed out or no feasible solution found,,,,,,,,,,,,,,,,,,,1,0.02,30,0.6,Low,10,1010,12,10,5
NO_SOLUTION,60.09457993507385,Solver timed out or no feasible solution found,,,,,,,,,,,,,,,,,,,1,0.02,30,0.6,Low,11,1011,12,10,5
NO_SOLUTION,60.1059091091156,Solver timed out or no feasible solution found,,,,,,,,,,,,,,,,,,,1,0.02,30,0.6,Low,12,1012,12,10,5
NO_SOLUTION,60.096006870269775,Solver timed out or no feasible solution found,,,,,,,,,,,,,,,,,,,1,0.02,30,0.6,Low,13,1013,12,10,5
NO_SOLUTION,60.10297679901123,Solver timed out or no feasible solution found,,,,,,,,,,,,,,,,,,,1,0.02,30,0.6,Low,14,1014,12,10,5
NO_SOLUTION,60.116796016693115,Solver timed out or no feasible solution found,,,,,,,,,,,,,,,,,,,1,0.02,30,0.6,Low,15,1015,12,10,5
NO_SOLUTION,60.09981679916382,Solver timed out or no feasible solution found,,,,,,,,,,,,,,,,,,,1,0.02,30,0.6,Low,16,1016,12,10,5
NO_SOLUTION,60.100244998931885,Solver timed out or no feasible solution found,,,,,,,,,,,,,,,,,,,1,0.02,30,0.6,Low,17,1017,12,10,5
NO_SOLUTION,60.1081428527832,Solver timed out or no feasible solution found,,,,,,,,,,,,,,,,,,,1,0.02,30,0.6,Low,18,1018,12,10,5
NO_SOLUTION,60.142512798309326,Solver timed out or no feasible solution found,,,,,,,,,,,,,,,,,,,1,0.02,30,0.6,Low,19,1019,12,10,5
NO_SOLUTION,60.11911606788635,Solver timed out or no feasible solution found,,,,,,,,,,,,,,,,,,,1,0.02,30,0.6,Low,20,1020,12,10,5
NO_SOLUTION,60.10387206077576,Solver timed out or no feasible solution found,,,,,,,,,,,,,,,,,,,1,0.02,30,0.6,Low,21,1021,12,10,5
NO_SOLUTION,60.10487198829651,Solver timed out or no feasible solution found,,,,,,,,,,,,,,,,,,,1,0.02,30,0.6,Low,22,1022,12,10,5
NO_SOLUTION,60.102076053619385,Solver timed out or no feasible solution found,,,,,,,,,,,,,,,,,,,1,0.02,30,0.6,Low,23,1023,12,10,5
NO_SOLUTION,60.112850189208984,Solver timed out or no feasible solution found,,,,,,,,,,,,,,,,,,,1,0.02,30,0.6,Low,24,1024,12,10,5
NO_SOLUTION,60.10465097427368,Solver timed out or no feasible solution found,,,,,,,,,,,,,,,,,,,1,0.02,30,0.6,Low,25,1025,12,10,5
NO_SOLUTION,60.11808490753174,Solver timed out or no feasible solution found,,,,,,,,,,,,,,,,,,,1,0.02,30,0.6,Low,26,1026,12,10,5
NO_SOLUTION,60.11173701286316,Solver timed out or no feasible solution found,,,,,,,,,,,,,,,,,,,1,0.02,30,0.6,Low,27,1027,12,10,5
NO_SOLUTION,60.100730180740356,Solver timed out or no feasible solution found,,,,,,,,,,,,,,,,,,,1,0.02,30,0.6,Low,28,1028,12,10,5
NO_SOLUTION,60.09577918052673,Solver timed out or no feasible solution found,,,,,,,,,,,,,,,,,,,1,0.02,30,0.6,Low,29,1029,12,10,5
NO_SOLUTION,60.0945258140564,Solver timed out or no feasible solution found,,,,,,,,,,,,,,,,,,,1,0.02,30,0.6,Low,30,1030,12,10,5
Optimal,2.446110963821411,,44226.02994514557,6000.0,38226.02994514557,60.0,0.0,1396.0299451454957,0.5829914044590558,0.22159205478499933,0.0,0.0,15.0,60.0,0.0,77.4,123.0,30960.0,2.6666666666666665,4.0,2,0.02,30,0.6,Medium,1,2001,15,14,10
Optimal,1.8736310005187988,,45319.63781854836,6000.0,39319.63781854836,60.0,0.0,1349.6378185482906,0.5829914044590558,0.21422822516639534,0.0,0.0,15.0,60.0,0.0,80.3,121.0,32120.0,2.533333333333333,4.0,2,0.02,30,0.6,Medium,2,2002,15,14,10
Optimal,1.8156311511993408,,44865.274041120414,6000.0,38865.274041120414,60.0,0.0,1345.2740411203258,0.5829914044590558,0.21353556208259142,0.0,0.0,15.0,60.0,0.0,78.3,126.0,31320.0,2.6666666666666665,4.0,2,0.02,30,0.6,Medium,3,2003,15,14,10
Optimal,2.541048765182495,,44396.84237895313,5900.0,38496.84237895313,59.0,0.0,1366.8423789530277,0.5829914044590558,0.21695910777032185,0.0,0.0,15.0,59.0,0.0,78.2,126.0,31280.0,2.533333333333333,4.0,2,0.02,30,0.6,Medium,4,2004,15,14,10
Optimal,2.851512908935547,,44938.15061647692,5900.0,39038.15061647692,59.0,0.0,1348.1506164768314,0.5829914044590558,0.2139921613455288,0.0,0.0,15.0,59.0,0.0,79.1,134.0,31640.0,2.7333333333333334,4.0,2,0.02,30,0.6,Medium,5,2005,15,14,10
Optimal,1.8712339401245117,,44916.36276409315,6000.0,38916.36276409315,60.0,0.0,1356.3627640930683,0.5829914044590558,0.21529567684016956,0.0,0.0,15.0,60.0,0.0,79.7,124.0,31880.0,2.6,4.0,2,0.02,30,0.6,Medium,6,2006,15,14,10
Optimal,2.1834139823913574,,44428.29560132627,6000.0,38428.29560132627,60.0,0.0,1328.2956013261687,0.5829914044590558,0.2108405716390744,0.0,0.0,15.0,60.0,0.0,80.6,128.0,32240.0,3.533333333333333,4.0,2,0.02,30,0.6,Medium,7,2007,15,14,10
Optimal,2.572413921356201,,45609.262978256396,5900.0,39709.262978256396,59.0,0.0,1349.262978256307,0.5829914044590558,0.2141687267073503,0.0,0.0,15.0,59.0,0.0,81.2,131.0,32480.0,2.8,4.0,2,0.02,30,0.6,Medium,8,2008,15,14,10
Optimal,2.152631998062134,,44711.55170967699,5900.0,38811.55170967699,59.0,0.0,1341.5517096769074,0.5829914044590558,0.21294471582173133,0.0,0.0,15.0,59.0,0.0,78.5,122.0,31400.0,2.8666666666666667,4.0,2,0.02,30,0.6,Medium,9,2009,15,14,10
Optimal,2.252755880355835,,45443.8756359651,5900.0,39543.8756359651,59.0,0.0,1273.875635965042,0.5829914044590558,0.20220248189921303,0.0,0.0,15.0,59.0,0.0,82.6,124.0,33040.0,2.6666666666666665,4.0,2,0.02,30,0.6,Medium,10,2010,15,14,10
Optimal,2.9821271896362305,,45986.962983078236,6000.0,39986.962983078236,60.0,0.0,1396.9629830781375,0.5829914044590558,0.22174015604414882,0.0,0.0,15.0,60.0,0.0,81.8,127.0,32720.0,2.8,4.0,2,0.02,30,0.6,Medium,11,2011,15,14,10
Optimal,2.1171419620513916,,45017.27299695292,5900.0,39117.27299695292,59.0,0.0,1327.2729969528339,0.5829914044590558,0.21067825348457678,0.0,0.0,15.0,59.0,0.0,81.0,125.0,32400.0,2.466666666666667,4.0,2,0.02,30,0.6,Medium,12,2012,15,14,10
Optimal,2.3418729305267334,,43686.93569753823,6000.0,37686.93569753823,60.0,0.0,1386.9356975381522,0.5829914044590558,0.22014852341875432,0.0,0.0,15.0,60.0,0.0,76.2,125.0,30480.0,2.533333333333333,4.0,2,0.02,30,0.6,Medium,13,2013,15,14,10
Optimal,1.9175348281860352,,44441.51048224478,6000.0,38441.51048224478,60.0,0.0,1381.5104822447063,0.5829914044590558,0.21928737813408036,0.0,0.0,15.0,60.0,0.0,76.3,126.0,30520.0,2.8666666666666667,4.0,2,0.02,30,0.6,Medium,14,2014,15,14,10
Optimal,2.643251895904541,,44318.723186880794,6000.0,38318.723186880794,60.0,0.0,1398.7231868807326,0.5829914044590558,0.22201955347313215,0.0,0.0,15.0,60.0,0.0,79.0,124.0,31600.0,2.6666666666666665,4.0,2,0.02,30,0.6,Medium,15,2015,15,14,10
Optimal,2.6356029510498047,,46897.4278569145,6000.0,40897.4278569145,60.0,0.0,1377.42785691443,0.5829914044590558,0.21863934236736984,0.0,0.0,15.0,60.0,0.0,82.3,128.0,32920.0,2.8666666666666667,4.0,2,0.02,30,0.6,Medium,16,2016,15,14,10
Optimal,1.8102331161499023,,44785.307555345295,6000.0,38785.307555345295,60.0,0.0,1405.307555345212,0.5829914044590558,0.22306469132463683,0.0,0.0,15.0,60.0,0.0,77.3,125.0,30920.0,2.8666666666666667,4.0,2,0.02,30,0.6,Medium,17,2017,15,14,10
Optimal,2.830820083618164,,46328.377749402425,5900.0,40428.377749402425,59.0,0.0,1308.3777494023527,0.5987731972100166,0.20767900784164328,0.0,0.0,15.0,59.0,0.0,82.7,129.0,33080.0,2.8,4.0,2,0.02,30,0.6,Medium,18,2018,15,14,10
Optimal,2.518216848373413,,44954.02093159768,6000.0,38954.02093159768,60.0,0.0,1394.0209315975992,0.5829914044590558,0.22127316374565065,0.0,0.0,15.0,60.0,0.0,78.8,122.0,31520.0,2.6,4.0,2,0.02,30,0.6,Medium,19,2019,15,14,10
Optimal,1.9440979957580566,,45390.18749473608,6000.0,39390.18749473608,60.0,0.0,1370.1874947359888,0.5829914044590558,0.21749007852952204,0.0,0.0,15.0,60.0,0.0,79.8,126.0,31920.0,2.8,4.0,2,0.02,30,0.6,Medium,20,2020,15,14,10
Optimal,2.012239933013916,,45604.94662951275,6000.0,39604.94662951275,60.0,0.0,1339.9466295126833,0.5829914044590558,0.2126899411924894,0.0,0.0,15.0,60.0,0.0,80.6,122.0,32240.0,2.7333333333333334,4.0,2,0.02,30,0.6,Medium,21,2021,15,14,10
Optimal,1.7726972103118896,,45056.33776475323,6000.0,39056.33776475323,60.0,0.0,1276.337764753154,0.5829914044590558,0.20259329599256415,0.0,0.0,15.0,60.0,0.0,83.3,127.0,33320.0,2.3333333333333335,4.0,2,0.02,30,0.6,Medium,22,2022,15,14,10
Optimal,1.867969036102295,,44980.768942913164,6000.0,38980.768942913164,60.0,0.0,1380.768942913098,0.5829914044590558,0.21916967347826954,0.0,0.0,15.0,60.0,0.0,79.1,128.0,31640.0,2.8,4.0,2,0.02,30,0.6,Medium,23,2023,15,14,10
Optimal,2.6901440620422363,,44282.72138260074,5900.0,38382.72138260074,59.0,0.0,1342.7213826006507,0.5829914044590558,0.21313037819057948,0.0,0.0,15.0,59.0,0.0,77.9,121.0,31160.0,2.533333333333333,4.0,2,0.02,30,0.6,Medium,24,2024,15,14,10
Optimal,2.7220730781555176,,44278.101884193566,6000.0,38278.101884193566,60.0,0.0,1383.1018841934892,0.5829914044590558,0.21953998161801416,0.0,0.0,15.0,60.0,0.0,78.3,124.0,31320.0,2.6666666666666665,4.0,2,0.02,30,0.6,Medium,25,2025,15,14,10
Optimal,2.349680185317993,,44279.07248371536,6000.0,38279.07248371536,60.0,0.0,1459.0724837152593,0.5829914044590558,0.23159880693893004,0.0,0.0,15.0,60.0,0.0,78.1,127.0,31240.0,2.7333333333333334,4.0,2,0.02,30,0.6,Medium,26,2026,15,14,10
Optimal,2.6856648921966553,,44944.10014483833,5900.0,39044.10014483833,59.0,0.0,1314.1001448382603,0.5829914044590558,0.20858732457750162,0.0,0.0,15.0,59.0,0.0,80.7,130.0,32280.0,2.7333333333333334,4.0,2,0.02,30,0.6,Medium,27,2027,15,14,10
Optimal,2.322848081588745,,45515.06714618545,6000.0,39515.06714618545,60.0,0.0,1490.0671461853829,0.5829914044590558,0.23651859463260044,0.0,0.0,15.0,60.0,0.0,79.9,128.0,31960.0,2.466666666666667,4.0,2,0.02,30,0.6,Medium,28,2028,15,14,10
Optimal,2.3156521320343018,,44411.006081704014,5900.0,38511.006081704014,59.0,0.0,1401.0060817039548,0.5829914044590558,0.22238191773078647,0.0,0.0,15.0,59.0,0.0,78.0,122.0,31200.0,2.2666666666666666,4.0,2,0.02,30,0.6,Medium,29,2029,15,14,10
Optimal,2.411161184310913,,44048.806616911796,5900.0,38148.806616911796,59.0,0.0,1348.806616911728,0.5829914044590558,0.214096288398687,0.0,0.0,15.0,59.0,0.0,77.7,124.0,31080.0,2.6,4.0,2,0.02,30,0.6,Medium,30,2030,15,14,10
Optimal,3.7177469730377197,,45309.66858175925,7200.0,38109.66858175925,72.0,0.0,1949.6685817591099,0.5829914044590558,0.2578926695448558,0.0,0.0,18.0,72.0,0.0,80.26666666666667,190.0,36120.0,3.0,4.0,3,0.02,30,0.6,High,1,3001,18,14,15
Optimal,3.5909481048583984,,46112.67316755756,7200.0,38912.67316755756,72.0,0.0,1962.6731675574158,0.5829914044590558,0.25961285285151003,0.0,0.0,18.0,72.0,0.0,81.93333333333334,186.0,36870.0,2.5555555555555554,4.0,3,0.02,30,0.6,High,2,3002,18,14,15
Optimal,3.0449111461639404,,46526.43406838357,7200.0,39326.43406838357,72.0,0.0,2016.4340683834807,0.5829914044590558,0.26672408311950807,0.0,0.0,18.0,72.0,0.0,82.8,190.0,37260.0,2.5,4.0,3,0.02,30,0.6,High,3,3003,18,14,15
Optimal,2.5769059658050537,,44761.57667401059,7200.0,37561.57667401059,72.0,0.0,1931.576674010454,0.5829914044590558,0.25549956005429286,0.0,0.0,18.0,72.0,0.0,79.13333333333334,189.0,35610.0,2.611111111111111,4.0,3,0.02,30,0.6,High,4,3004,18,14,15
Optimal,2.388669967651367,,45287.58370948358,7200.0,38087.58370948358,72.0,0.0,1927.5837094834387,0.5829914044590558,0.254971390143312,0.0,0.0,18.0,72.0,0.0,80.26666666666667,170.0,36120.0,2.7222222222222223,4.0,3,0.02,30,0.6,High,5,3005,18,14,15
Optimal,3.465287923812866,,45355.07171027342,7200.0,38155.07171027342,72.0,0.0,1875.0717102733001,0.5829914044590558,0.2480253585017593,0.0,0.0,18.0,72.0,0.0,80.53333333333333,176.0,36240.0,2.7222222222222223,4.0,3,0.02,30,0.6,High,6,3006,18,14,15
Optimal,3.8830878734588623,,46145.67155708377,7200.0,38945.67155708377,72.0,0.0,1935.6715570836443,0.5829914044590558,0.25604121125445034,0.0,0.0,18.0,72.0,0.0,82.13333333333334,191.0,36960.0,2.611111111111111,4.0,3,0.02,30,0.6,High,7,3007,18,14,15
Optimal,2.411262035369873,,45926.93548649676,7200.0,38726.93548649676,72.0,0.0,1946.9354864966433,0.5829914044590558,0.25753114900749247,0.0,0.0,18.0,72.0,0.0,81.66666666666667,182.0,36750.0,2.5555555555555554,4.0,3,0.02,30,0.6,High,8,3008,18,14,15
Optimal,2.55324387550354,,44803.19630147152,7200.0,37603.19630147152,72.0,0.0,1933.196301471369,0.5829914044590558,0.25571379649092185,0.0,0.0,18.0,72.0,0.0,79.26666666666667,182.0,35670.0,2.4444444444444446,4.0,3,0.02,30,0.6,High,9,3009,18,14,15
Optimal,3.6118288040161133,,45854.47795322233,7200.0,38654.47795322233,72.0,0.0,1954.47795322223,0.5829914044590558,0.25852882979130026,0.0,0.0,18.0,72.0,0.0,81.46666666666667,185.0,36660.0,2.611111111111111,4.0,3,0.02,30,0.6,High,10,3010,18,14,15
Optimal,4.108103036880493,,45166.26437737071,7200.0,37966.26437737071,72.0,0.0,1936.2643773705613,0.5829914044590558,0.2561196266363176,0.0,0.0,18.0,72.0,0.0,80.06666666666666,185.0,36030.0,2.7777777777777777,4.0,3,0.02,30,0.6,High,11,3011,18,14,15
Optimal,3.967906951904297,,45322.879521369854,7200.0,38122.879521369854,72.0,0.0,1822.8795213697304,0.5829914044590558,0.2411216298108109,0.0,0.0,18.0,72.0,0.0,80.6,185.0,36270.0,2.6666666666666665,4.0,3,0.02,30,0.6,High,12,3012,18,14,15
Optimal,2.565253973007202,,45778.60602949609,7200.0,38578.60602949609,72.0,0.0,1948.606029495977,0.5829914044590558,0.25775212030370065,0.0,0.0,18.0,72.0,0.0,81.4,191.0,36630.0,2.7222222222222223,4.0,3,0.02,30,0.6,High,13,3013,18,14,15
Optimal,3.3481929302215576,,45245.46122685851,7200.0,38045.46122685851,72.0,0.0,1985.4612268583944,0.5829914044590558,0.26262714640984053,0.0,0.0,18.0,72.0,0.0,80.0,185.0,36000.0,2.7222222222222223,4.0,3,0.02,30,0.6,High,14,3014,18,14,15
Optimal,3.833575963973999,,45072.587737027556,7200.0,37872.587737027556,72.0,0.0,1927.58773702742,0.5829914044590558,0.25497192288722487,0.0,0.0,18.0,72.0,0.0,79.8,184.0,35910.0,2.9444444444444446,4.0,3,0.02,30,0.6,High,15,3015,18,14,15
Optimal,2.6060869693756104,,47411.67044999944,7100.0,40311.67044999944,71.0,0.0,1931.6704499993293,0.5829914044590558,0.25551196428562556,0.0,0.0,18.0,71.0,0.0,85.2,187.0,38340.0,2.388888888888889,4.0,3,0.02,30,0.6,High,16,3016,18,14,15
Optimal,2.6484673023223877,,44967.25941198894,7200.0,37767.25941198894,72.0,0.0,1947.2594119888263,0.5829914044590558,0.2575739962948183,0.0,0.0,18.0,72.0,0.0,79.6,185.0,35820.0,2.8333333333333335,4.0,3,0.02,30,0.6,High,17,3017,18,14,15
Optimal,3.5909528732299805,,45626.0659130995,7200.0,38426.0659130995,72.0,0.0,1926.0659130993613,0.5829914044590558,0.25477062342584145,0.0,0.0,18.0,72.0,0.0,81.0,184.0,36450.0,2.888888888888889,4.0,3,0.02,30,0.6,High,18,3018,18,14,15
Optimal,3.7595441341400146,,46947.05595215016,7200.0,39747.05595215016,72.0,0.0,1937.055952150012,0.5829914044590558,0.25622433229497515,0.0,0.0,18.0,72.0,0.0,83.93333333333334,188.0,37770.0,3.0,4.0,3,0.02,30,0.6,High,19,3019,18,14,15
Optimal,2.5563459396362305,,45156.12131582595,7100.0,38056.12131582595,71.0,0.0,1906.1213158258242,0.5829914044590558,0.25213244918331007,0.0,0.0,18.0,71.0,0.0,80.33333333333333,181.0,36150.0,2.7777777777777777,4.0,3,0.02,30,0.6,High,20,3020,18,14,15
Optimal,3.275360107421875,,45922.44929078291,7200.0,38722.44929078291,72.0,0.0,1987.4492907828158,0.5829914044590558,0.2628901178284148,0.0,0.0,18.0,72.0,0.0,81.4,183.0,36630.0,2.7222222222222223,4.0,3,0.02,30,0.6,High,21,3021,18,14,15
Optimal,3.7505271434783936,,46004.77526628848,7100.0,38904.77526628848,71.0,0.0,1914.7752662883904,0.5829914044590558,0.25327715162544845,0.0,0.0,18.0,71.0,0.0,82.13333333333334,185.0,36960.0,2.5555555555555554,4.0,3,0.02,30,0.6,High,22,3022,18,14,15
Optimal,2.668339252471924,,44078.33999207918,7200.0,36878.33999207918,72.0,0.0,1958.3399920790253,0.5829914044590558,0.25903968149193457,0.0,0.0,18.0,72.0,0.0,77.6,179.0,34920.0,2.6666666666666665,4.0,3,0.02,30,0.6,High,23,3023,18,14,15
Optimal,4.1856467723846436,,46228.08887077992,7100.0,39128.08887077992,71.0,0.0,1878.0888707797853,0.5829914044590558,0.2484244538068499,0.0,0.0,18.0,71.0,0.0,82.73333333333333,185.0,37230.0,2.611111111111111,4.0,3,0.02,30,0.6,High,24,3024,18,14,15
Optimal,2.4734320640563965,,45891.225090368476,7200.0,38691.225090368476,72.0,0.0,1941.225090368345,0.5829914044590558,0.25677580560427843,0.0,0.0,18.0,72.0,0.0,81.66666666666667,188.0,36750.0,2.611111111111111,4.0,3,0.02,30,0.6,High,25,3025,18,14,15
Optimal,3.7990262508392334,,46676.95022976073,7200.0,39476.95022976073,72.0,0.0,1976.950229760622,0.5829914044590558,0.26150135314293943,0.0,0.0,18.0,72.0,0.0,83.2,190.0,37440.0,2.6666666666666665,4.0,3,0.02,30,0.6,High,26,3026,18,14,15
Optimal,3.729581117630005,,46348.84820068916,7100.0,39248.84820068916,71.0,0.0,1878.8482006890392,0.5829914044590558,0.24852489427103694,0.0,0.0,18.0,71.0,0.0,83.0,189.0,37350.0,2.2777777777777777,3.0,3,0.02,30,0.6,High,27,3027,18,14,15
Optimal,3.415668249130249,,45838.704574793504,7100.0,38738.704574793504,71.0,0.0,1908.704574793381,0.5829914044590558,0.25247415010494456,0.0,0.0,18.0,71.0,0.0,81.8,184.0,36810.0,2.7222222222222223,4.0,3,0.02,30,0.6,High,28,3028,18,14,15
Optimal,5.280472040176392,,45790.877907487826,7200.0,38590.877907487826,72.0,0.0,1930.8779074876693,0.5829914044590558,0.25540713062006204,0.0,0.0,18.0,72.0,0.0,81.46666666666667,185.0,36660.0,2.611111111111111,4.0,3,0.02,30,0.6,High,29,3029,18,14,15
Optimal,3.700608015060425,,46578.276331535424,7200.0,39378.276331535424,72.0,0.0,2013.2763315353163,0.5829914044590558,0.266306393060227,0.0,0.0,18.0,72.0,0.0,82.86666666666666,178.0,37290.0,2.5,4.0,3,0.02,30,0.6,High,30,3030,18,14,15
NO_SOLUTION,120.1053249835968,Solver timed out or no feasible solution found,,,,,,,,,,,,,,,,,,,4,0.02,30,0.7,Low,1,4001,12,10,5
NO_SOLUTION,120.18802118301392,Solver timed out or no feasible solution found,,,,,,,,,,,,,,,,,,,4,0.02,30,0.7,Low,2,4002,12,10,5
NO_SOLUTION,120.10711789131165,Solver timed out or no feasible solution found,,,,,,,,,,,,,,,,,,,4,0.02,30,0.7,Low,3,4003,12,10,5
NO_SOLUTION,120.09641814231873,Solver timed out or no feasible solution found,,,,,,,,,,,,,,,,,,,4,0.02,30,0.7,Low,4,4004,12,10,5
NO_SOLUTION,120.08981680870056,Solver timed out or no feasible solution found,,,,,,,,,,,,,,,,,,,4,0.02,30,0.7,Low,5,4005,12,10,5
NO_SOLUTION,120.12413215637207,Solver timed out or no feasible solution found,,,,,,,,,,,,,,,,,,,4,0.02,30,0.7,Low,6,4006,12,10,5
NO_SOLUTION,120.16239166259766,Solver timed out or no feasible solution found,,,,,,,,,,,,,,,,,,,4,0.02,30,0.7,Low,7,4007,12,10,5
NO_SOLUTION,120.13500595092773,Solver timed out or no feasible solution found,,,,,,,,,,,,,,,,,,,4,0.02,30,0.7,Low,8,4008,12,10,5
NO_SOLUTION,120.10350179672241,Solver timed out or no feasible solution found,,,,,,,,,,,,,,,,,,,4,0.02,30,0.7,Low,9,4009,12,10,5
NO_SOLUTION,120.10507798194885,Solver timed out or no feasible solution found,,,,,,,,,,,,,,,,,,,4,0.02,30,0.7,Low,10,4010,12,10,5
NO_SOLUTION,120.11333775520325,Solver timed out or no feasible solution found,,,,,,,,,,,,,,,,,,,4,0.02,30,0.7,Low,11,4011,12,10,5
NO_SOLUTION,120.10475492477417,Solver timed out or no feasible solution found,,,,,,,,,,,,,,,,,,,4,0.02,30,0.7,Low,12,4012,12,10,5
NO_SOLUTION,120.16764402389526,Solver timed out or no feasible solution found,,,,,,,,,,,,,,,,,,,4,0.02,30,0.7,Low,13,4013,12,10,5
NO_SOLUTION,120.11596584320068,Solver timed out or no feasible solution found,,,,,,,,,,,,,,,,,,,4,0.02,30,0.7,Low,14,4014,12,10,5
NO_SOLUTION,120.1098461151123,Solver timed out or no feasible solution found,,,,,,,,,,,,,,,,,,,4,0.02,30,0.7,Low,15,4015,12,10,5
NO_SOLUTION,120.10989832878113,Solver timed out or no feasible solution found,,,,,,,,,,,,,,,,,,,4,0.02,30,0.7,Low,16,4016,12,10,5
NO_SOLUTION,120.10673904418945,Solver timed out or no feasible solution found,,,,,,,,,,,,,,,,,,,4,0.02,30,0.7,Low,17,4017,12,10,5
NO_SOLUTION,120.10441017150879,Solver timed out or no feasible solution found,,,,,,,,,,,,,,,,,,,4,0.02,30,0.7,Low,18,4018,12,10,5
NO_SOLUTION,120.11800718307495,Solver timed out or no feasible solution found,,,,,,,,,,,,,,,,,,,4,0.02,30,0.7,Low,19,4019,12,10,5
NO_SOLUTION,120.1006600856781,Solver timed out or no feasible solution found,,,,,,,,,,,,,,,,,,,4,0.02,30,0.7,Low,20,4020,12,10,5
NO_SOLUTION,120.1001889705658,Solver timed out or no feasible solution found,,,,,,,,,,,,,,,,,,,4,0.02,30,0.7,Low,21,4021,12,10,5
NO_SOLUTION,120.09538197517395,Solver timed out or no feasible solution found,,,,,,,,,,,,,,,,,,,4,0.02,30,0.7,Low,22,4022,12,10,5
NO_SOLUTION,120.10701990127563,Solver timed out or no feasible solution found,,,,,,,,,,,,,,,,,,,4,0.02,30,0.7,Low,23,4023,12,10,5
NO_SOLUTION,120.14942502975464,Solver timed out or no feasible solution found,,,,,,,,,,,,,,,,,,,4,0.02,30,0.7,Low,24,4024,12,10,5
NO_SOLUTION,120.0990149974823,Solver timed out or no feasible solution found,,,,,,,,,,,,,,,,,,,4,0.02,30,0.7,Low,25,4025,12,10,5
NO_SOLUTION,120.1062548160553,Solver timed out or no feasible solution found,,,,,,,,,,,,,,,,,,,4,0.02,30,0.7,Low,26,4026,12,10,5
NO_SOLUTION,120.10079002380371,Solver timed out or no feasible solution found,,,,,,,,,,,,,,,,,,,4,0.02,30,0.7,Low,27,4027,12,10,5
NO_SOLUTION,120.10040593147278,Solver timed out or no feasible solution found,,,,,,,,,,,,,,,,,,,4,0.02,30,0.7,Low,28,4028,12,10,5
NO_SOLUTION,120.1068012714386,Solver timed out or no feasible solution found,,,,,,,,,,,,,,,,,,,4,0.02,30,0.7,Low,29,4029,12,10,5
NO_SOLUTION,120.15522289276123,Solver timed out or no feasible solution found,,,,,,,,,,,,,,,,,,,4,0.02,30,0.7,Low,30,4030,12,10,5
Optimal,3.0345709323883057,,40309.30861650836,7500.0,32809.30861650836,75.0,0.0,1934.308616508229,0.673433711166493,0.3070331137314649,35.0,0.0,15.0,75.0,0.0,64.6,121.0,25840.0,3.066666666666667,5.0,5,0.02,30,0.7,Medium,1,5001,15,14,10
Optimal,2.357262134552002,,41499.81322180258,7500.0,33999.81322180258,75.0,0.0,2019.813221802521,0.6896750596919948,0.32060527330198746,45.0,0.0,15.0,75.0,0.0,65.4,115.0,26160.0,3.8,5.0,5,0.02,30,0.7,Medium,2,5002,15,14,10
Optimal,2.578578233718872,,39776.1641416219,7500.0,32276.1641416219,75.0,0.0,2016.1641416217517,0.673433711166493,0.32002605422567487,56.0,0.0,15.0,75.0,0.0,62.0,115.0,24800.0,3.1333333333333333,5.0,5,0.02,30,0.7,Medium,3,5003,15,14,10
Optimal,3.262847900390625,,41046.11657807609,7500.0,33546.11657807609,75.0,0.0,2016.1165780759275,0.6896750596919948,0.32001850445649643,46.0,0.0,15.0,75.0,0.0,63.6,116.0,25440.0,3.6,5.0,5,0.02,30,0.7,Medium,4,5004,15,14,10
Optimal,2.588449001312256,,39269.92002491682,7500.0,31769.92002491682,75.0,0.0,2059.920024916806,0.695195045367471,0.32697143252647715,51.0,0.0,15.0,75.0,0.0,60.5,110.0,24200.0,3.2666666666666666,5.0,5,0.02,30,0.7,Medium,5,5005,15,14,10
Optimal,2.170104742050171,,43255.32278290178,7500.0,35755.32278290178,75.0,0.0,1975.3227829016644,0.673433711166493,0.3135432988732801,39.0,0.0,15.0,75.0,0.0,69.0,130.0,27600.0,3.0,5.0,5,0.02,30,0.7,Medium,6,5006,15,14,10
Optimal,2.331368923187256,,40670.02739320692,7500.0,33170.02739320692,75.0,0.0,1990.0273932068062,0.6896750596919948,0.31587736400108035,43.0,0.0,15.0,75.0,0.0,63.7,118.0,25480.0,3.0,4.0,5,0.02,30,0.7,Medium,7,5007,15,14,10
Optimal,2.1800479888916016,,40877.51987346522,7500.0,33377.51987346522,75.0,0.0,2032.5198734651442,0.6896750596919948,0.3226222021373245,42.0,0.0,15.0,75.0,0.0,65.0,124.0,26000.0,3.3333333333333335,5.0,5,0.02,30,0.7,Medium,8,5008,15,14,10
Optimal,3.4845876693725586,,41037.17188675209,7500.0,33537.17188675209,75.0,0.0,2007.1718867519253,0.6896750596919948,0.3185987121828453,41.0,0.0,15.0,75.0,0.0,65.0,125.0,26000.0,3.2666666666666666,5.0,5,0.02,30,0.7,Medium,9,5009,15,14,10
Optimal,2.7558813095092773,,40548.92956278202,7500.0,33048.92956278202,75.0,0.0,2038.9295627819351,0.695195045367471,0.32363961313998973,46.0,0.0,15.0,75.0,0.0,63.7,117.0,25480.0,3.0,4.0,5,0.02,30,0.7,Medium,10,5010,15,14,10
Optimal,2.624737024307251,,41076.190221729215,7500.0,33576.190221729215,75.0,0.0,2066.19022172908,0.6896750596919948,0.32796670186175875,41.0,0.0,15.0,75.0,0.0,62.7,117.0,25080.0,3.2666666666666666,5.0,5,0.02,30,0.7,Medium,11,5011,15,14,10
Optimal,2.585318088531494,,40325.69599721988,7500.0,32825.69599721988,75.0,0.0,1995.6959972197392,0.673433711166493,0.3167771424158316,49.0,0.0,15.0,75.0,0.0,63.5,126.0,25400.0,3.2,5.0,5,0.02,30,0.7,Medium,12,5012,15,14,10
Optimal,2.088242292404175,,40241.24213067558,7500.0,32741.24213067558,75.0,0.0,2001.2421306754245,0.673433711166493,0.3176574810595912,41.0,0.0,15.0,75.0,0.0,63.2,103.0,25280.0,3.4,5.0,5,0.02,30,0.7,Medium,13,5013,15,14,10
Optimal,3.089029312133789,,40094.83451580474,7500.0,32594.834515804738,75.0,0.0,1889.8345158046545,0.6896750596919948,0.29997373266740546,38.0,0.0,15.0,75.0,0.0,63.9,118.0,25560.0,2.8666666666666667,5.0,5,0.02,30,0.7,Medium,14,5014,15,14,10
Optimal,2.1152780055999756,,41092.275029917626,7500.0,33592.275029917626,75.0,0.0,2022.2750299175168,0.673433711166493,0.32099603649484393,37.0,0.0,15.0,75.0,0.0,65.8,121.0,26320.0,2.933333333333333,5.0,5,0.02,30,0.7,Medium,15,5015,15,14,10
Optimal,2.5056848526000977,,41245.65081217377,7500.0,33745.65081217377,75.0,0.0,1965.650812173688,0.673433711166493,0.31200806542439496,36.0,0.0,15.0,75.0,0.0,65.6,119.0,26240.0,2.933333333333333,4.0,5,0.02,30,0.7,Medium,16,5016,15,14,10
Optimal,1.9567601680755615,,40585.1872108098,7500.0,33085.1872108098,75.0,0.0,2080.187210809686,0.695195045367471,0.3301884461602676,54.0,0.0,15.0,75.0,0.0,63.1,119.0,25240.0,3.8666666666666667,5.0,5,0.02,30,0.7,Medium,17,5017,15,14,10
Optimal,2.508772134780884,,41316.32371899285,7500.0,33816.32371899285,75.0,0.0,2036.3237189927006,0.673433711166493,0.3232259871416985,47.0,0.0,15.0,75.0,0.0,64.3,119.0,25720.0,3.3333333333333335,4.0,5,0.02,30,0.7,Medium,18,5018,15,14,10
Optimal,3.1263344287872314,,42035.050279299154,7500.0,34535.050279299154,75.0,0.0,2025.0502792989942,0.673433711166493,0.3214365522696816,38.0,0.0,15.0,75.0,0.0,66.9,128.0,26760.0,3.1333333333333333,5.0,5,0.02,30,0.7,Medium,19,5019,15,14,10
Optimal,2.340479850769043,,41201.15654111465,7500.0,33701.15654111465,75.0,0.0,1976.1565411145054,0.673433711166493,0.31367564144674687,43.0,0.0,15.0,75.0,0.0,64.7,127.0,25880.0,3.533333333333333,5.0,5,0.02,30,0.7,Medium,20,5020,15,14,10
Optimal,2.008157968521118,,41550.836255955925,7500.0,34050.836255955925,75.0,0.0,1890.8362559558354,0.673433711166493,0.30013273904060883,33.0,0.0,15.0,75.0,0.0,66.8,126.0,26720.0,2.4,3.0,5,0.02,30,0.7,Medium,21,5021,15,14,10
Optimal,2.547675848007202,,40108.90755058743,7500.0,32608.907550587428,75.0,0.0,1928.9075505873186,0.673433711166493,0.30617580168052677,38.0,0.0,15.0,75.0,0.0,65.9,119.0,26360.0,3.466666666666667,5.0,5,0.02,30,0.7,Medium,22,5022,15,14,10
Optimal,2.4204812049865723,,40087.44877821805,7500.0,32587.44877821805,75.0,0.0,1957.4487782179074,0.673433711166493,0.3107061552726837,36.0,0.0,15.0,75.0,0.0,64.7,113.0,25880.0,3.1333333333333333,4.0,5,0.02,30,0.7,Medium,23,5023,15,14,10
Optimal,2.016355037689209,,40578.55271634844,7500.0,33078.55271634844,75.0,0.0,1988.5527163483102,0.6896750596919948,0.3156432883092556,44.0,0.0,15.0,75.0,0.0,63.9,112.0,25560.0,3.533333333333333,5.0,5,0.02,30,0.7,Medium,24,5024,15,14,10
Optimal,2.380794048309326,,40755.295541681,7500.0,33255.295541681,75.0,0.0,1965.2955416808918,0.673433711166493,0.31195167328268125,38.0,0.0,15.0,75.0,0.0,64.8,123.0,25920.0,3.066666666666667,5.0,5,0.02,30,0.7,Medium,25,5025,15,14,10
Optimal,2.705122947692871,,40386.32378707825,7500.0,32886.32378707825,75.0,0.0,1931.3237870781252,0.6896750596919948,0.3065593312822421,48.0,0.0,15.0,75.0,0.0,64.0,126.0,25600.0,3.7333333333333334,5.0,5,0.02,30,0.7,Medium,26,5026,15,14,10
Optimal,2.041849136352539,,41162.447594378806,7500.0,33662.447594378806,75.0,0.0,2072.447594378673,0.673433711166493,0.3289599356156624,37.0,0.0,15.0,75.0,0.0,65.3,118.0,26120.0,3.4,5.0,5,0.02,30,0.7,Medium,27,5027,15,14,10
Optimal,4.099751234054565,,41432.42898419518,7500.0,33932.42898419518,75.0,0.0,1962.428984195029,0.673433711166493,0.3114966641579411,35.0,0.0,15.0,75.0,0.0,65.5,126.0,26200.0,2.933333333333333,5.0,5,0.02,30,0.7,Medium,28,5028,15,14,10
Optimal,1.99501371383667,,40458.306356526824,7500.0,32958.306356526824,75.0,0.0,2048.3063565266766,0.695195045367471,0.3251279930994725,46.0,0.0,15.0,75.0,0.0,61.4,130.0,24560.0,3.2,5.0,5,0.02,30,0.7,Medium,29,5029,15,14,10
Optimal,3.5590829849243164,,38471.83185908771,7500.0,30971.83185908771,75.0,0.0,1991.8318590875222,0.673433711166493,0.31616378715674953,43.0,0.0,15.0,75.0,0.0,59.2,122.0,23680.0,3.066666666666667,5.0,5,0.02,30,0.7,Medium,30,5030,15,14,10
Optimal,4.700385093688965,,39102.80182575242,9000.0,30102.801825752424,90.0,0.0,2692.80182575228,0.6896750596919948,0.35619071769210053,59.0,0.0,18.0,90.0,0.0,60.86666666666667,132.0,27390.0,3.2777777777777777,5.0,6,0.02,30,0.7,High,1,6001,18,14,15
Optimal,3.9014852046966553,,39597.15233728858,9000.0,30597.15233728858,90.0,0.0,2757.152337288345,0.673433711166493,0.36470269011750595,56.0,0.0,18.0,90.0,0.0,61.733333333333334,161.0,27780.0,3.5,5.0,6,0.02,30,0.7,High,2,6002,18,14,15
Optimal,4.895388126373291,,41153.20514162435,9000.0,32153.20514162435,90.0,0.0,2823.20514162416,0.6896750596919948,0.37343983354816934,50.0,0.0,18.0,90.0,0.0,65.13333333333334,190.0,29310.0,3.111111111111111,5.0,6,0.02,30,0.7,High,3,6003,18,14,15
Optimal,4.384369134902954,,39679.997855397785,9000.0,30679.997855397785,90.0,0.0,2839.997855397647,0.673433711166493,0.37566109198381575,48.0,0.0,18.0,90.0,0.0,61.733333333333334,174.0,27780.0,2.611111111111111,3.0,6,0.02,30,0.7,High,4,6004,18,14,15
Optimal,3.498253107070923,,40920.87261933404,9000.0,31920.87261933404,90.0,0.0,2800.872619333827,0.673433711166493,0.3704857962081782,69.0,0.0,18.0,90.0,0.0,64.66666666666667,149.0,29100.0,3.611111111111111,5.0,6,0.02,30,0.7,High,5,6005,18,14,15
Optimal,2.9191741943359375,,41155.040474847876,9000.0,32155.040474847876,90.0,0.0,2775.040474847617,0.6896750596919948,0.36706884587931443,84.0,0.0,18.0,90.0,0.0,65.06666666666666,196.0,29280.0,4.055555555555555,5.0,6,0.02,30,0.7,High,6,6006,18,14,15
Optimal,5.22745680809021,,41722.98914238311,9000.0,32722.989142383107,90.0,0.0,2812.989142382922,0.6896750596919948,0.3720885108972119,56.0,0.0,18.0,90.0,0.0,66.46666666666667,181.0,29910.0,3.3333333333333335,5.0,6,0.02,30,0.7,High,7,6007,18,14,15
Optimal,4.027732849121094,,41612.022695957676,9000.0,32612.022695957676,90.0,0.0,2812.0226959575116,0.673433711166493,0.3719606740684539,64.0,0.0,18.0,90.0,0.0,66.13333333333334,167.0,29760.0,3.3333333333333335,5.0,6,0.02,30,0.7,High,8,6008,18,14,15
Optimal,3.632812023162842,,40750.19016930304,9000.0,31750.190169303038,90.0,0.0,2800.190169302873,0.673433711166493,0.37039552504006257,59.0,0.0,18.0,90.0,0.0,64.2,164.0,28890.0,3.2222222222222223,5.0,6,0.02,30,0.7,High,9,6009,18,14,15
Optimal,3.438798666000366,,39437.86643555589,9000.0,30437.866435555887,90.0,0.0,2777.8664355556984,0.673433711166493,0.3674426502057802,55.0,0.0,18.0,90.0,0.0,61.4,153.0,27630.0,3.111111111111111,5.0,6,0.02,30,0.7,High,10,6010,18,14,15
Optimal,3.596658945083618,,38851.91612016395,9000.0,29851.91612016395,90.0,0.0,2781.9161201637485,0.673433711166493,0.36797832277298265,71.0,0.0,18.0,90.0,0.0,60.0,171.0,27000.0,3.6666666666666665,5.0,6,0.02,30,0.7,High,11,6011,18,14,15
Optimal,3.6062870025634766,,40189.96129545886,9000.0,31189.96129545886,90.0,0.0,2754.961295458633,0.673433711166493,0.3644128697696604,58.0,0.0,18.0,90.0,0.0,63.0,130.0,28350.0,3.5555555555555554,5.0,6,0.02,30,0.7,High,12,6012,18,14,15
Optimal,4.0628790855407715,,40329.057779689836,9000.0,31329.057779689836,90.0,0.0,2839.057779689671,0.6896750596919948,0.37553674334519455,56.0,0.0,18.0,90.0,0.0,63.266666666666666,164.0,28470.0,2.9444444444444446,5.0,6,0.02,30,0.7,High,13,6013,18,14,15
Optimal,4.216569900512695,,40137.66572799853,9000.0,31137.66572799853,90.0,0.0,2757.665727998349,0.6896750596919948,0.36477059894158054,60.0,0.0,18.0,90.0,0.0,63.0,126.0,28350.0,3.2777777777777777,5.0,6,0.02,30,0.7,High,14,6014,18,14,15
Optimal,2.9659130573272705,,40461.2334550495,9000.0,31461.2334550495,90.0,0.0,2771.2334550492815,0.673433711166493,0.36656527183191556,86.0,0.0,18.0,90.0,0.0,63.666666666666664,192.0,28650.0,3.6666666666666665,5.0,6,0.02,30,0.7,High,15,6015,18,14,15
Optimal,3.969233751296997,,39916.41071732856,9000.0,30916.41071732856,90.0,0.0,2796.4107173284165,0.695195045367471,0.36989559753021384,63.0,0.0,18.0,90.0,0.0,62.46666666666667,130.0,28110.0,2.9444444444444446,5.0,6,0.02,30,0.7,High,16,6016,18,14,15
Optimal,3.097476005554199,,41330.00153857842,9000.0,32330.00153857842,90.0,0.0,2730.0015385781917,0.673433711166493,0.3611113146267449,85.0,0.0,18.0,90.0,0.0,65.6,181.0,29520.0,3.7777777777777777,5.0,6,0.02,30,0.7,High,17,6017,18,14,15
Optimal,4.58388090133667,,40013.927502223894,9000.0,31013.927502223894,90.0,0.0,2803.9275022236793,0.6896750596919948,0.37088988124651845,58.0,0.0,18.0,90.0,0.0,62.53333333333333,170.0,28140.0,3.2777777777777777,5.0,6,0.02,30,0.7,High,18,6018,18,14,15
Optimal,3.5520780086517334,,40948.605028635015,9000.0,31948.605028635015,90.0,0.0,2688.605028634884,0.6896750596919948,0.3556355857982651,62.0,0.0,18.0,90.0,0.0,64.93333333333334,156.0,29220.0,3.1666666666666665,5.0,6,0.02,30,0.7,High,19,6019,18,14,15
Optimal,4.569492816925049,,40740.47544945851,9000.0,31740.475449458507,90.0,0.0,2840.4754494583553,0.6896750596919948,0.37572426580136975,51.0,0.0,18.0,90.0,0.0,64.2,187.0,28890.0,3.0555555555555554,5.0,6,0.02,30,0.7,High,20,6020,18,14,15
Optimal,3.8198981285095215,,40911.01962248409,9000.0,31911.01962248409,90.0,0.0,2806.01962248392,0.6896750596919948,0.37116661673067725,52.0,0.0,18.0,90.0,0.0,64.46666666666667,186.0,29010.0,3.2222222222222223,5.0,6,0.02,30,0.7,High,21,6021,18,14,15
Optimal,3.2654829025268555,,40824.59753965871,9000.0,31824.59753965871,90.0,0.0,2774.5975396584654,0.673433711166493,0.36701025656858005,72.0,0.0,18.0,90.0,0.0,64.53333333333333,187.0,29040.0,3.7222222222222223,5.0,6,0.02,30,0.7,High,22,6022,18,14,15
Optimal,4.246944904327393,,40788.91978582475,9000.0,31788.91978582475,90.0,0.0,2733.919785824499,0.673433711166493,0.36162960129953686,67.0,0.0,18.0,90.0,0.0,64.46666666666667,135.0,29010.0,3.5,5.0,6,0.02,30,0.7,High,23,6023,18,14,15
Optimal,4.223096132278442,,40031.55515218603,9000.0,31031.555152186033,90.0,0.0,2831.5551521858492,0.6896750596919948,0.3745443322997155,51.0,0.0,18.0,90.0,0.0,62.6,174.0,28170.0,2.9444444444444446,5.0,6,0.02,30,0.7,High,24,6024,18,14,15
Optimal,3.9522790908813477,,39579.48774150567,9000.0,30579.48774150567,90.0,0.0,2839.487741505493,0.673433711166493,0.37559361660125573,49.0,0.0,18.0,90.0,0.0,61.6,169.0,27720.0,3.2777777777777777,5.0,6,0.02,30,0.7,High,25,6025,18,14,15
Optimal,4.538057088851929,,40073.66742897269,9000.0,31073.667428972687,90.0,0.0,2833.6674289724915,0.6896750596919948,0.37482373399107033,46.0,0.0,18.0,90.0,0.0,62.666666666666664,182.0,28200.0,3.0,5.0,6,0.02,30,0.7,High,26,6026,18,14,15
Optimal,3.249582290649414,,41186.17812019447,9000.0,32186.17812019447,90.0,0.0,2796.1781201942467,0.695195045367471,0.3698648307135247,57.0,0.0,18.0,90.0,0.0,65.26666666666667,157.0,29370.0,3.2222222222222223,5.0,6,0.02,30,0.7,High,27,6027,18,14,15
Optimal,3.9412729740142822,,40588.253066331235,9000.0,31588.253066331235,90.0,0.0,2728.253066331075,0.673433711166493,0.36088003522897816,52.0,0.0,18.0,90.0,0.0,64.0,166.0,28800.0,2.9444444444444446,5.0,6,0.02,30,0.7,High,28,6028,18,14,15
Optimal,4.545340061187744,,39130.523914617384,9000.0,30130.523914617384,90.0,0.0,2790.5239146172025,0.6896750596919948,0.3691169199229104,56.0,0.0,18.0,90.0,0.0,60.666666666666664,174.0,27300.0,2.9444444444444446,5.0,6,0.02,30,0.7,High,29,6029,18,14,15
Optimal,3.410187005996704,,40062.078953731594,9000.0,31062.078953731594,90.0,0.0,2792.078953731381,0.673433711166493,0.3693226129274313,78.0,0.0,18.0,90.0,0.0,62.6,176.0,28170.0,3.0555555555555554,5.0,6,0.02,30,0.7,High,30,6030,18,14,15
NO_SOLUTION,120.09508490562439,Solver timed out or no feasible solution found,,,,,,,,,,,,,,,,,,,7,0.02,30,0.8,Low,1,7001,12,10,5
NO_SOLUTION,120.10070395469666,Solver timed out or no feasible solution found,,,,,,,,,,,,,,,,,,,7,0.02,30,0.8,Low,2,7002,12,10,5
NO_SOLUTION,120.10089111328125,Solver timed out or no feasible solution found,,,,,,,,,,,,,,,,,,,7,0.02,30,0.8,Low,3,7003,12,10,5
NO_SOLUTION,120.10322713851929,Solver timed out or no feasible solution found,,,,,,,,,,,,,,,,,,,7,0.02,30,0.8,Low,4,7004,12,10,5
NO_SOLUTION,120.10554599761963,Solver timed out or no feasible solution found,,,,,,,,,,,,,,,,,,,7,0.02,30,0.8,Low,5,7005,12,10,5
NO_SOLUTION,120.13659811019897,Solver timed out or no feasible solution found,,,,,,,,,,,,,,,,,,,7,0.02,30,0.8,Low,6,7006,12,10,5
NO_SOLUTION,120.10257506370544,Solver timed out or no feasible solution found,,,,,,,,,,,,,,,,,,,7,0.02,30,0.8,Low,7,7007,12,10,5
NO_SOLUTION,120.10286092758179,Solver timed out or no feasible solution found,,,,,,,,,,,,,,,,,,,7,0.02,30,0.8,Low,8,7008,12,10,5
NO_SOLUTION,120.11729216575623,Solver timed out or no feasible solution found,,,,,,,,,,,,,,,,,,,7,0.02,30,0.8,Low,9,7009,12,10,5
NO_SOLUTION,120.15521097183228,Solver timed out or no feasible solution found,,,,,,,,,,,,,,,,,,,7,0.02,30,0.8,Low,10,7010,12,10,5
NO_SOLUTION,120.15723991394043,Solver timed out or no feasible solution found,,,,,,,,,,,,,,,,,,,7,0.02,30,0.8,Low,11,7011,12,10,5
NO_SOLUTION,120.11573600769043,Solver timed out or no feasible solution found,,,,,,,,,,,,,,,,,,,7,0.02,30,0.8,Low,12,7012,12,10,5
NO_SOLUTION,120.16366219520569,Solver timed out or no feasible solution found,,,,,,,,,,,,,,,,,,,7,0.02,30,0.8,Low,13,7013,12,10,5
NO_SOLUTION,120.10268497467041,Solver timed out or no feasible solution found,,,,,,,,,,,,,,,,,,,7,0.02,30,0.8,Low,14,7014,12,10,5
NO_SOLUTION,120.10619378089905,Solver timed out or no feasible solution found,,,,,,,,,,,,,,,,,,,7,0.02,30,0.8,Low,15,7015,12,10,5
NO_SOLUTION,120.1096818447113,Solver timed out or no feasible solution found,,,,,,,,,,,,,,,,,,,7,0.02,30,0.8,Low,16,7016,12,10,5
NO_SOLUTION,120.146901845932,Solver timed out or no feasible solution found,,,,,,,,,,,,,,,,,,,7,0.02,30,0.8,Low,17,7017,12,10,5
NO_SOLUTION,120.10826897621155,Solver timed out or no feasible solution found,,,,,,,,,,,,,,,,,,,7,0.02,30,0.8,Low,18,7018,12,10,5
NO_SOLUTION,120.10447883605957,Solver timed out or no feasible solution found,,,,,,,,,,,,,,,,,,,7,0.02,30,0.8,Low,19,7019,12,10,5
NO_SOLUTION,120.10226774215698,Solver timed out or no feasible solution found,,,,,,,,,,,,,,,,,,,7,0.02,30,0.8,Low,20,7020,12,10,5
NO_SOLUTION,120.12719798088074,Solver timed out or no feasible solution found,,,,,,,,,,,,,,,,,,,7,0.02,30,0.8,Low,21,7021,12,10,5
NO_SOLUTION,120.29072690010071,Solver timed out or no feasible solution found,,,,,,,,,,,,,,,,,,,7,0.02,30,0.8,Low,22,7022,12,10,5
NO_SOLUTION,120.1978051662445,Solver timed out or no feasible solution found,,,,,,,,,,,,,,,,,,,7,0.02,30,0.8,Low,23,7023,12,10,5
NO_SOLUTION,120.15726494789124,Solver timed out or no feasible solution found,,,,,,,,,,,,,,,,,,,7,0.02,30,0.8,Low,24,7024,12,10,5
NO_SOLUTION,120.3292589187622,Solver timed out or no feasible solution found,,,,,,,,,,,,,,,,,,,7,0.02,30,0.8,Low,25,7025,12,10,5
NO_SOLUTION,120.18619894981384,Solver timed out or no feasible solution found,,,,,,,,,,,,,,,,,,,7,0.02,30,0.8,Low,26,7026,12,10,5
NO_SOLUTION,120.18850612640381,Solver timed out or no feasible solution found,,,,,,,,,,,,,,,,,,,7,0.02,30,0.8,Low,27,7027,12,10,5
NO_SOLUTION,120.20663332939148,Solver timed out or no feasible solution found,,,,,,,,,,,,,,,,,,,7,0.02,30,0.8,Low,28,7028,12,10,5
NO_SOLUTION,120.17188119888306,Solver timed out or no feasible solution found,,,,,,,,,,,,,,,,,,,7,0.02,30,0.8,Low,29,7029,12,10,5
NO_SOLUTION,120.19306802749634,Solver timed out or no feasible solution found,,,,,,,,,,,,,,,,,,,7,0.02,30,0.8,Low,30,7030,12,10,5
Optimal,7.2702178955078125,,33592.25054845531,10500.0,23092.25054845531,105.0,0.0,3132.2505484554417,0.7969447726236238,0.49718262673895897,93.0,0.0,15.0,105.0,0.0,38.6,45.0,15440.0,3.8666666666666667,5.0,8,0.02,30,0.8,Medium,1,8001,15,14,10
Optimal,5.947828054428101,,32665.51569645353,10500.0,22165.51569645353,105.0,0.0,3165.5156964536227,0.7969447726236238,0.5024628089608926,95.0,0.0,15.0,105.0,0.0,34.0,47.0,13600.0,4.333333333333333,7.0,8,0.02,30,0.8,Medium,2,8002,15,14,10
Optimal,5.040741205215454,,31739.221501813154,10500.0,21239.221501813154,105.0,0.0,3239.2215018133024,0.7969447726236238,0.5141621431449687,89.0,0.0,15.0,105.0,0.0,33.6,43.0,13440.0,3.6,5.0,8,0.02,30,0.8,Medium,3,8003,15,14,10
Optimal,8.114643812179565,,32721.612613750396,10500.0,22221.612613750396,105.0,0.0,3201.612613750547,0.7969447726236238,0.5081924783731027,92.0,0.0,15.0,105.0,0.0,35.5,46.0,14200.0,4.066666666666666,6.0,8,0.02,30,0.8,Medium,4,8004,15,14,10
Optimal,8.782615661621094,,32827.832645060895,10500.0,22327.832645060895,105.0,0.0,3197.8326450610653,0.7969447726236238,0.5075924833430262,87.0,0.0,15.0,105.0,0.0,36.9,48.0,14760.0,3.6,7.0,8,0.02,30,0.8,Medium,5,8005,15,14,10
Optimal,5.880093097686768,,32677.612346558006,10500.0,22177.612346558006,105.0,0.0,3157.6123465581477,0.7969447726236238,0.5012083089774837,87.0,0.0,15.0,105.0,0.0,36.0,48.0,14400.0,4.0,7.0,8,0.02,30,0.8,Medium,6,8006,15,14,10
Optimal,5.816946983337402,,33216.074999934965,10500.0,22716.074999934965,105.0,0.0,3236.074999935076,0.7969447726236238,0.513662698402393,105.0,0.0,15.0,105.0,0.0,36.0,45.0,14400.0,4.866666666666666,7.0,8,0.02,30,0.8,Medium,7,8007,15,14,10
Optimal,7.539578914642334,,35021.17138687001,10500.0,24521.17138687001,105.0,0.0,3241.171386870052,0.7969447726236238,0.5144716487095321,87.0,0.0,15.0,105.0,0.0,40.1,45.0,16040.0,3.4,6.0,8,0.02,30,0.8,Medium,8,8008,15,14,10
Optimal,5.475152015686035,,33212.41276578715,10500.0,22712.41276578715,105.0,0.0,3212.412765787256,0.7969447726236238,0.5099067882201994,98.0,0.0,15.0,105.0,0.0,35.3,49.0,14120.0,4.133333333333334,7.0,8,0.02,30,0.8,Medium,9,8009,15,14,10
Optimal,7.475507020950317,,33321.0052668655,10500.0,22821.005266865497,105.0,0.0,3236.0052668655985,0.7969447726236238,0.5136516296612061,86.0,0.0,15.0,105.0,0.0,36.2,46.0,14480.0,3.3333333333333335,6.0,8,0.02,30,0.8,Medium,10,8010,15,14,10
Optimal,8.478860139846802,,34139.2977820265,10500.0,23639.2977820265,105.0,0.0,3249.2977820265614,0.7969447726236238,0.5157615527026288,95.0,0.0,15.0,105.0,0.0,37.9,46.0,15160.0,3.466666666666667,6.0,8,0.02,30,0.8,Medium,11,8011,15,14,10
Optimal,4.569387674331665,,33148.12016156604,10500.0,22648.12016156604,105.0,0.0,3228.120161566167,0.7969447726236238,0.5124000256454233,87.0,0.0,15.0,105.0,0.0,35.4,47.0,14160.0,3.2,5.0,8,0.02,30,0.8,Medium,12,8012,15,14,10
Optimal,4.56202507019043,,34600.234919461436,10500.0,24100.234919461436,105.0,0.0,3160.234919461507,0.7969447726236238,0.5016245903907154,87.0,0.0,15.0,105.0,0.0,39.7,50.0,15880.0,4.0,7.0,8,0.02,30,0.8,Medium,13,8013,15,14,10
Optimal,4.7528040409088135,,33248.70566272748,10500.0,22748.70566272748,105.0,0.0,3248.7056627276324,0.7969447726236238,0.5156675655123226,92.0,0.0,15.0,105.0,0.0,35.0,45.0,14000.0,3.6666666666666665,6.0,8,0.02,30,0.8,Medium,14,8014,15,14,10
Optimal,8.37875509262085,,33235.70091585152,10500.0,22735.70091585152,105.0,0.0,3285.700915851665,0.7969447726236238,0.5215398279129627,87.0,0.0,15.0,105.0,0.0,36.1,41.0,14440.0,3.4,4.0,8,0.02,30,0.8,Medium,15,8015,15,14,10
Optimal,7.1566760540008545,,34177.0026294392,10500.0,23677.0026294392,105.0,0.0,3212.002629439257,0.7969447726236238,0.5098416872125805,80.0,0.0,15.0,105.0,0.0,38.2,48.0,15280.0,3.8666666666666667,7.0,8,0.02,30,0.8,Medium,16,8016,15,14,10
Optimal,8.177971124649048,,33766.83922384458,10500.0,23266.83922384458,105.0,0.0,3236.8392238446545,0.7969447726236238,0.5137840037848658,92.0,0.0,15.0,105.0,0.0,35.2,43.0,14080.0,3.6,7.0,8,0.02,30,0.8,Medium,17,8017,15,14,10
Optimal,8.016942739486694,,32542.822973864633,10500.0,22042.822973864633,105.0,0.0,3192.822973864783,0.7969447726236238,0.5067972974388544,87.0,0.0,15.0,105.0,0.0,35.4,43.0,14160.0,3.466666666666667,5.0,8,0.02,30,0.8,Medium,18,8018,15,14,10
Optimal,7.5237791538238525,,32548.67994350102,10500.0,22048.67994350102,105.0,0.0,3168.679943501149,0.7969447726236238,0.5029650703970078,100.0,0.0,15.0,105.0,0.0,35.9,46.0,14360.0,4.333333333333333,6.0,8,0.02,30,0.8,Medium,19,8019,15,14,10
Optimal,7.821153163909912,,34369.51383141032,10500.0,23869.513831410317,105.0,0.0,3209.513831410377,0.7969447726236238,0.509446639906409,89.0,0.0,15.0,105.0,0.0,38.2,43.0,15280.0,3.6666666666666665,7.0,8,0.02,30,0.8,Medium,20,8020,15,14,10
Optimal,4.58512282371521,,32757.581206606355,10500.0,22257.581206606355,105.0,0.0,3197.5812066064855,0.7969447726236238,0.5075525724772199,95.0,0.0,15.0,105.0,0.0,35.2,45.0,14080.0,4.0,7.0,8,0.02,30,0.8,Medium,21,8021,15,14,10
Optimal,4.244401931762695,,32009.32335155191,10500.0,21509.32335155191,105.0,0.0,3219.323351552075,0.7969447726236238,0.5110037065955675,89.0,0.0,15.0,105.0,0.0,33.9,40.0,13560.0,4.0,7.0,8,0.02,30,0.8,Medium,22,8022,15,14,10
Optimal,6.60729193687439,,32564.170459352863,10500.0,22064.170459352863,105.0,0.0,3184.1704593530053,0.7969447726236238,0.505423882436985,94.0,0.0,15.0,105.0,0.0,35.8,40.0,14320.0,4.0,7.0,8,0.02,30,0.8,Medium,23,8023,15,14,10
Optimal,7.710097312927246,,33373.515907771696,10500.0,22873.515907771696,105.0,0.0,3263.515907771807,0.7969447726236238,0.5180183980590171,88.0,0.0,15.0,105.0,0.0,37.4,43.0,14960.0,4.066666666666666,6.0,8,0.02,30,0.8,Medium,24,8024,15,14,10
Optimal,5.932828903198242,,32026.15786046401,10500.0,21526.15786046401,105.0,0.0,3206.157860464169,0.7969447726236238,0.5089139461054236,89.0,0.0,15.0,105.0,0.0,34.3,38.0,13720.0,3.8666666666666667,6.0,8,0.02,30,0.8,Medium,25,8025,15,14,10
Optimal,6.086008787155151,,34144.77498723947,10500.0,23644.77498723947,105.0,0.0,3204.7749872395143,0.7969447726236238,0.5086944424189705,103.0,0.0,15.0,105.0,0.0,38.3,44.0,15320.0,3.8,7.0,8,0.02,30,0.8,Medium,26,8026,15,14,10
Optimal,4.403297662734985,,33443.59302438568,10500.0,22943.59302438568,105.0,0.0,3193.5930243857943,0.7969447726236238,0.5069195276802848,93.0,0.0,15.0,105.0,0.0,36.5,45.0,14600.0,3.6666666666666665,7.0,8,0.02,30,0.8,Medium,27,8027,15,14,10
Optimal,8.379560232162476,,33250.036754335466,10500.0,22750.036754335466,105.0,0.0,3200.0367543355806,0.7969447726236238,0.5079423419580287,91.0,0.0,15.0,105.0,0.0,35.2,43.0,14080.0,3.7333333333333334,5.0,8,0.02,30,0.8,Medium,28,8028,15,14,10
Optimal,5.844018936157227,,33236.20100123634,10500.0,22736.20100123634,105.0,0.0,3246.2010012364663,0.7969447726236238,0.5152700001962645,97.0,0.0,15.0,105.0,0.0,35.9,45.0,14360.0,3.7333333333333334,5.0,8,0.02,30,0.8,Medium,29,8029,15,14,10
Optimal,9.075050115585327,,32084.611430786452,10500.0,21584.611430786452,105.0,0.0,3254.61143078659,0.7969447726236238,0.5166049890137444,94.0,0.0,15.0,105.0,0.0,32.7,39.0,13080.0,3.7333333333333334,5.0,8,0.02,30,0.8,Medium,30,8030,15,14,10
Optimal,6.580148935317993,,31221.676936889013,12600.0,18621.676936889013,126.0,0.0,3681.6769368891796,0.7969447726236238,0.48699430382132003,112.0,0.0,18.0,126.0,0.0,33.2,56.0,14940.0,4.555555555555555,7.0,9,0.02,30,0.8,High,1,9001,18,14,15
Optimal,9.969901084899902,,32692.11827936382,12600.0,20092.11827936382,126.0,0.0,3862.118279363976,0.7969447726236238,0.5108622062650762,109.0,0.0,18.0,126.0,0.0,36.06666666666667,59.0,16230.0,3.7222222222222223,7.0,9,0.02,30,0.8,High,2,9002,18,14,15
Optimal,7.33096718788147,,30121.651738113753,12600.0,17521.651738113753,126.0,0.0,3751.651738113916,0.7969447726236238,0.49625022990924816,112.0,0.0,18.0,126.0,0.0,30.6,48.0,13770.0,4.444444444444445,7.0,9,0.02,30,0.8,High,3,9003,18,14,15
Optimal,19.959017038345337,,31380.877009330943,12600.0,18780.877009330943,126.0,0.0,3740.877009331135,0.7969447726236238,0.4948250012342771,105.0,0.0,18.0,126.0,0.0,33.4,49.0,15030.0,4.055555555555555,7.0,9,0.02,30,0.8,High,4,9004,18,14,15
Optimal,9.966701984405518,,32064.97387528635,12600.0,19464.97387528635,126.0,0.0,3804.9738752865155,0.7969447726236238,0.5033034226569465,110.0,0.0,18.0,126.0,0.0,34.733333333333334,66.0,15630.0,4.333333333333333,7.0,9,0.02,30,0.8,High,5,9005,18,14,15
Optimal,7.4618330001831055,,32261.96565302991,12600.0,19661.96565302991,126.0,0.0,3791.9656530300604,0.7969447726236238,0.5015827583373096,122.0,0.0,18.0,126.0,0.0,35.266666666666666,52.0,15870.0,4.444444444444445,7.0,9,0.02,30,0.8,High,6,9006,18,14,15
Optimal,6.946714162826538,,31545.091169784555,12600.0,18945.091169784555,126.0,0.0,3765.09116978471,0.7969447726236238,0.49802793251120503,114.0,0.0,18.0,126.0,0.0,33.733333333333334,50.0,15180.0,4.222222222222222,7.0,9,0.02,30,0.8,High,7,9007,18,14,15
Optimal,6.530310869216919,,31491.69021603778,12600.0,18891.69021603778,126.0,0.0,3741.6902160379304,0.7969447726236238,0.4949325682589855,116.0,0.0,18.0,126.0,0.0,33.6,52.0,15120.0,4.777777777777778,7.0,9,0.02,30,0.8,High,8,9008,18,14,15
Optimal,10.574161052703857,,31132.2169113055,12600.0,18532.2169113055,126.0,0.0,3722.216911305655,0.7969447726236238,0.4923567342996898,111.0,0.0,18.0,126.0,0.0,32.86666666666667,54.0,14790.0,4.388888888888889,7.0,9,0.02,30,0.8,High,9,9009,18,14,15
Optimal,9.844964981079102,,32202.61438228354,12600.0,19602.61438228354,126.0,0.0,3712.6143822836784,0.7969447726236238,0.49108655850313204,118.0,0.0,18.0,126.0,0.0,35.266666666666666,54.0,15870.0,4.611111111111111,7.0,9,0.02,30,0.8,High,10,9010,18,14,15
Optimal,11.75510311126709,,31790.028461971902,12600.0,19190.028461971902,126.0,0.0,3770.0284619720114,0.7969447726236238,0.4986810134883613,105.0,0.0,18.0,126.0,0.0,34.266666666666666,56.0,15420.0,3.7222222222222223,7.0,9,0.02,30,0.8,High,11,9011,18,14,15
Optimal,12.200586080551147,,31755.94665704752,12600.0,19155.94665704752,126.0,0.0,3885.9466570476607,0.7969447726236238,0.5140141080750874,119.0,0.0,18.0,126.0,0.0,33.93333333333333,50.0,15270.0,3.611111111111111,7.0,9,0.02,30,0.8,High,12,9012,18,14,15
Optimal,7.94110894203186,,30859.460309882514,12600.0,18259.460309882514,126.0,0.0,3949.460309882691,0.7969447726236238,0.5224153849051179,113.0,0.0,18.0,126.0,0.0,31.8,59.0,14310.0,3.888888888888889,7.0,9,0.02,30,0.8,High,13,9013,18,14,15
Optimal,5.27549409866333,,31652.453585788644,12600.0,19052.453585788644,126.0,0.0,3782.453585788832,0.7969447726236238,0.5003245483847661,119.0,0.0,18.0,126.0,0.0,33.93333333333333,63.0,15270.0,3.888888888888889,7.0,9,0.02,30,0.8,High,14,9014,18,14,15
Optimal,6.986478090286255,,31306.161229060875,12600.0,18706.161229060875,126.0,0.0,3706.1612290610183,0.7969447726236238,0.490232966807013,115.0,0.0,18.0,126.0,0.0,33.333333333333336,55.0,15000.0,4.833333333333333,7.0,9,0.02,30,0.8,High,15,9015,18,14,15
Optimal,12.084121942520142,,30525.53328193977,12600.0,17925.53328193977,126.0,0.0,3775.5332819399487,0.7969447726236238,0.499409164277771,109.0,0.0,18.0,126.0,0.0,31.4,47.0,14130.0,3.888888888888889,7.0,9,0.02,30,0.8,High,16,9016,18,14,15
Optimal,11.73897409439087,,31049.728558436505,12600.0,18449.728558436505,126.0,0.0,3839.7285584366823,0.7969447726236238,0.5079006029678151,102.0,0.0,18.0,126.0,0.0,32.46666666666667,46.0,14610.0,4.166666666666667,6.0,9,0.02,30,0.8,High,17,9017,18,14,15
Optimal,13.231352090835571,,32612.69341146076,12600.0,20012.69341146076,126.0,0.0,3722.6934114608894,0.7969447726236238,0.49241976342075255,110.0,0.0,18.0,126.0,0.0,36.2,65.0,16290.0,4.0,7.0,9,0.02,30,0.8,High,18,9018,18,14,15
Optimal,11.893127202987671,,31034.58919559611,12600.0,18434.58919559611,126.0,0.0,3884.5891955962875,0.7969447726236238,0.5138345496820487,110.0,0.0,18.0,126.0,0.0,32.333333333333336,51.0,14550.0,3.611111111111111,5.0,9,0.02,30,0.8,High,19,9019,18,14,15
Optimal,9.551429748535156,,31888.03708016992,12600.0,19288.03708016992,126.0,0.0,3668.0370801700647,0.7969447726236238,0.48519008996958524,107.0,0.0,18.0,126.0,0.0,34.666666666666664,57.0,15600.0,4.333333333333333,7.0,9,0.02,30,0.8,High,20,9020,18,14,15
Optimal,10.838901042938232,,31480.175354147425,12600.0,18880.175354147425,126.0,0.0,3700.175354147622,0.7969447726236238,0.48944118441106105,101.0,0.0,18.0,126.0,0.0,33.733333333333334,64.0,15180.0,4.333333333333333,7.0,9,0.02,30,0.8,High,21,9021,18,14,15
Optimal,6.523673057556152,,32650.23928652696,12600.0,20050.23928652696,126.0,0.0,3780.2392865271313,0.7969447726236238,0.5000316516570279,107.0,0.0,18.0,126.0,0.0,36.13333333333333,59.0,16260.0,4.055555555555555,7.0,9,0.02,30,0.8,High,22,9022,18,14,15
Optimal,11.343759059906006,,31968.476797850646,12600.0,19368.476797850646,126.0,0.0,3798.476797850794,0.7969447726236238,0.5024440208797346,98.0,0.0,18.0,126.0,0.0,34.6,68.0,15570.0,3.7222222222222223,7.0,9,0.02,30,0.8,High,23,9023,18,14,15
Optimal,15.008081197738647,,31260.557251934293,12600.0,18660.557251934293,126.0,0.0,3900.5572519344805,0.7969447726236238,0.5159467264463599,108.0,0.0,18.0,126.0,0.0,32.8,47.0,14760.0,3.8333333333333335,5.0,9,0.02,30,0.8,High,24,9024,18,14,15
Optimal,6.7374701499938965,,32187.066123442837,12600.0,19587.066123442837,126.0,0.0,3717.066123442956,0.7969447726236238,0.4916754131538302,123.0,0.0,18.0,126.0,0.0,35.266666666666666,55.0,15870.0,4.666666666666667,7.0,9,0.02,30,0.8,High,25,9025,18,14,15
Optimal,13.407118797302246,,31646.158888718746,12600.0,19046.158888718746,126.0,0.0,3836.158888718925,0.7969447726236238,0.5074284244337203,110.0,0.0,18.0,126.0,0.0,33.8,55.0,15210.0,4.055555555555555,7.0,9,0.02,30,0.8,High,26,9026,18,14,15
Optimal,12.126930952072144,,30866.034140784872,12600.0,18266.034140784872,126.0,0.0,3836.0341407850315,0.7969447726236238,0.5074119233842634,120.0,0.0,18.0,126.0,0.0,32.06666666666667,59.0,14430.0,4.277777777777778,7.0,9,0.02,30,0.8,High,27,9027,18,14,15
Optimal,6.523998975753784,,31093.15541291677,12600.0,18493.15541291677,126.0,0.0,3763.1554129169385,0.7969447726236238,0.497771880015468,121.0,0.0,18.0,126.0,0.0,32.733333333333334,59.0,14730.0,5.222222222222222,7.0,9,0.02,30,0.8,High,28,9028,18,14,15
Optimal,6.970304012298584,,31262.336717370985,12600.0,18662.336717370985,126.0,0.0,3752.336717371153,0.7969447726236238,0.4963408356311049,114.0,0.0,18.0,126.0,0.0,33.13333333333333,53.0,14910.0,4.111111111111111,7.0,9,0.02,30,0.8,High,29,9029,18,14,15
Optimal,7.56744909286499,,32138.053136273447,12600.0,19538.053136273447,126.0,0.0,3688.053136273603,0.7969447726236238,0.48783771643830726,106.0,0.0,18.0,126.0,0.0,35.2,59.0,15840.0,3.7222222222222223,7.0,9,0.02,30,0.8,High,30,9030,18,14,15
NO_SOLUTION,120.13494873046875,Solver timed out or no feasible solution found,,,,,,,,,,,,,,,,,,,10,0.02,50,0.6,Low,1,10001,12,10,5
NO_SOLUTION,120.11832427978516,Solver timed out or no feasible solution found,,,,,,,,,,,,,,,,,,,10,0.02,50,0.6,Low,2,10002,12,10,5
NO_SOLUTION,120.11802506446838,Solver timed out or no feasible solution found,,,,,,,,,,,,,,,,,,,10,0.02,50,0.6,Low,3,10003,12,10,5
NO_SOLUTION,120.15707612037659,Solver timed out or no feasible solution found,,,,,,,,,,,,,,,,,,,10,0.02,50,0.6,Low,4,10004,12,10,5
NO_SOLUTION,120.1041522026062,Solver timed out or no feasible solution found,,,,,,,,,,,,,,,,,,,10,0.02,50,0.6,Low,5,10005,12,10,5
NO_SOLUTION,120.09551620483398,Solver timed out or no feasible solution found,,,,,,,,,,,,,,,,,,,10,0.02,50,0.6,Low,6,10006,12,10,5
NO_SOLUTION,120.10735607147217,Solver timed out or no feasible solution found,,,,,,,,,,,,,,,,,,,10,0.02,50,0.6,Low,7,10007,12,10,5
NO_SOLUTION,120.17632532119751,Solver timed out or no feasible solution found,,,,,,,,,,,,,,,,,,,10,0.02,50,0.6,Low,8,10008,12,10,5
NO_SOLUTION,120.17271208763123,Solver timed out or no feasible solution found,,,,,,,,,,,,,,,,,,,10,0.02,50,0.6,Low,9,10009,12,10,5
NO_SOLUTION,120.17200183868408,Solver timed out or no feasible solution found,,,,,,,,,,,,,,,,,,,10,0.02,50,0.6,Low,10,10010,12,10,5
NO_SOLUTION,120.10098385810852,Solver timed out or no feasible solution found,,,,,,,,,,,,,,,,,,,10,0.02,50,0.6,Low,11,10011,12,10,5
Optimal,53.25334310531616,,31953.28204159801,4800.0,27153.28204159801,48.0,0.0,1393.2820415980063,0.5997588184150682,0.2322136735996677,0.0,0.0,12.0,48.0,0.0,48.2,61.0,19280.0,2.8333333333333335,4.0,10,0.02,50,0.6,Low,12,10012,12,10,5
NO_SOLUTION,120.10403609275818,Solver timed out or no feasible solution found,,,,,,,,,,,,,,,,,,,10,0.02,50,0.6,Low,13,10013,12,10,5
NO_SOLUTION,120.11484408378601,Solver timed out or no feasible solution found,,,,,,,,,,,,,,,,,,,10,0.02,50,0.6,Low,14,10014,12,10,5
NO_SOLUTION,120.15894198417664,Solver timed out or no feasible solution found,,,,,,,,,,,,,,,,,,,10,0.02,50,0.6,Low,15,10015,12,10,5
NO_SOLUTION,120.17534279823303,Solver timed out or no feasible solution found,,,,,,,,,,,,,,,,,,,10,0.02,50,0.6,Low,16,10016,12,10,5
NO_SOLUTION,120.17856001853943,Solver timed out or no feasible solution found,,,,,,,,,,,,,,,,,,,10,0.02,50,0.6,Low,17,10017,12,10,5
NO_SOLUTION,120.22378015518188,Solver timed out or no feasible solution found,,,,,,,,,,,,,,,,,,,10,0.02,50,0.6,Low,18,10018,12,10,5
NO_SOLUTION,120.11650824546814,Solver timed out or no feasible solution found,,,,,,,,,,,,,,,,,,,10,0.02,50,0.6,Low,19,10019,12,10,5
NO_SOLUTION,120.10052990913391,Solver timed out or no feasible solution found,,,,,,,,,,,,,,,,,,,10,0.02,50,0.6,Low,20,10020,12,10,5
NO_SOLUTION,120.14130282402039,Solver timed out or no feasible solution found,,,,,,,,,,,,,,,,,,,10,0.02,50,0.6,Low,21,10021,12,10,5
NO_SOLUTION,120.09715604782104,Solver timed out or no feasible solution found,,,,,,,,,,,,,,,,,,,10,0.02,50,0.6,Low,22,10022,12,10,5
NO_SOLUTION,120.11279630661011,Solver timed out or no feasible solution found,,,,,,,,,,,,,,,,,,,10,0.02,50,0.6,Low,23,10023,12,10,5
NO_SOLUTION,120.10215401649475,Solver timed out or no feasible solution found,,,,,,,,,,,,,,,,,,,10,0.02,50,0.6,Low,24,10024,12,10,5
NO_SOLUTION,120.09800601005554,Solver timed out or no feasible solution found,,,,,,,,,,,,,,,,,,,10,0.02,50,0.6,Low,25,10025,12,10,5
NO_SOLUTION,120.14052820205688,Solver timed out or no feasible solution found,,,,,,,,,,,,,,,,,,,10,0.02,50,0.6,Low,26,10026,12,10,5
NO_SOLUTION,120.17718005180359,Solver timed out or no feasible solution found,,,,,,,,,,,,,,,,,,,10,0.02,50,0.6,Low,27,10027,12,10,5
NO_SOLUTION,120.11355209350586,Solver timed out or no feasible solution found,,,,,,,,,,,,,,,,,,,10,0.02,50,0.6,Low,28,10028,12,10,5
NO_SOLUTION,120.09875392913818,Solver timed out or no feasible solution found,,,,,,,,,,,,,,,,,,,10,0.02,50,0.6,Low,29,10029,12,10,5
NO_SOLUTION,120.10857605934143,Solver timed out or no feasible solution found,,,,,,,,,,,,,,,,,,,10,0.02,50,0.6,Low,30,10030,12,10,5
Optimal,1.7835979461669922,,43986.33728820662,6000.0,37986.33728820662,60.0,0.0,2176.3372882066515,0.5829914044590558,0.20727021792444297,0.0,0.0,15.0,60.0,0.0,77.4,124.0,30960.0,3.6,4.0,11,0.02,50,0.6,Medium,1,11001,15,14,10
Optimal,1.9677720069885254,,45398.29204173091,6000.0,39398.29204173091,60.0,0.0,2198.2920417309397,0.5829914044590558,0.20936114683151807,0.0,0.0,15.0,60.0,0.0,80.4,126.0,32160.0,2.933333333333333,4.0,11,0.02,50,0.6,Medium,2,11002,15,14,10
Optimal,1.8967139720916748,,44210.6568364708,6000.0,38210.6568364708,60.0,0.0,2300.656836470827,0.5829914044590558,0.2191101749019835,0.0,0.0,15.0,60.0,0.0,76.9,124.0,30760.0,2.6666666666666665,4.0,11,0.02,50,0.6,Medium,3,11003,15,14,10
Optimal,2.6553361415863037,,45893.62313158908,5900.0,39993.62313158908,59.0,0.0,2263.623131589098,0.5829914044590558,0.21558315538943792,0.0,0.0,15.0,59.0,0.0,80.4,125.0,32160.0,2.466666666666667,4.0,11,0.02,50,0.6,Medium,4,11004,15,14,10
Optimal,2.9157190322875977,,45633.35330869144,6000.0,39633.35330869144,60.0,0.0,2298.3533086914454,0.5829914044590558,0.2188907913039472,0.0,0.0,15.0,60.0,0.0,79.8,124.0,31920.0,2.466666666666667,4.0,11,0.02,50,0.6,Medium,5,11005,15,14,10
Optimal,2.863011121749878,,45201.4464294665,6000.0,39201.4464294665,60.0,0.0,2311.4464294665468,0.5829914044590558,0.22013775518729017,0.0,0.0,15.0,60.0,0.0,77.9,123.0,31160.0,2.8666666666666667,4.0,11,0.02,50,0.6,Medium,6,11006,15,14,10
Optimal,2.46882700920105,,45310.32170601372,6000.0,39310.32170601372,60.0,0.0,2280.32170601374,0.5829914044590558,0.21717349581083237,0.0,0.0,15.0,60.0,0.0,79.6,125.0,31840.0,2.933333333333333,4.0,11,0.02,50,0.6,Medium,7,11007,15,14,10
Optimal,3.4511752128601074,,43101.37419773002,6000.0,37101.37419773002,60.0,0.0,2296.3741977300538,0.5829914044590558,0.2187023045457194,0.0,0.0,15.0,60.0,0.0,75.5,121.0,30200.0,3.2,4.0,11,0.02,50,0.6,Medium,8,11008,15,14,10
Optimal,2.690403938293457,,45775.851094725695,5900.0,39875.851094725695,59.0,0.0,2105.8510947257323,0.5829914044590558,0.2005572471167364,0.0,0.0,15.0,59.0,0.0,80.4,125.0,32160.0,3.0,4.0,11,0.02,50,0.6,Medium,9,11009,15,14,10
Optimal,2.726902723312378,,43825.49621488544,6000.0,37825.49621488544,60.0,0.0,2315.4962148855043,0.5829914044590558,0.22052344903671467,0.0,0.0,15.0,60.0,0.0,74.2,117.0,29680.0,2.6666666666666665,4.0,11,0.02,50,0.6,Medium,10,11010,15,14,10
Optimal,1.991269826889038,,45989.979871770774,6000.0,39989.979871770774,60.0,0.0,2259.979871770777,0.5829914044590558,0.21523617826388353,0.0,0.0,15.0,60.0,0.0,80.0,128.0,32000.0,2.6666666666666665,4.0,11,0.02,50,0.6,Medium,11,11011,15,14,10
Optimal,2.7353711128234863,,46060.33331804425,6000.0,40060.33331804425,60.0,0.0,2290.333318044266,0.5829914044590558,0.21812698267088249,0.0,0.0,15.0,60.0,0.0,79.2,122.0,31680.0,2.533333333333333,4.0,11,0.02,50,0.6,Medium,12,11012,15,14,10
Optimal,3.1625049114227295,,45863.02968868572,6000.0,39863.02968868572,60.0,0.0,2313.029688685734,0.5829914044590558,0.22028854177959373,0.0,0.0,15.0,60.0,0.0,77.7,125.0,31080.0,2.6,4.0,11,0.02,50,0.6,Medium,13,11013,15,14,10
Optimal,2.5181429386138916,,45643.67184513534,6000.0,39643.67184513534,60.0,0.0,2333.671845135363,0.5829914044590558,0.22225446144146316,0.0,0.0,15.0,60.0,0.0,78.1,127.0,31240.0,2.533333333333333,4.0,11,0.02,50,0.6,Medium,14,11014,15,14,10
Optimal,2.828251838684082,,46568.30801092693,5900.0,40668.30801092693,59.0,0.0,2218.3080109269627,0.5829914044590558,0.2112674296120917,0.0,0.0,15.0,59.0,0.0,81.1,132.0,32440.0,2.8,4.0,11,0.02,50,0.6,Medium,15,11015,15,14,10
Optimal,2.5416369438171387,,45295.79465356271,6000.0,39295.79465356271,60.0,0.0,2285.7946535627084,0.5829914044590558,0.21769472891073416,0.0,0.0,15.0,60.0,0.0,78.7,126.0,31480.0,2.4,3.0,11,0.02,50,0.6,Medium,16,11016,15,14,10
Optimal,2.435905933380127,,46776.93004690028,6000.0,40776.93004690028,60.0,0.0,2316.930046900295,0.5829914044590558,0.2206600044666948,0.0,0.0,15.0,60.0,0.0,79.7,123.0,31880.0,2.466666666666667,4.0,11,0.02,50,0.6,Medium,17,11017,15,14,10
Optimal,1.8978192806243896,,45946.563524634395,6000.0,39946.563524634395,60.0,0.0,2266.5635246344305,0.5829914044590558,0.21586319282232672,0.0,0.0,15.0,60.0,0.0,79.1,123.0,31640.0,2.6666666666666665,4.0,11,0.02,50,0.6,Medium,18,11018,15,14,10
Optimal,2.9045379161834717,,46463.00316095541,5900.0,40563.00316095541,59.0,0.0,2163.003160955448,0.5829914044590558,0.206000301043376,0.0,0.0,15.0,59.0,0.0,82.3,127.0,32920.0,2.466666666666667,4.0,11,0.02,50,0.6,Medium,19,11019,15,14,10
Optimal,2.926424264907837,,45901.82587767962,6000.0,39901.82587767962,60.0,0.0,2151.825877679636,0.5829914044590558,0.20493579787425106,0.0,0.0,15.0,60.0,0.0,81.5,125.0,32600.0,3.1333333333333333,4.0,11,0.02,50,0.6,Medium,20,11020,15,14,10
Optimal,1.9393742084503174,,45512.0788283481,6000.0,39512.0788283481,60.0,0.0,2217.0788283481043,0.5829914044590558,0.21115036460458134,0.0,0.0,15.0,60.0,0.0,79.8,128.0,31920.0,2.8,4.0,11,0.02,50,0.6,Medium,21,11021,15,14,10
Optimal,3.4008917808532715,,46540.07467507992,6000.0,40540.07467507992,60.0,0.0,2200.0746750799494,0.5829914044590558,0.20953092143618565,0.0,0.0,15.0,60.0,0.0,82.8,128.0,33120.0,2.7333333333333334,4.0,11,0.02,50,0.6,Medium,22,11022,15,14,10
Optimal,3.1587438583374023,,45927.54606378424,6000.0,39927.54606378424,60.0,0.0,2307.5460637842802,0.5829914044590558,0.21976629178897908,0.0,0.0,15.0,60.0,0.0,78.3,123.0,31320.0,3.0,4.0,11,0.02,50,0.6,Medium,23,11023,15,14,10
Optimal,2.6222939491271973,,46067.80751554227,5900.0,40167.80751554227,59.0,0.0,2197.8075155422957,0.5829914044590558,0.20931500148021864,0.0,0.0,15.0,59.0,0.0,80.2,124.0,32080.0,2.533333333333333,4.0,11,0.02,50,0.6,Medium,24,11024,15,14,10
Optimal,2.735534906387329,,44988.993363448004,6000.0,38988.993363448004,60.0,0.0,2218.9933634480317,0.5829914044590558,0.21133270128076495,0.0,0.0,15.0,60.0,0.0,79.9,121.0,31960.0,3.0,4.0,11,0.02,50,0.6,Medium,25,11025,15,14,10
Optimal,2.523627996444702,,45739.85138206778,5900.0,39839.85138206778,59.0,0.0,2249.851382067788,0.5829914044590558,0.21427156019693222,0.0,0.0,15.0,59.0,0.0,79.9,125.0,31960.0,2.466666666666667,4.0,11,0.02,50,0.6,Medium,26,11026,15,14,10
Optimal,2.4368607997894287,,46917.314793764774,5900.0,41017.314793764774,59.0,0.0,2177.314793764768,0.5829914044590558,0.20736331369188268,0.0,0.0,15.0,59.0,0.0,83.3,133.0,33320.0,2.2666666666666666,3.0,11,0.02,50,0.6,Medium,27,11027,15,14,10
Optimal,2.363548994064331,,46669.20704321557,5900.0,40769.20704321557,59.0,0.0,2169.2070432155374,0.5829914044590558,0.20659114697290834,0.0,0.0,15.0,59.0,0.0,84.2,133.0,33680.0,2.8,4.0,11,0.02,50,0.6,Medium,28,11028,15,14,10
Optimal,1.8039722442626953,,45273.61588404493,6000.0,39273.61588404493,60.0,0.0,2143.615884044923,0.5829914044590558,0.2041538937185641,0.0,0.0,15.0,60.0,0.0,81.4,118.0,32560.0,2.6,4.0,11,0.02,50,0.6,Medium,29,11029,15,14,10
Optimal,2.3096399307250977,,47388.703062536915,6000.0,41388.703062536915,60.0,0.0,2428.7030625368593,0.5829914044590558,0.231305053574939,0.0,0.0,15.0,60.0,0.0,82.6,132.0,33040.0,2.7333333333333334,4.0,11,0.02,50,0.6,Medium,30,11030,15,14,10
Optimal,2.8130366802215576,,47535.4304667112,7200.0,40335.4304667112,72.0,0.0,3215.430466711257,0.5829914044590558,0.2551928941834331,0.0,0.0,18.0,72.0,0.0,82.46666666666667,181.0,37110.0,2.5555555555555554,4.0,12,0.02,50,0.6,High,1,12001,18,14,15
Optimal,2.5729899406433105,,47160.896370681,7200.0,39960.896370681,72.0,0.0,3170.896370681064,0.5829914044590558,0.25165844211754473,0.0,0.0,18.0,72.0,0.0,81.73333333333333,182.0,36780.0,2.6666666666666665,4.0,12,0.02,50,0.6,High,2,12002,18,14,15
Optimal,2.5340123176574707,,46332.04835363807,7200.0,39132.04835363807,72.0,0.0,3187.0483536381066,0.5829914044590558,0.25294034552683387,0.0,0.0,18.0,72.0,0.0,79.8,192.0,35910.0,2.611111111111111,4.0,12,0.02,50,0.6,High,3,12003,18,14,15
Optimal,2.6652908325195312,,47109.96605371251,7100.0,40009.96605371251,71.0,0.0,3169.9660537125555,0.5829914044590558,0.25158460743750444,0.0,0.0,18.0,71.0,0.0,81.86666666666666,192.0,36840.0,2.5555555555555554,4.0,12,0.02,50,0.6,High,4,12004,18,14,15
Optimal,2.587886095046997,,46082.23310172759,7200.0,38882.23310172759,72.0,0.0,3192.233101727652,0.5829914044590558,0.2533518334704486,0.0,0.0,18.0,72.0,0.0,79.26666666666667,182.0,35670.0,2.5,4.0,12,0.02,50,0.6,High,5,12005,18,14,15
Optimal,4.018236875534058,,48568.78164794761,7200.0,41368.78164794761,72.0,0.0,3373.781647947665,0.5829914044590558,0.26776044824981465,0.0,0.0,18.0,72.0,0.0,84.33333333333333,189.0,37950.0,2.2222222222222223,4.0,12,0.02,50,0.6,High,6,12006,18,14,15
Optimal,3.784564971923828,,44965.40091495305,7200.0,37765.40091495305,72.0,0.0,3195.400914953116,0.5829914044590558,0.2536032472185013,0.0,0.0,18.0,72.0,0.0,76.8,178.0,34560.0,3.3333333333333335,4.0,12,0.02,50,0.6,High,7,12007,18,14,15
Optimal,3.931769847869873,,46521.4194703715,7200.0,39321.4194703715,72.0,0.0,3361.4194703715107,0.5829914044590558,0.266779323045358,0.0,0.0,18.0,72.0,0.0,79.66666666666667,179.0,35850.0,2.3333333333333335,4.0,12,0.02,50,0.6,High,8,12008,18,14,15
Optimal,3.7425408363342285,,46638.9869191429,7100.0,39538.9869191429,71.0,0.0,3118.9869191429293,0.5829914044590558,0.24753864437642295,0.0,0.0,18.0,71.0,0.0,80.86666666666666,184.0,36390.0,2.5555555555555554,4.0,12,0.02,50,0.6,High,9,12009,18,14,15
Optimal,3.9668631553649902,,47492.915149989516,7200.0,40292.915149989516,72.0,0.0,3182.9151499894956,0.5829914044590558,0.2526123134912298,0.0,0.0,18.0,72.0,0.0,82.13333333333334,191.0,36960.0,2.611111111111111,4.0,12,0.02,50,0.6,High,10,12010,18,14,15
Optimal,2.3737778663635254,,45977.564194321014,7200.0,38777.564194321014,72.0,0.0,3257.5641943210767,0.5829914044590558,0.2585368408191331,0.0,0.0,18.0,72.0,0.0,78.93333333333334,178.0,35520.0,2.388888888888889,4.0,12,0.02,50,0.6,High,11,12011,18,14,15
Optimal,4.42970085144043,,46837.07757117182,7200.0,39637.07757117182,72.0,0.0,3157.077571171828,0.5829914044590558,0.2505617119977641,0.0,0.0,18.0,72.0,0.0,80.8,184.0,36360.0,2.5555555555555554,4.0,12,0.02,50,0.6,High,12,12012,18,14,15
Optimal,3.9092350006103516,,48288.69926577892,7200.0,41088.69926577892,72.0,0.0,3238.6992657789556,0.5829914044590558,0.25703962426817106,0.0,0.0,18.0,72.0,0.0,83.93333333333334,184.0,37770.0,2.611111111111111,4.0,12,0.02,50,0.6,High,13,12013,18,14,15
Optimal,3.4257638454437256,,45892.37381774488,7250.0,38642.37381774488,71.0,1.0,3292.3738177449154,0.5829914044590558,0.26129950934483454,0.0,0.0,18.0,71.0,1.0,78.4,181.0,35280.0,2.5555555555555554,4.0,12,0.02,50,0.6,High,14,12014,18,14,15
Optimal,4.214850902557373,,46875.07588291599,7100.0,39775.07588291599,71.0,0.0,3115.075882916024,0.5829914044590558,0.24722824467587493,0.0,0.0,18.0,71.0,0.0,81.46666666666667,180.0,36660.0,2.5555555555555554,4.0,12,0.02,50,0.6,High,15,12015,18,14,15
Optimal,3.327716112136841,,47396.45239798611,7200.0,40196.45239798611,72.0,0.0,3126.4523979861215,0.5829914044590558,0.24813114269731124,0.0,0.0,18.0,72.0,0.0,82.2,189.0,36990.0,2.888888888888889,4.0,12,0.02,50,0.6,High,16,12016,18,14,15
Optimal,3.2192370891571045,,46912.636207324795,7200.0,39712.636207324795,72.0,0.0,3312.636207324834,0.5829914044590558,0.26290763550197094,0.0,0.0,18.0,72.0,0.0,80.66666666666667,180.0,36300.0,2.3333333333333335,4.0,12,0.02,50,0.6,High,17,12017,18,14,15
Optimal,3.7265548706054688,,46726.326685759894,7200.0,39526.326685759894,72.0,0.0,3251.326696448186,0.5829914044590558,0.25804180130541154,0.0,0.0,18.0,72.0,0.0,80.46666666750664,180.0,36210.00000037799,2.888888888888889,4.0,12,0.02,50,0.6,High,18,12018,18,14,15
Optimal,3.2510619163513184,,46952.13197715546,7200.0,39752.13197715546,72.0,0.0,3142.13197715552,0.5829914044590558,0.2493755537425016,0.0,0.0,18.0,72.0,0.0,81.13333333333334,177.0,36510.0,2.5,4.0,12,0.02,50,0.6,High,19,12019,18,14,15
Optimal,3.10876202583313,,48457.63091464105,7100.0,41357.63091464105,71.0,0.0,3067.630914641094,0.5829914044590558,0.24346277100326144,0.0,0.0,18.0,71.0,0.0,85.0,183.0,38250.0,2.611111111111111,4.0,12,0.02,50,0.6,High,20,12020,18,14,15
Optimal,3.23763108253479,,47323.38601804305,7200.0,40123.38601804305,72.0,0.0,3218.3860180430147,0.5829914044590558,0.2554274617494456,0.0,0.0,18.0,72.0,0.0,81.6,182.0,36720.0,2.5,4.0,12,0.02,50,0.6,High,21,12021,18,14,15
Optimal,3.611717939376831,,47263.772722518974,7200.0,40063.772722518974,72.0,0.0,3293.7727225190215,0.5829914044590558,0.26141053353325566,0.0,0.0,18.0,72.0,0.0,81.6,176.0,36720.0,2.8333333333333335,4.0,12,0.02,50,0.6,High,22,12022,18,14,15
Optimal,2.6081838607788086,,47806.42724572455,7200.0,40606.42724572455,72.0,0.0,3246.4272457246216,0.5829914044590558,0.25765295600989063,0.0,0.0,18.0,72.0,0.0,83.0,186.0,37350.0,2.388888888888889,4.0,12,0.02,50,0.6,High,23,12023,18,14,15
Optimal,2.5285401344299316,,47336.45127545978,7200.0,40136.45127545978,72.0,0.0,3176.451275459847,0.5829914044590558,0.2520993075761783,0.0,0.0,18.0,72.0,0.0,82.13333333333334,188.0,36960.0,2.3333333333333335,4.0,12,0.02,50,0.6,High,24,12024,18,14,15
Optimal,3.5387063026428223,,47690.9362545377,7200.0,40490.9362545377,72.0,0.0,3250.9362545377535,0.5829914044590558,0.25801081385220265,0.0,0.0,18.0,72.0,0.0,82.66666666666667,186.0,37200.0,2.888888888888889,4.0,12,0.02,50,0.6,High,25,12025,18,14,15
Optimal,3.914590835571289,,46767.220755935276,7200.0,39567.220755935276,72.0,0.0,3232.2207559352955,0.5829914044590558,0.25652545682026157,0.0,0.0,18.0,72.0,0.0,80.46666666666667,179.0,36210.0,2.7777777777777777,4.0,12,0.02,50,0.6,High,26,12026,18,14,15
Optimal,3.8429229259490967,,47207.721571722504,7200.0,40007.721571722504,72.0,0.0,3297.721571722555,0.5829914044590558,0.26172393426369484,0.0,0.0,18.0,72.0,0.0,81.53333333333333,181.0,36690.0,2.388888888888889,4.0,12,0.02,50,0.6,High,27,12027,18,14,15
Optimal,2.4588370323181152,,47355.01236802059,7200.0,40155.01236802059,72.0,0.0,3225.0123680206384,0.5829914044590558,0.2559533625413205,0.0,0.0,18.0,72.0,0.0,81.93333333333334,182.0,36870.0,2.4444444444444446,4.0,12,0.02,50,0.6,High,28,12028,18,14,15
Optimal,4.152572870254517,,47188.29099096449,7200.0,39988.29099096449,72.0,0.0,3318.290990964519,0.5829914044590558,0.2633564278543269,0.0,0.0,18.0,72.0,0.0,81.4,183.0,36630.0,2.611111111111111,4.0,12,0.02,50,0.6,High,29,12029,18,14,15
Optimal,3.0274851322174072,,47100.45867192302,7200.0,39900.45867192302,72.0,0.0,3100.458671923051,0.5829914044590558,0.2460681485653215,0.0,0.0,18.0,72.0,0.0,81.66666666666667,182.0,36750.0,2.5555555555555554,4.0,12,0.02,50,0.6,High,30,12030,18,14,15
NO_SOLUTION,120.09129118919373,Solver timed out or no feasible solution found,,,,,,,,,,,,,,,,,,,13,0.02,50,0.7,Low,1,13001,12,10,5
NO_SOLUTION,120.1093339920044,Solver timed out or no feasible solution found,,,,,,,,,,,,,,,,,,,13,0.02,50,0.7,Low,2,13002,12,10,5
NO_SOLUTION,120.16187906265259,Solver timed out or no feasible solution found,,,,,,,,,,,,,,,,,,,13,0.02,50,0.7,Low,3,13003,12,10,5
Optimal,2.1612091064453125,,28501.320957515996,6000.0,22501.320957515996,60.0,0.0,2101.320957516035,0.6988057880877978,0.35022015958600583,21.0,0.0,12.0,60.0,0.0,34.0,61.0,13600.0,3.3333333333333335,5.0,13,0.02,50,0.7,Low,4,13004,12,10,5
NO_SOLUTION,120.08726787567139,Solver timed out or no feasible solution found,,,,,,,,,,,,,,,,,,,13,0.02,50,0.7,Low,5,13005,12,10,5
NO_SOLUTION,120.09569525718689,Solver timed out or no feasible solution found,,,,,,,,,,,,,,,,,,,13,0.02,50,0.7,Low,6,13006,12,10,5
NO_SOLUTION,120.10311198234558,Solver timed out or no feasible solution found,,,,,,,,,,,,,,,,,,,13,0.02,50,0.7,Low,7,13007,12,10,5
NO_SOLUTION,120.1147530078888,Solver timed out or no feasible solution found,,,,,,,,,,,,,,,,,,,13,0.02,50,0.7,Low,8,13008,12,10,5
NO_SOLUTION,120.19368290901184,Solver timed out or no feasible solution found,,,,,,,,,,,,,,,,,,,13,0.02,50,0.7,Low,9,13009,12,10,5
NO_SOLUTION,120.26319694519043,Solver timed out or no feasible solution found,,,,,,,,,,,,,,,,,,,13,0.02,50,0.7,Low,10,13010,12,10,5
NO_SOLUTION,120.15843272209167,Solver timed out or no feasible solution found,,,,,,,,,,,,,,,,,,,13,0.02,50,0.7,Low,11,13011,12,10,5
NO_SOLUTION,120.16006994247437,Solver timed out or no feasible solution found,,,,,,,,,,,,,,,,,,,13,0.02,50,0.7,Low,12,13012,12,10,5
NO_SOLUTION,120.16066098213196,Solver timed out or no feasible solution found,,,,,,,,,,,,,,,,,,,13,0.02,50,0.7,Low,13,13013,12,10,5
NO_SOLUTION,120.17942190170288,Solver timed out or no feasible solution found,,,,,,,,,,,,,,,,,,,13,0.02,50,0.7,Low,14,13014,12,10,5
NO_SOLUTION,120.15711402893066,Solver timed out or no feasible solution found,,,,,,,,,,,,,,,,,,,13,0.02,50,0.7,Low,15,13015,12,10,5
NO_SOLUTION,120.29683113098145,Solver timed out or no feasible solution found,,,,,,,,,,,,,,,,,,,13,0.02,50,0.7,Low,16,13016,12,10,5
NO_SOLUTION,120.22629880905151,Solver timed out or no feasible solution found,,,,,,,,,,,,,,,,,,,13,0.02,50,0.7,Low,17,13017,12,10,5
NO_SOLUTION,120.15724992752075,Solver timed out or no feasible solution found,,,,,,,,,,,,,,,,,,,13,0.02,50,0.7,Low,18,13018,12,10,5
NO_SOLUTION,120.20692896842957,Solver timed out or no feasible solution found,,,,,,,,,,,,,,,,,,,13,0.02,50,0.7,Low,19,13019,12,10,5
NO_SOLUTION,120.16393303871155,Solver timed out or no feasible solution found,,,,,,,,,,,,,,,,,,,13,0.02,50,0.7,Low,20,13020,12,10,5
NO_SOLUTION,120.15888690948486,Solver timed out or no feasible solution found,,,,,,,,,,,,,,,,,,,13,0.02,50,0.7,Low,21,13021,12,10,5
NO_SOLUTION,120.1614339351654,Solver timed out or no feasible solution found,,,,,,,,,,,,,,,,,,,13,0.02,50,0.7,Low,22,13022,12,10,5
NO_SOLUTION,120.15995287895203,Solver timed out or no feasible solution found,,,,,,,,,,,,,,,,,,,13,0.02,50,0.7,Low,23,13023,12,10,5
NO_SOLUTION,120.1542558670044,Solver timed out or no feasible solution found,,,,,,,,,,,,,,,,,,,13,0.02,50,0.7,Low,24,13024,12,10,5
NO_SOLUTION,120.20338106155396,Solver timed out or no feasible solution found,,,,,,,,,,,,,,,,,,,13,0.02,50,0.7,Low,25,13025,12,10,5
NO_SOLUTION,120.15370011329651,Solver timed out or no feasible solution found,,,,,,,,,,,,,,,,,,,13,0.02,50,0.7,Low,26,13026,12,10,5
NO_SOLUTION,120.16243267059326,Solver timed out or no feasible solution found,,,,,,,,,,,,,,,,,,,13,0.02,50,0.7,Low,27,13027,12,10,5
NO_SOLUTION,120.16722893714905,Solver timed out or no feasible solution found,,,,,,,,,,,,,,,,,,,13,0.02,50,0.7,Low,28,13028,12,10,5
NO_SOLUTION,120.16461205482483,Solver timed out or no feasible solution found,,,,,,,,,,,,,,,,,,,13,0.02,50,0.7,Low,29,13029,12,10,5
NO_SOLUTION,120.19157195091248,Solver timed out or no feasible solution found,,,,,,,,,,,,,,,,,,,13,0.02,50,0.7,Low,30,13030,12,10,5
Optimal,2.2741751670837402,,43093.54785952616,7500.0,35593.54785952616,75.0,0.0,3213.5478595262534,0.673433711166493,0.3060521770977384,42.0,0.0,15.0,75.0,0.0,66.2,125.0,26480.0,3.466666666666667,5.0,14,0.02,50,0.7,Medium,1,14001,15,14,10
Optimal,3.23598575592041,,41621.2462953259,7500.0,34121.2462953259,75.0,0.0,3201.2462953260515,0.673433711166493,0.3048805995548621,42.0,0.0,15.0,75.0,0.0,65.0,121.0,26000.0,3.6,5.0,14,0.02,50,0.7,Medium,2,14002,15,14,10
Optimal,3.6692991256713867,,40856.24110455291,7500.0,33356.24110455291,75.0,0.0,3266.2411045529693,0.6896750596919948,0.3110705813859971,45.0,0.0,15.0,75.0,0.0,62.6,118.0,25040.0,3.6,5.0,14,0.02,50,0.7,Medium,3,14003,15,14,10
Optimal,1.9808051586151123,,42494.16439504968,7500.0,34994.16439504968,75.0,0.0,3344.1643950498146,0.673433711166493,0.3184918471476014,41.0,0.0,15.0,75.0,0.0,64.2,129.0,25680.0,3.466666666666667,5.0,14,0.02,50,0.7,Medium,4,14004,15,14,10
Optimal,2.4977829456329346,,43301.56092787197,7500.0,35801.56092787197,75.0,0.0,3241.5609278720767,0.673433711166493,0.3087200883687692,50.0,0.0,15.0,75.0,0.0,66.4,124.0,26560.0,4.133333333333334,5.0,14,0.02,50,0.7,Medium,5,14005,15,14,10
Optimal,2.3330578804016113,,40660.68935926843,7500.0,33160.68935926843,75.0,0.0,3360.6893592685715,0.673433711166493,0.3200656532636735,42.0,0.0,15.0,75.0,0.0,60.6,115.0,24240.0,3.4,5.0,14,0.02,50,0.7,Medium,6,14006,15,14,10
Optimal,2.415947914123535,,41591.87487442627,7500.0,34091.87487442627,75.0,0.0,3221.8748744263935,0.673433711166493,0.30684522613584697,44.0,0.0,15.0,75.0,0.0,64.4,126.0,25760.0,3.533333333333333,5.0,14,0.02,50,0.7,Medium,7,14007,15,14,10
Optimal,4.823271751403809,,40967.47534064015,7500.0,33467.47534064015,75.0,0.0,3227.4753406403015,0.673433711166493,0.3073786038705049,53.0,0.0,15.0,75.0,0.0,62.7,123.0,25080.0,3.2666666666666666,5.0,14,0.02,50,0.7,Medium,8,14008,15,14,10
Optimal,2.238248825073242,,42521.32148178232,7500.0,35021.32148178232,75.0,0.0,3361.3214817824405,0.673433711166493,0.3201258554078515,43.0,0.0,15.0,75.0,0.0,63.7,123.0,25480.0,3.3333333333333335,5.0,14,0.02,50,0.7,Medium,9,14009,15,14,10
Optimal,2.5415849685668945,,41911.50427706425,7500.0,34411.50427706425,75.0,0.0,3271.5042770644004,0.695195045367471,0.31157183591089527,49.0,0.0,15.0,75.0,0.0,62.7,116.0,25080.0,3.8,5.0,14,0.02,50,0.7,Medium,10,14010,15,14,10
Optimal,3.28075909614563,,42250.11025912632,7500.0,34750.11025912632,75.0,0.0,3250.1102591264407,0.6896750596919948,0.30953431039299434,36.0,0.0,15.0,75.0,0.0,65.7,124.0,26280.0,3.0,5.0,14,0.02,50,0.7,Medium,11,14011,15,14,10
Optimal,3.1472578048706055,,43418.20469491049,7500.0,35918.20469491049,75.0,0.0,3243.204694910624,0.695195045367471,0.3088766376105356,50.0,0.0,15.0,75.0,0.0,68.2,114.0,27280.0,3.7333333333333334,5.0,14,0.02,50,0.7,Medium,12,14012,15,14,10
Optimal,2.7264628410339355,,42086.41292023747,7500.0,34586.41292023747,75.0,0.0,3216.4129202376116,0.673433711166493,0.30632504002262967,41.0,0.0,15.0,75.0,0.0,65.4,125.0,26160.0,3.1333333333333333,5.0,14,0.02,50,0.7,Medium,13,14013,15,14,10
Optimal,2.392534017562866,,42011.25533458808,7550.0,34461.25533458808,74.0,1.0,2996.2553345881884,0.673433711166493,0.2853576509131608,47.0,0.0,15.0,74.0,1.0,67.0,121.0,26800.0,4.133333333333334,5.0,14,0.02,50,0.7,Medium,14,14014,15,14,10
Optimal,2.225452184677124,,42171.942151514944,7500.0,34671.942151514944,75.0,0.0,3241.942151515071,0.6896750596919946,0.3087563953823877,53.0,0.0,15.0,75.0,0.0,64.9,128.0,25960.0,3.466666666666667,5.0,14,0.02,50,0.7,Medium,15,14015,15,14,10
Optimal,3.3592400550842285,,41955.1545319729,7500.0,34455.1545319729,75.0,0.0,3275.1545319730235,0.6896750596919948,0.31191947923552604,33.0,0.0,15.0,75.0,0.0,64.3,126.0,25720.0,2.8,5.0,14,0.02,50,0.7,Medium,16,14016,15,14,10
Optimal,3.2458279132843018,,42692.789961334456,7500.0,35192.789961334456,75.0,0.0,3242.7899613345962,0.673433711166493,0.3088371391747235,50.0,0.0,15.0,75.0,0.0,65.1,128.0,26040.0,3.8666666666666667,5.0,14,0.02,50,0.7,Medium,17,14017,15,14,10
Optimal,2.8289620876312256,,41352.825758885934,7500.0,33852.825758885934,75.0,0.0,3162.8257588860774,0.673433711166493,0.30122150084629307,38.0,0.0,15.0,75.0,0.0,63.1,122.0,25240.0,3.4,5.0,14,0.02,50,0.7,Medium,18,14018,15,14,10
Optimal,2.132652997970581,,42794.038249198595,7500.0,35294.038249198595,75.0,0.0,3194.038249198705,0.673433711166493,0.30419411897130527,34.0,0.0,15.0,75.0,0.0,66.1,125.0,26440.0,3.1333333333333333,5.0,14,0.02,50,0.7,Medium,19,14019,15,14,10
Optimal,1.5374319553375244,,40918.28651275187,7500.0,33418.28651275187,75.0,0.0,3228.286512751977,0.673433711166493,0.30745585835733114,46.0,0.0,15.0,75.0,0.0,62.0,115.0,24800.0,3.6,5.0,14,0.02,50,0.7,Medium,20,14020,15,14,10
Optimal,3.130589008331299,,41147.52347546227,7500.0,33647.52347546227,75.0,0.0,3137.5234754623843,0.673433711166493,0.2988117595678461,39.0,0.0,15.0,75.0,0.0,64.7,126.0,25880.0,3.2666666666666666,5.0,14,0.02,50,0.7,Medium,21,14021,15,14,10
Optimal,1.982400894165039,,42134.85144981923,7500.0,34634.85144981923,75.0,0.0,3134.8514498193163,0.673433711166493,0.298557280935173,43.0,0.0,15.0,75.0,0.0,65.5,120.0,26200.0,3.6666666666666665,5.0,14,0.02,50,0.7,Medium,22,14022,15,14,10
Optimal,2.594510078430176,,41942.60396683693,7500.0,34442.60396683693,75.0,0.0,3267.6039668370527,0.6896750596919948,0.31120037779400506,42.0,0.0,15.0,75.0,0.0,64.9,122.0,25960.0,3.3333333333333335,5.0,14,0.02,50,0.7,Medium,23,14023,15,14,10
Optimal,1.6942541599273682,,42231.42417478321,7500.0,34731.42417478321,75.0,0.0,3171.4241747833503,0.673433711166493,0.3020403975984143,45.0,0.0,15.0,75.0,0.0,66.7,127.0,26680.0,3.6,5.0,14,0.02,50,0.7,Medium,24,14024,15,14,10
Optimal,2.615449905395508,,41874.018967547614,7500.0,34374.018967547614,75.0,0.0,3134.018967547752,0.673433711166493,0.2984779969093097,39.0,0.0,15.0,75.0,0.0,65.1,119.0,26040.0,3.1333333333333333,5.0,14,0.02,50,0.7,Medium,25,14025,15,14,10
Optimal,3.0760679244995117,,41628.75288403805,7500.0,34128.75288403805,75.0,0.0,3238.7528840381756,0.6896750596919948,0.30845265562268337,35.0,0.0,15.0,75.0,0.0,64.4,122.0,25760.0,2.933333333333333,5.0,14,0.02,50,0.7,Medium,26,14026,15,14,10
Optimal,2.535176992416382,,42017.740035926916,7500.0,34517.740035926916,75.0,0.0,3237.7400359270773,0.673433711166493,0.3083561938978169,43.0,0.0,15.0,75.0,0.0,64.0,121.0,25600.0,3.6,5.0,14,0.02,50,0.7,Medium,27,14027,15,14,10
Optimal,3.539747953414917,,41601.7498029045,7500.0,34101.7498029045,75.0,0.0,3201.7498029046287,0.6896750596919948,0.3049285526575837,44.0,0.0,15.0,75.0,0.0,66.0,120.0,26400.0,3.466666666666667,5.0,14,0.02,50,0.7,Medium,28,14028,15,14,10
Optimal,2.953032970428467,,41597.25996887088,7500.0,34097.25996887088,75.0,0.0,3097.2599688710175,0.673433711166493,0.29497713989247787,42.0,0.0,15.0,75.0,0.0,65.3,115.0,26120.0,3.6666666666666665,5.0,14,0.02,50,0.7,Medium,29,14029,15,14,10
Optimal,2.4805009365081787,,42559.03245593586,7500.0,35059.03245593586,75.0,0.0,3319.0324559359956,0.673433711166493,0.3160983291367615,41.0,0.0,15.0,75.0,0.0,65.3,114.0,26120.0,3.466666666666667,5.0,14,0.02,50,0.7,Medium,30,14030,15,14,10
Optimal,4.352604866027832,,42528.497127282564,9000.0,33528.497127282564,90.0,0.0,4548.49712728276,0.6896750596919948,0.3609918354986317,52.0,0.0,18.0,90.0,0.0,64.33333333333333,178.0,28950.0,3.1666666666666665,5.0,15,0.02,50,0.7,High,1,15001,18,14,15
Optimal,4.475594997406006,,41447.31621693347,9000.0,32447.31621693347,90.0,0.0,4617.316216933641,0.673433711166493,0.36645366801060647,57.0,0.0,18.0,90.0,0.0,61.8,165.0,27810.0,3.3333333333333335,5.0,15,0.02,50,0.7,High,2,15002,18,14,15
Optimal,3.387564182281494,,41524.91030897881,9000.0,32524.91030897881,90.0,0.0,4609.910308979007,0.673433711166493,0.3658658975380164,73.0,0.0,18.0,90.0,0.0,61.93333333333333,180.0,27870.0,3.888888888888889,5.0,15,0.02,50,0.7,High,3,15003,18,14,15
Optimal,4.946425914764404,,42161.0622397161,9000.0,33161.0622397161,90.0,0.0,4461.0622397162415,0.6896750596919948,0.35405255870763824,47.0,0.0,18.0,90.0,0.0,63.666666666666664,182.0,28650.0,3.388888888888889,5.0,15,0.02,50,0.7,High,4,15004,18,14,15
Optimal,4.454135894775391,,42630.0494700784,9000.0,33630.0494700784,90.0,0.0,4520.049470078545,0.695195045367471,0.35873408492686865,68.0,0.0,18.0,90.0,0.0,64.66666666666667,154.0,29100.0,3.5555555555555554,5.0,15,0.02,50,0.7,High,5,15005,18,14,15
Optimal,4.367377758026123,,41659.91284352035,9000.0,32659.912843520353,90.0,0.0,4459.91284352054,0.6896750596919948,0.3539613367873444,70.0,0.0,18.0,90.0,0.0,62.6,168.0,28170.0,3.4444444444444446,5.0,15,0.02,50,0.7,High,6,15006,18,14,15
Optimal,4.367415189743042,,41956.67313998653,9000.0,32956.67313998653,90.0,0.0,4486.673139986717,0.6896750596919948,0.3560851698402156,45.0,0.0,18.0,90.0,0.0,63.266666666666666,180.0,28470.0,3.3333333333333335,5.0,15,0.02,50,0.7,High,7,15007,18,14,15
Optimal,5.260267972946167,,42351.09864104168,9000.0,33351.09864104168,90.0,0.0,4651.098641041855,0.673433711166493,0.3691348127810996,51.0,0.0,18.0,90.0,0.0,63.733333333333334,190.0,28680.0,2.8333333333333335,4.0,15,0.02,50,0.7,High,8,15008,18,14,15
Optimal,7.690700054168701,,41206.21689813042,9000.0,32206.21689813042,90.0,0.0,4696.2168981306295,0.673433711166493,0.3727156268357642,83.0,0.0,18.0,90.0,0.0,61.13333333333333,188.0,27510.0,3.3333333333333335,5.0,15,0.02,50,0.7,High,9,15009,18,14,15
Optimal,4.786942005157471,,42325.68883286074,9000.0,33325.68883286074,90.0,0.0,4565.688832860929,0.673433711166493,0.3623562565762642,48.0,0.0,18.0,90.0,0.0,63.86666666666667,166.0,28740.0,3.111111111111111,5.0,15,0.02,50,0.7,High,10,15010,18,14,15
Optimal,4.5600810050964355,,41793.5130665722,9000.0,32793.5130665722,90.0,0.0,4628.513066572399,0.6896750596919948,0.3673423068708253,51.0,0.0,18.0,90.0,0.0,62.46666666666667,188.0,28110.0,3.0555555555555554,4.0,15,0.02,50,0.7,High,11,15011,18,14,15
Optimal,4.205434083938599,,42256.82417821111,9000.0,33256.82417821111,90.0,0.0,4596.824178211301,0.6896750596919948,0.36482731573105565,62.0,0.0,18.0,90.0,0.0,63.6,174.0,28620.0,3.111111111111111,5.0,15,0.02,50,0.7,High,12,15012,18,14,15
Optimal,5.162554740905762,,41914.048554184694,9000.0,32914.048554184694,90.0,0.0,4544.0485541848475,0.6896750596919948,0.3606387741416546,56.0,0.0,18.0,90.0,0.0,63.0,157.0,28350.0,3.0,5.0,15,0.02,50,0.7,High,13,15013,18,14,15
Optimal,3.8812649250030518,,42875.38144391077,9000.0,33875.38144391077,90.0,0.0,4515.381443910922,0.673433711166493,0.358363606659597,59.0,0.0,18.0,90.0,0.0,65.13333333333334,179.0,29310.0,3.111111111111111,5.0,15,0.02,50,0.7,High,14,15014,18,14,15
Optimal,3.905545949935913,,42682.22363759343,9000.0,33682.22363759343,90.0,0.0,4542.223637593601,0.6896750596919948,0.3604939394915556,51.0,0.0,18.0,90.0,0.0,64.66666666666667,190.0,29100.0,3.6666666666666665,5.0,15,0.02,50,0.7,High,15,15015,18,14,15
Optimal,4.577183961868286,,42070.52738351312,9000.0,33070.52738351312,90.0,0.0,4600.527383513316,0.673433711166493,0.36512122091375526,57.0,0.0,18.0,90.0,0.0,63.2,187.0,28440.0,3.0,5.0,15,0.02,50,0.7,High,16,15016,18,14,15
Optimal,3.6678531169891357,,41566.82968482399,9000.0,32566.82968482399,90.0,0.0,4666.829684824193,0.673433711166493,0.3703833083193804,77.0,0.0,18.0,90.0,0.0,61.93333333333333,192.0,27870.0,3.5555555555555554,5.0,15,0.02,50,0.7,High,17,15017,18,14,15
Optimal,4.923450231552124,,42434.864290390375,9000.0,33434.864290390375,90.0,0.0,4464.864290390553,0.6896750596919948,0.35435430876115503,54.0,0.0,18.0,90.0,0.0,64.26666666666667,183.0,28920.0,3.3333333333333335,5.0,15,0.02,50,0.7,High,18,15018,18,14,15
Optimal,6.0656702518463135,,40650.94183257031,9000.0,31650.941832570308,90.0,0.0,4630.941832570484,0.673433711166493,0.36753506607702247,54.0,0.0,18.0,90.0,0.0,60.0,155.0,27000.0,2.7777777777777777,4.0,15,0.02,50,0.7,High,19,15019,18,14,15
Optimal,4.448726654052734,,42549.53389848643,9000.0,33549.53389848643,90.0,0.0,4489.533898486591,0.673433711166493,0.35631221416560244,51.0,0.0,18.0,90.0,0.0,64.46666666666667,186.0,29010.0,3.5555555555555554,5.0,15,0.02,50,0.7,High,20,15020,18,14,15
Optimal,5.115330934524536,,42694.04838652594,9000.0,33694.04838652594,90.0,0.0,4724.048386526122,0.673433711166493,0.37492447512112076,52.0,0.0,18.0,90.0,0.0,64.33333333333333,162.0,28950.0,2.888888888888889,4.0,15,0.02,50,0.7,High,21,15021,18,14,15
Optimal,3.912781000137329,,41517.801576185244,9000.0,32517.801576185244,90.0,0.0,4467.80157618542,0.6896750596919948,0.3545874266813826,62.0,0.0,18.0,90.0,0.0,62.266666666666666,169.0,28020.0,3.5,5.0,15,0.02,50,0.7,High,22,15022,18,14,15
Optimal,4.378255128860474,,42951.460418298135,9000.0,33951.460418298135,90.0,0.0,4571.460418298308,0.6896750596919948,0.36281431891256405,52.0,0.0,18.0,90.0,0.0,65.2,185.0,29340.0,3.4444444444444446,5.0,15,0.02,50,0.7,High,23,15023,18,14,15
Optimal,4.385845899581909,,41483.45634120975,9000.0,32483.45634120975,90.0,0.0,4563.456341209905,0.673433711166493,0.36217907469919886,54.0,0.0,18.0,90.0,0.0,61.93333333333333,174.0,27870.0,3.111111111111111,5.0,15,0.02,50,0.7,High,24,15024,18,14,15
Optimal,5.054414749145508,,43158.20015509753,9000.0,34158.20015509753,90.0,0.0,4708.2001550977075,0.673433711166493,0.3736666789760085,53.0,0.0,18.0,90.0,0.0,65.33333333333333,179.0,29400.0,3.0555555555555554,5.0,15,0.02,50,0.7,High,25,15025,18,14,15
Optimal,3.9775187969207764,,42175.69393769191,9000.0,33175.69393769191,90.0,0.0,4640.693937692076,0.673433711166493,0.36830904267397435,67.0,0.0,18.0,90.0,0.0,63.266666666666666,175.0,28470.0,3.6666666666666665,5.0,15,0.02,50,0.7,High,26,15026,18,14,15
Optimal,4.2771642208099365,,42683.216069210765,9000.0,33683.216069210765,90.0,0.0,4473.216069210938,0.673433711166493,0.3550171483500745,52.0,0.0,18.0,90.0,0.0,64.86666666666666,178.0,29190.0,2.8333333333333335,4.0,15,0.02,50,0.7,High,27,15027,18,14,15
Optimal,4.327789783477783,,41048.577475670834,9000.0,32048.577475670834,90.0,0.0,4603.577475670996,0.6896750596919948,0.3653632917199203,60.0,0.0,18.0,90.0,0.0,60.86666666666667,176.0,27390.0,3.1666666666666665,5.0,15,0.02,50,0.7,High,28,15028,18,14,15
Optimal,3.1099331378936768,,42726.71185816366,9000.0,33726.71185816366,90.0,0.0,4576.711858163834,0.673433711166493,0.36323109985427254,79.0,0.0,18.0,90.0,0.0,64.66666666666667,193.0,29100.0,3.9444444444444446,5.0,15,0.02,50,0.7,High,29,15029,18,14,15
Optimal,3.247680902481079,,43173.34707212958,9000.0,34173.34707212958,90.0,0.0,4653.347072129798,0.673433711166493,0.3693132596928411,69.0,0.0,18.0,90.0,0.0,65.46666666666667,181.0,29460.0,3.4444444444444446,5.0,15,0.02,50,0.7,High,30,15030,18,14,15
NO_SOLUTION,120.10246515274048,Solver timed out or no feasible solution found,,,,,,,,,,,,,,,,,,,16,0.02,50,0.8,Low,1,16001,12,10,5
NO_SOLUTION,120.11392402648926,Solver timed out or no feasible solution found,,,,,,,,,,,,,,,,,,,16,0.02,50,0.8,Low,2,16002,12,10,5
NO_SOLUTION,120.10375499725342,Solver timed out or no feasible solution found,,,,,,,,,,,,,,,,,,,16,0.02,50,0.8,Low,3,16003,12,10,5
NO_SOLUTION,120.10534596443176,Solver timed out or no feasible solution found,,,,,,,,,,,,,,,,,,,16,0.02,50,0.8,Low,4,16004,12,10,5
NO_SOLUTION,120.11112904548645,Solver timed out or no feasible solution found,,,,,,,,,,,,,,,,,,,16,0.02,50,0.8,Low,5,16005,12,10,5
NO_SOLUTION,120.14824485778809,Solver timed out or no feasible solution found,,,,,,,,,,,,,,,,,,,16,0.02,50,0.8,Low,6,16006,12,10,5
NO_SOLUTION,120.08991003036499,Solver timed out or no feasible solution found,,,,,,,,,,,,,,,,,,,16,0.02,50,0.8,Low,7,16007,12,10,5
NO_SOLUTION,120.09839224815369,Solver timed out or no feasible solution found,,,,,,,,,,,,,,,,,,,16,0.02,50,0.8,Low,8,16008,12,10,5
NO_SOLUTION,120.10436701774597,Solver timed out or no feasible solution found,,,,,,,,,,,,,,,,,,,16,0.02,50,0.8,Low,9,16009,12,10,5
NO_SOLUTION,120.10114407539368,Solver timed out or no feasible solution found,,,,,,,,,,,,,,,,,,,16,0.02,50,0.8,Low,10,16010,12,10,5
NO_SOLUTION,120.09309005737305,Solver timed out or no feasible solution found,,,,,,,,,,,,,,,,,,,16,0.02,50,0.8,Low,11,16011,12,10,5
NO_SOLUTION,120.11412596702576,Solver timed out or no feasible solution found,,,,,,,,,,,,,,,,,,,16,0.02,50,0.8,Low,12,16012,12,10,5
NO_SOLUTION,120.12133288383484,Solver timed out or no feasible solution found,,,,,,,,,,,,,,,,,,,16,0.02,50,0.8,Low,13,16013,12,10,5
NO_SOLUTION,120.0968451499939,Solver timed out or no feasible solution found,,,,,,,,,,,,,,,,,,,16,0.02,50,0.8,Low,14,16014,12,10,5
NO_SOLUTION,120.11011290550232,Solver timed out or no feasible solution found,,,,,,,,,,,,,,,,,,,16,0.02,50,0.8,Low,15,16015,12,10,5
NO_SOLUTION,120.09300923347473,Solver timed out or no feasible solution found,,,,,,,,,,,,,,,,,,,16,0.02,50,0.8,Low,16,16016,12,10,5
NO_SOLUTION,120.09821391105652,Solver timed out or no feasible solution found,,,,,,,,,,,,,,,,,,,16,0.02,50,0.8,Low,17,16017,12,10,5
NO_SOLUTION,120.14823293685913,Solver timed out or no feasible solution found,,,,,,,,,,,,,,,,,,,16,0.02,50,0.8,Low,18,16018,12,10,5
NO_SOLUTION,120.09722018241882,Solver timed out or no feasible solution found,,,,,,,,,,,,,,,,,,,16,0.02,50,0.8,Low,19,16019,12,10,5
NO_SOLUTION,120.10164308547974,Solver timed out or no feasible solution found,,,,,,,,,,,,,,,,,,,16,0.02,50,0.8,Low,20,16020,12,10,5
NO_SOLUTION,120.09416198730469,Solver timed out or no feasible solution found,,,,,,,,,,,,,,,,,,,16,0.02,50,0.8,Low,21,16021,12,10,5
NO_SOLUTION,120.09567308425903,Solver timed out or no feasible solution found,,,,,,,,,,,,,,,,,,,16,0.02,50,0.8,Low,22,16022,12,10,5
NO_SOLUTION,120.11633205413818,Solver timed out or no feasible solution found,,,,,,,,,,,,,,,,,,,16,0.02,50,0.8,Low,23,16023,12,10,5
NO_SOLUTION,120.09615588188171,Solver timed out or no feasible solution found,,,,,,,,,,,,,,,,,,,16,0.02,50,0.8,Low,24,16024,12,10,5
NO_SOLUTION,120.10863900184631,Solver timed out or no feasible solution found,,,,,,,,,,,,,,,,,,,16,0.02,50,0.8,Low,25,16025,12,10,5
NO_SOLUTION,120.109854221344,Solver timed out or no feasible solution found,,,,,,,,,,,,,,,,,,,16,0.02,50,0.8,Low,26,16026,12,10,5
NO_SOLUTION,120.09960889816284,Solver timed out or no feasible solution found,,,,,,,,,,,,,,,,,,,16,0.02,50,0.8,Low,27,16027,12,10,5
NO_SOLUTION,120.10660910606384,Solver timed out or no feasible solution found,,,,,,,,,,,,,,,,,,,16,0.02,50,0.8,Low,28,16028,12,10,5
NO_SOLUTION,120.13493704795837,Solver timed out or no feasible solution found,,,,,,,,,,,,,,,,,,,16,0.02,50,0.8,Low,29,16029,12,10,5
NO_SOLUTION,120.17717599868774,Solver timed out or no feasible solution found,,,,,,,,,,,,,,,,,,,16,0.02,50,0.8,Low,30,16030,12,10,5
Optimal,11.613398790359497,,34075.11041258988,10500.0,23575.11041258988,105.0,0.0,5215.110412589885,0.7969447726236238,0.4966771821514176,103.0,0.0,15.0,105.0,0.0,33.5,44.0,13400.0,5.066666666666666,7.0,17,0.02,50,0.8,Medium,1,17001,15,14,10
Optimal,10.375171184539795,,35597.789923088225,10500.0,25097.789923088225,105.0,0.0,5177.789923088178,0.7969447726236238,0.4931228498179217,98.0,0.0,15.0,105.0,0.0,37.4,46.0,14960.0,5.333333333333333,7.0,17,0.02,50,0.8,Medium,2,17002,15,14,10
Optimal,11.5261709690094,,35799.3384836489,10500.0,25299.3384836489,105.0,0.0,5299.338483648942,0.7969447726236238,0.5046989032046612,97.0,0.0,15.0,105.0,0.0,37.6,44.0,15040.0,4.2,7.0,17,0.02,50,0.8,Medium,3,17003,15,14,10
Optimal,11.39469575881958,,36438.32065977366,10500.0,25938.320659773657,105.0,0.0,5248.320659773658,0.7969447726236238,0.4998400628355865,89.0,0.0,15.0,105.0,0.0,37.9,45.0,15160.0,4.333333333333333,7.0,17,0.02,50,0.8,Medium,4,17004,15,14,10
Optimal,9.825135946273804,,34908.552989410244,10500.0,24408.552989410244,105.0,0.0,5248.552989410233,0.7969447726236238,0.4998621894676412,91.0,0.0,15.0,105.0,0.0,34.1,49.0,13640.0,4.6,7.0,17,0.02,50,0.8,Medium,5,17005,15,14,10
Optimal,6.648140907287598,,35236.62959441236,10500.0,24736.629594412363,105.0,0.0,5296.62959441239,0.7969447726236238,0.5044409137535609,96.0,0.0,15.0,105.0,0.0,35.1,48.0,14040.0,4.533333333333333,7.0,17,0.02,50,0.8,Medium,6,17006,15,14,10
Optimal,10.258389949798584,,34722.34322402001,10500.0,24222.343224020013,105.0,0.0,5222.343224020019,0.7969447726236238,0.4973660213352399,96.0,0.0,15.0,105.0,0.0,35.5,45.0,14200.0,4.6,7.0,17,0.02,50,0.8,Medium,7,17007,15,14,10
Optimal,9.738672018051147,,34666.40979215666,10500.0,24166.409792156657,105.0,0.0,5366.409792156724,0.7969447726236238,0.5110866468720688,88.0,0.0,15.0,105.0,0.0,34.0,45.0,13600.0,4.4,7.0,17,0.02,50,0.8,Medium,8,17008,15,14,10
Optimal,15.784442901611328,,34106.70505685934,10500.0,23606.70505685934,105.0,0.0,5206.705056859357,0.7969447726236238,0.4958766720818435,89.0,0.0,15.0,105.0,0.0,34.7,43.0,13880.0,4.8,7.0,17,0.02,50,0.8,Medium,9,17009,15,14,10
Optimal,10.363418102264404,,35689.53469825764,10500.0,25189.534698257638,105.0,0.0,5269.534698257627,0.7969447726236238,0.5018604474531073,93.0,0.0,15.0,105.0,0.0,38.8,45.0,15520.0,4.333333333333333,7.0,17,0.02,50,0.8,Medium,10,17010,15,14,10
Optimal,12.261826753616333,,34182.68872163563,10500.0,23682.688721635634,105.0,0.0,5242.688721635664,0.7969447726236238,0.4993036877748251,92.0,0.0,15.0,105.0,0.0,35.5,45.0,14200.0,4.533333333333333,7.0,17,0.02,50,0.8,Medium,11,17011,15,14,10
Optimal,9.307204961776733,,35947.096165086106,10500.0,25447.096165086106,105.0,0.0,5207.096165086108,0.7969447726236238,0.49591392048439126,95.0,0.0,15.0,105.0,0.0,39.2,51.0,15680.0,4.6,7.0,17,0.02,50,0.8,Medium,12,17012,15,14,10
Optimal,10.240006685256958,,34916.33094844986,10500.0,24416.33094844986,105.0,0.0,5216.330948449885,0.7969447726236238,0.49679342366189383,94.0,0.0,15.0,105.0,0.0,35.7,40.0,14280.0,4.866666666666666,7.0,17,0.02,50,0.8,Medium,13,17013,15,14,10
Optimal,11.789797306060791,,35462.631546544624,10500.0,24962.631546544624,105.0,0.0,5242.631546544634,0.7969447726236238,0.49929824252806043,95.0,0.0,15.0,105.0,0.0,37.6,47.0,15040.0,4.4,7.0,17,0.02,50,0.8,Medium,14,17014,15,14,10
Optimal,10.051379919052124,,35779.25846887327,10500.0,25279.258468873268,105.0,0.0,5239.258468873223,0.7969447726236238,0.4989769970355451,102.0,0.0,15.0,105.0,0.0,37.2,49.0,14880.0,4.466666666666667,7.0,17,0.02,50,0.8,Medium,15,17015,15,14,10
Optimal,10.173689126968384,,34557.06239242245,10500.0,24057.06239242245,105.0,0.0,5217.06239242247,0.7969447726236238,0.49686308499261617,91.0,0.0,15.0,105.0,0.0,36.3,46.0,14520.0,4.466666666666667,7.0,17,0.02,50,0.8,Medium,16,17016,15,14,10
Optimal,8.979326963424683,,33627.425351831596,10500.0,23127.425351831596,105.0,0.0,5207.425351831643,0.7969447726236238,0.49594527160301355,96.0,0.0,15.0,105.0,0.0,32.7,42.0,13080.0,4.666666666666667,7.0,17,0.02,50,0.8,Medium,17,17017,15,14,10
Optimal,10.82597303390503,,36324.62089467771,10500.0,25824.62089467771,105.0,0.0,5104.6208946777215,0.7969447726236238,0.48615437092168773,94.0,0.0,15.0,105.0,0.0,39.8,62.0,15920.0,4.4,7.0,17,0.02,50,0.8,Medium,18,17018,15,14,10
Optimal,14.232357025146484,,34241.517649892405,10500.0,23741.517649892405,105.0,0.0,5261.51764989245,0.7969447726236238,0.5010969190373762,93.0,0.0,15.0,105.0,0.0,33.8,40.0,13520.0,4.4,7.0,17,0.02,50,0.8,Medium,19,17019,15,14,10
Optimal,10.190420866012573,,34906.79385285881,10500.0,24406.793852858813,105.0,0.0,5206.793852858787,0.7969447726236238,0.495885128843694,98.0,0.0,15.0,105.0,0.0,34.8,42.0,13920.0,5.666666666666667,7.0,17,0.02,50,0.8,Medium,20,17020,15,14,10
Optimal,18.76700520515442,,35646.58498641196,10500.0,25146.58498641196,105.0,0.0,5266.584986411966,0.7969447726236238,0.5015795225154254,90.0,0.0,15.0,105.0,0.0,37.7,48.0,15080.0,4.333333333333333,7.0,17,0.02,50,0.8,Medium,21,17021,15,14,10
Optimal,15.67595887184143,,35321.099823764256,10500.0,24821.099823764256,105.0,0.0,5301.099823764279,0.7969447726236238,0.5048666498823122,95.0,0.0,15.0,105.0,0.0,36.5,44.0,14600.0,4.866666666666666,7.0,17,0.02,50,0.8,Medium,22,17022,15,14,10
Optimal,9.878999948501587,,35492.292823146556,10500.0,24992.292823146556,105.0,0.0,5302.292823146583,0.7969447726236238,0.5049802688711031,92.0,0.0,15.0,105.0,0.0,36.9,44.0,14760.0,4.133333333333334,7.0,17,0.02,50,0.8,Medium,23,17023,15,14,10
Optimal,15.14142107963562,,34798.282474097046,10500.0,24298.282474097046,105.0,0.0,5248.282474097098,0.7969447726236238,0.49983642610448553,96.0,0.0,15.0,105.0,0.0,35.8,43.0,14320.0,4.933333333333334,7.0,17,0.02,50,0.8,Medium,24,17024,15,14,10
Optimal,23.577826023101807,,35357.43535127807,10500.0,24857.435351278073,105.0,0.0,5297.435351278105,0.7969447726236238,0.5045176525026767,90.0,0.0,15.0,105.0,0.0,36.1,50.0,14440.0,4.066666666666666,6.0,17,0.02,50,0.8,Medium,25,17025,15,14,10
Optimal,6.597214937210083,,34929.954871283284,10500.0,24429.954871283284,105.0,0.0,5229.954871283303,0.7969447726236238,0.49809094012221933,97.0,0.0,15.0,105.0,0.0,36.3,49.0,14520.0,4.666666666666667,7.0,17,0.02,50,0.8,Medium,26,17026,15,14,10
Optimal,13.7674400806427,,34977.94374772321,10500.0,24477.943747723213,105.0,0.0,5157.943747723182,0.7969447726236238,0.4912327378783983,96.0,0.0,15.0,105.0,0.0,35.6,49.0,14240.0,5.2,7.0,17,0.02,50,0.8,Medium,27,17027,15,14,10
Optimal,9.704916000366211,,36108.90800507986,10500.0,25608.90800507986,105.0,0.0,5328.908005079877,0.7969447726236238,0.5075150481028454,96.0,0.0,15.0,105.0,0.0,37.7,45.0,15080.0,4.466666666666667,7.0,17,0.02,50,0.8,Medium,28,17028,15,14,10
Optimal,7.97491717338562,,35533.2207376004,10500.0,25033.2207376004,105.0,0.0,5063.220737600394,0.7969447726236238,0.48221149881908515,98.0,0.0,15.0,105.0,0.0,38.3,62.0,15320.0,5.0,7.0,17,0.02,50,0.8,Medium,29,17029,15,14,10
Optimal,12.14990496635437,,34459.15552817059,10500.0,23959.155528170588,105.0,0.0,5279.155528170612,0.7969447726236238,0.5027767169686298,94.0,0.0,15.0,105.0,0.0,34.4,42.0,13760.0,4.733333333333333,7.0,17,0.02,50,0.8,Medium,30,17030,15,14,10
Optimal,17.172643899917603,,34196.49181103343,12600.0,21596.491811033433,126.0,0.0,5966.4918110334565,0.7969447726236238,0.47353109611376637,107.0,0.0,18.0,126.0,0.0,34.733333333333334,62.0,15630.0,5.333333333333333,7.0,18,0.02,50,0.8,High,1,18001,18,14,15
Optimal,22.789016246795654,,33905.63799391684,12600.0,21305.63799391684,126.0,0.0,6125.637993916876,0.7969447726236238,0.48616174554895847,116.0,0.0,18.0,126.0,0.0,33.733333333333334,57.0,15180.0,4.722222222222222,7.0,18,0.02,50,0.8,High,2,18002,18,14,15
Optimal,18.31513285636902,,34246.99944011908,12600.0,21646.999440119078,126.0,0.0,6166.999440119134,0.7969447726236238,0.48944440000945505,109.0,0.0,18.0,126.0,0.0,34.4,57.0,15480.0,5.277777777777778,7.0,18,0.02,50,0.8,High,3,18003,18,14,15
Optimal,23.565263748168945,,33574.17213958383,12600.0,20974.172139583832,126.0,0.0,6124.17213958391,0.7969447726236238,0.486045407903485,111.0,0.0,18.0,126.0,0.0,33.0,64.0,14850.0,5.333333333333333,7.0,18,0.02,50,0.8,High,4,18004,18,14,15
Optimal,25.697465896606445,,34903.05197422958,12600.0,22303.05197422958,126.0,0.0,6043.051974229653,0.7969447726236238,0.47960729954203596,112.0,0.0,18.0,126.0,0.0,36.13333333333333,58.0,16260.0,5.111111111111111,7.0,18,0.02,50,0.8,High,5,18005,18,14,15
Optimal,19.735541105270386,,34013.700425036855,12600.0,21413.700425036855,126.0,0.0,6173.700425036926,0.7969447726236238,0.4899762242092799,106.0,0.0,18.0,126.0,0.0,33.86666666666667,49.0,15240.0,4.722222222222222,7.0,18,0.02,50,0.8,High,6,18006,18,14,15
Optimal,20.076507091522217,,34053.77297879923,12600.0,21453.77297879923,126.0,0.0,6153.772978799315,0.7969447726236238,0.4883946808570885,110.0,0.0,18.0,126.0,0.0,34.0,55.0,15300.0,4.444444444444445,7.0,18,0.02,50,0.8,High,7,18007,18,14,15
Optimal,24.98832416534424,,33161.76913870135,12600.0,20561.769138701347,126.0,0.0,6131.76913870142,0.7969447726236238,0.48664834434138254,109.0,0.0,18.0,126.0,0.0,32.06666666666667,58.0,14430.0,5.166666666666667,7.0,18,0.02,50,0.8,High,8,18008,18,14,15
Optimal,27.01250910758972,,33822.60408806851,12600.0,21222.60408806851,126.0,0.0,6192.6040880685605,0.7969447726236238,0.49147651492607625,121.0,0.0,18.0,126.0,0.0,33.4,57.0,15030.0,5.333333333333333,7.0,18,0.02,50,0.8,High,9,18009,18,14,15
Optimal,26.095228910446167,,33665.00814191876,12600.0,21065.008141918763,126.0,0.0,6125.008141918793,0.7969447726236238,0.4861117572951423,111.0,0.0,18.0,126.0,0.0,33.2,53.0,14940.0,4.722222222222222,7.0,18,0.02,50,0.8,High,10,18010,18,14,15
Optimal,19.847623109817505,,33228.03117024508,12600.0,20628.031170245078,126.0,0.0,6078.031170245129,0.7969447726236238,0.4823834262099309,113.0,0.0,18.0,126.0,0.0,32.333333333333336,53.0,14550.0,5.0,7.0,18,0.02,50,0.8,High,11,18011,18,14,15
Optimal,15.32113790512085,,33778.546473400114,12600.0,21178.546473400114,126.0,0.0,6118.546473400146,0.7969447726236238,0.4855989264603291,116.0,0.0,18.0,126.0,0.0,33.46666666666667,58.0,15060.0,5.277777777777778,7.0,18,0.02,50,0.8,High,12,18012,18,14,15
Optimal,23.577404260635376,,32979.29406138696,12600.0,20379.294061386958,126.0,0.0,6279.294061387027,0.7969447726236238,0.4983566715386529,114.0,0.0,18.0,126.0,0.0,31.333333333333332,48.0,14100.0,4.333333333333333,7.0,18,0.02,50,0.8,High,13,18013,18,14,15
Optimal,20.216896772384644,,33630.87887452534,12600.0,21030.87887452534,126.0,0.0,6210.8788745253905,0.7969447726236238,0.4929268948036024,108.0,0.0,18.0,126.0,0.0,32.93333333333333,60.0,14820.0,4.722222222222222,7.0,18,0.02,50,0.8,High,14,18014,18,14,15
Optimal,22.253559827804565,,34423.389288857376,12600.0,21823.389288857376,126.0,0.0,6123.389289150852,0.7969447969435426,0.4859832769167343,113.0,0.0,18.0,126.0,0.0,34.86666666666667,62.0,15690.0,5.166666666666667,7.0,18,0.02,50,0.8,High,15,18015,18,14,15
Optimal,14.795888900756836,,33800.63840734727,12600.0,21200.638407347273,126.0,0.0,6170.6384073473255,0.7969447726236238,0.48973320693232747,110.0,0.0,18.0,126.0,0.0,33.4,58.0,15030.0,5.222222222222222,7.0,18,0.02,50,0.8,High,16,18016,18,14,15
Optimal,16.94489073753357,,33751.34704492371,12600.0,21151.347044923707,126.0,0.0,5871.347044923698,0.7969447726236238,0.46597992420029355,116.0,0.0,18.0,126.0,0.0,33.93333333333333,55.0,15270.0,5.5,7.0,18,0.02,50,0.8,High,17,18017,18,14,15
Optimal,10.257898807525635,,33860.530255645346,12600.0,21260.530255645346,126.0,0.0,5930.530255645395,0.7969447726236238,0.4706770044163012,107.0,0.0,18.0,126.0,0.0,34.06666666666667,59.0,15330.0,5.333333333333333,7.0,18,0.02,50,0.8,High,18,18018,18,14,15
Optimal,14.787176847457886,,34616.26386324399,12600.0,22016.263863243992,126.0,0.0,5936.263863244014,0.7969447726236238,0.4711320526384138,106.0,0.0,18.0,126.0,0.0,35.733333333333334,57.0,16080.0,5.0,7.0,18,0.02,50,0.8,High,19,18019,18,14,15
Optimal,31.338534832000732,,33586.33254472093,12600.0,20986.332544720928,126.0,0.0,6076.332544720966,0.7969447726236238,0.4822486146603942,104.0,0.0,18.0,126.0,0.0,33.13333333333333,53.0,14910.0,5.055555555555555,7.0,18,0.02,50,0.8,High,20,18020,18,14,15
Optimal,17.17075824737549,,33866.16826075914,12600.0,21266.168260759143,126.0,0.0,6056.168260759165,0.7969447726236238,0.4806482746634258,113.0,0.0,18.0,126.0,0.0,33.8,54.0,15210.0,4.777777777777778,7.0,18,0.02,50,0.8,High,21,18021,18,14,15
Optimal,17.90265989303589,,33543.27078656369,12600.0,20943.27078656369,126.0,0.0,6213.270786563761,0.7969447726236238,0.493116729092362,112.0,0.0,18.0,126.0,0.0,32.733333333333334,52.0,14730.0,4.833333333333333,7.0,18,0.02,50,0.8,High,22,18022,18,14,15
Optimal,19.059794902801514,,33690.51384339597,12600.0,21090.513843395973,126.0,0.0,6060.513843396016,0.7969447726236238,0.48099316217428695,110.0,0.0,18.0,126.0,0.0,33.4,55.0,15030.0,4.944444444444445,7.0,18,0.02,50,0.8,High,23,18023,18,14,15
Optimal,22.921756744384766,,33540.28845294652,12600.0,20940.288452946523,126.0,0.0,6120.28845294662,0.7969447726236238,0.4857371788052873,107.0,0.0,18.0,126.0,0.0,32.93333333333333,56.0,14820.0,4.833333333333333,7.0,18,0.02,50,0.8,High,24,18024,18,14,15
Optimal,17.558533906936646,,33754.63378805252,12600.0,21154.633788052517,126.0,0.0,6214.633788052571,0.7969447726236238,0.4932249038136961,114.0,0.0,18.0,126.0,0.0,33.2,49.0,14940.0,5.277777777777778,7.0,18,0.02,50,0.8,High,25,18025,18,14,15
Optimal,15.038051128387451,,34713.3222316761,12600.0,22113.322231676102,126.0,0.0,6093.322231676194,0.7969447726236238,0.4835970025139837,110.0,0.0,18.0,126.0,0.0,35.6,54.0,16020.0,5.111111111111111,7.0,18,0.02,50,0.8,High,26,18026,18,14,15
Optimal,19.976348161697388,,34552.613296844465,12600.0,21952.613296844465,126.0,0.0,6112.613296844473,0.7969447726236238,0.485128039432101,108.0,0.0,18.0,126.0,0.0,35.2,64.0,15840.0,4.777777777777778,7.0,18,0.02,50,0.8,High,27,18027,18,14,15
Optimal,20.630197048187256,,33938.474294509666,12600.0,21338.474294509666,126.0,0.0,6068.47429450969,0.7969447726236238,0.48162494400870554,110.0,0.0,18.0,126.0,0.0,33.93333333333333,62.0,15270.0,5.277777777777778,7.0,18,0.02,50,0.8,High,28,18028,18,14,15
Optimal,19.532105922698975,,33548.06465800257,12600.0,20948.06465800257,126.0,0.0,6098.064658002616,0.7969447726236238,0.4839733855557632,105.0,0.0,18.0,126.0,0.0,33.0,50.0,14850.0,5.333333333333333,7.0,18,0.02,50,0.8,High,29,18029,18,14,15
Optimal,24.958261966705322,,33943.42940379357,12600.0,21343.42940379357,126.0,0.0,6103.429403793616,0.7969447726236238,0.4843991590312393,118.0,0.0,18.0,126.0,0.0,33.86666666666667,58.0,15240.0,5.333333333333333,7.0,18,0.02,50,0.8,High,30,18030,18,14,15
NO_SOLUTION,120.09805917739868,Solver timed out or no feasible solution found,,,,,,,,,,,,,,,,,,,19,0.02,80,0.6,Low,1,19001,12,10,5
NO_SOLUTION,120.20206189155579,Solver timed out or no feasible solution found,,,,,,,,,,,,,,,,,,,19,0.02,80,0.6,Low,2,19002,12,10,5
NO_SOLUTION,120.12739610671997,Solver timed out or no feasible solution found,,,,,,,,,,,,,,,,,,,19,0.02,80,0.6,Low,3,19003,12,10,5
NO_SOLUTION,120.09486103057861,Solver timed out or no feasible solution found,,,,,,,,,,,,,,,,,,,19,0.02,80,0.6,Low,4,19004,12,10,5
NO_SOLUTION,120.10388207435608,Solver timed out or no feasible solution found,,,,,,,,,,,,,,,,,,,19,0.02,80,0.6,Low,5,19005,12,10,5
NO_SOLUTION,120.10454297065735,Solver timed out or no feasible solution found,,,,,,,,,,,,,,,,,,,19,0.02,80,0.6,Low,6,19006,12,10,5
NO_SOLUTION,120.11201000213623,Solver timed out or no feasible solution found,,,,,,,,,,,,,,,,,,,19,0.02,80,0.6,Low,7,19007,12,10,5
NO_SOLUTION,120.10207915306091,Solver timed out or no feasible solution found,,,,,,,,,,,,,,,,,,,19,0.02,80,0.6,Low,8,19008,12,10,5
NO_SOLUTION,120.09765887260437,Solver timed out or no feasible solution found,,,,,,,,,,,,,,,,,,,19,0.02,80,0.6,Low,9,19009,12,10,5
NO_SOLUTION,120.12358403205872,Solver timed out or no feasible solution found,,,,,,,,,,,,,,,,,,,19,0.02,80,0.6,Low,10,19010,12,10,5
NO_SOLUTION,120.10549116134644,Solver timed out or no feasible solution found,,,,,,,,,,,,,,,,,,,19,0.02,80,0.6,Low,11,19011,12,10,5
NO_SOLUTION,120.12102723121643,Solver timed out or no feasible solution found,,,,,,,,,,,,,,,,,,,19,0.02,80,0.6,Low,12,19012,12,10,5
NO_SOLUTION,120.0947380065918,Solver timed out or no feasible solution found,,,,,,,,,,,,,,,,,,,19,0.02,80,0.6,Low,13,19013,12,10,5
NO_SOLUTION,120.09647989273071,Solver timed out or no feasible solution found,,,,,,,,,,,,,,,,,,,19,0.02,80,0.6,Low,14,19014,12,10,5
NO_SOLUTION,120.10532283782959,Solver timed out or no feasible solution found,,,,,,,,,,,,,,,,,,,19,0.02,80,0.6,Low,15,19015,12,10,5
NO_SOLUTION,120.13753986358643,Solver timed out or no feasible solution found,,,,,,,,,,,,,,,,,,,19,0.02,80,0.6,Low,16,19016,12,10,5
NO_SOLUTION,120.11310601234436,Solver timed out or no feasible solution found,,,,,,,,,,,,,,,,,,,19,0.02,80,0.6,Low,17,19017,12,10,5
NO_SOLUTION,120.09898018836975,Solver timed out or no feasible solution found,,,,,,,,,,,,,,,,,,,19,0.02,80,0.6,Low,18,19018,12,10,5
NO_SOLUTION,120.10384106636047,Solver timed out or no feasible solution found,,,,,,,,,,,,,,,,,,,19,0.02,80,0.6,Low,19,19019,12,10,5
NO_SOLUTION,120.09395790100098,Solver timed out or no feasible solution found,,,,,,,,,,,,,,,,,,,19,0.02,80,0.6,Low,20,19020,12,10,5
NO_SOLUTION,120.13994717597961,Solver timed out or no feasible solution found,,,,,,,,,,,,,,,,,,,19,0.02,80,0.6,Low,21,19021,12,10,5
NO_SOLUTION,120.10558891296387,Solver timed out or no feasible solution found,,,,,,,,,,,,,,,,,,,19,0.02,80,0.6,Low,22,19022,12,10,5
NO_SOLUTION,120.09570217132568,Solver timed out or no feasible solution found,,,,,,,,,,,,,,,,,,,19,0.02,80,0.6,Low,23,19023,12,10,5
NO_SOLUTION,120.09911608695984,Solver timed out or no feasible solution found,,,,,,,,,,,,,,,,,,,19,0.02,80,0.6,Low,24,19024,12,10,5
NO_SOLUTION,120.10078978538513,Solver timed out or no feasible solution found,,,,,,,,,,,,,,,,,,,19,0.02,80,0.6,Low,25,19025,12,10,5
NO_SOLUTION,120.09768605232239,Solver timed out or no feasible solution found,,,,,,,,,,,,,,,,,,,19,0.02,80,0.6,Low,26,19026,12,10,5
NO_SOLUTION,120.11693000793457,Solver timed out or no feasible solution found,,,,,,,,,,,,,,,,,,,19,0.02,80,0.6,Low,27,19027,12,10,5
NO_SOLUTION,120.09478187561035,Solver timed out or no feasible solution found,,,,,,,,,,,,,,,,,,,19,0.02,80,0.6,Low,28,19028,12,10,5
NO_SOLUTION,120.09292793273926,Solver timed out or no feasible solution found,,,,,,,,,,,,,,,,,,,19,0.02,80,0.6,Low,29,19029,12,10,5
NO_SOLUTION,120.09037804603577,Solver timed out or no feasible solution found,,,,,,,,,,,,,,,,,,,19,0.02,80,0.6,Low,30,19030,12,10,5
Optimal,1.936673879623413,,48211.32763463965,6000.0,42211.32763463965,60.0,0.0,3571.3276346397292,0.5829914044590558,0.21257902587141247,0.0,0.0,15.0,60.0,0.0,81.8,132.0,32720.0,2.6666666666666665,4.0,20,0.02,80,0.6,Medium,1,20001,15,14,10
Optimal,1.8415298461914062,,46800.18713704077,6000.0,40800.18713704077,60.0,0.0,3680.187137040835,0.5829914044590558,0.21905875815719256,0.0,0.0,15.0,60.0,0.0,79.1,128.0,31640.0,2.6666666666666665,4.0,20,0.02,80,0.6,Medium,2,20002,15,14,10
Optimal,1.7863056659698486,,47121.86039863123,6000.0,41121.86039863123,60.0,0.0,3376.860398631322,0.5829914044590558,0.2010035951566263,0.0,0.0,15.0,60.0,0.0,81.4,123.0,32560.0,3.1333333333333333,4.0,20,0.02,80,0.6,Medium,3,20003,15,14,10
Optimal,2.658554792404175,,47888.70557160989,6000.0,41888.70557160989,60.0,0.0,3488.7055716099594,0.5829914044590558,0.20766104592916423,0.0,0.0,15.0,60.0,0.0,82.7,132.0,33080.0,2.8,4.0,20,0.02,80,0.6,Medium,4,20004,15,14,10
Optimal,2.2988462448120117,,47139.319678176835,5900.0,41239.319678176835,59.0,0.0,3439.3196781769,0.5829914044590558,0.20472140941529168,0.0,0.0,15.0,59.0,0.0,80.7,126.0,32280.0,2.7333333333333334,4.0,20,0.02,80,0.6,Medium,5,20005,15,14,10
Optimal,2.868271827697754,,47171.37918052434,6000.0,41171.37918052434,60.0,0.0,3481.379180524399,0.5829914044590558,0.2072249512216904,0.0,0.0,15.0,60.0,0.0,82.2,135.0,32880.0,3.0,4.0,20,0.02,80,0.6,Medium,6,20006,15,14,10
Optimal,1.7380948066711426,,46937.92398004849,6000.0,40937.92398004849,60.0,0.0,3297.923980048562,0.5829914044590558,0.1963049988124144,0.0,0.0,15.0,60.0,0.0,84.2,125.0,33680.0,2.933333333333333,4.0,20,0.02,80,0.6,Medium,7,20007,15,14,10
Optimal,2.4971020221710205,,47404.8178697136,5900.0,41504.8178697136,59.0,0.0,3429.817869713697,0.5829914044590558,0.20415582557819623,0.0,0.0,15.0,59.0,0.0,84.3,133.0,33720.0,2.8666666666666667,4.0,20,0.02,80,0.6,Medium,8,20008,15,14,10
Optimal,2.0305848121643066,,47514.82923902611,6000.0,41514.82923902611,60.0,0.0,3594.8292390261786,0.5829914044590558,0.21397793089441539,0.0,0.0,15.0,60.0,0.0,81.5,126.0,32600.0,3.1333333333333333,4.0,20,0.02,80,0.6,Medium,9,20009,15,14,10
Optimal,3.594238758087158,,46083.10462215178,5900.0,40183.10462215178,59.0,0.0,3443.104622151851,0.5829914044590558,0.20494670369951495,0.0,0.0,15.0,59.0,0.0,78.8,123.0,31520.0,2.6,4.0,20,0.02,80,0.6,Medium,10,20010,15,14,10
Optimal,2.7188522815704346,,46786.84599738846,6000.0,40786.84599738846,60.0,0.0,3496.845997388527,0.5829914044590558,0.2081455950826504,0.0,0.0,15.0,60.0,0.0,80.8,124.0,32320.0,2.8666666666666667,4.0,20,0.02,80,0.6,Medium,11,20011,15,14,10
Optimal,2.6934337615966797,,47360.31926023259,5900.0,41460.31926023259,59.0,0.0,3440.319260232671,0.5829914044590558,0.2047809083471828,0.0,0.0,15.0,59.0,0.0,83.0,122.0,33200.0,2.8666666666666667,4.0,20,0.02,80,0.6,Medium,12,20012,15,14,10
Optimal,1.875443935394287,,46478.65051619506,6000.0,40478.65051619506,60.0,0.0,3468.6505161951573,0.5829914044590558,0.20646729263066413,0.0,0.0,15.0,60.0,0.0,79.7,132.0,31880.0,2.6666666666666665,4.0,20,0.02,80,0.6,Medium,13,20013,15,14,10
Optimal,1.8759431838989258,,46777.38864506986,6000.0,40777.38864506986,60.0,0.0,3457.388645069941,0.5829914044590558,0.20579694315892505,0.0,0.0,15.0,60.0,0.0,81.1,133.0,32440.0,2.8,4.0,20,0.02,80,0.6,Medium,14,20014,15,14,10
Optimal,1.872087001800537,,47012.508938005936,5900.0,41112.508938005936,59.0,0.0,3372.50893800601,0.5829914044590558,0.20074457964321488,0.0,0.0,15.0,59.0,0.0,80.7,120.0,32280.0,2.533333333333333,4.0,20,0.02,80,0.6,Medium,15,20015,15,14,10
Optimal,2.516389846801758,,47844.532633312934,6000.0,41844.532633312934,60.0,0.0,3264.5326333129806,0.5829914044590558,0.19431741864958216,0.0,0.0,15.0,60.0,0.0,83.5,118.0,33400.0,2.6666666666666665,4.0,20,0.02,80,0.6,Medium,16,20016,15,14,10
Optimal,2.5469582080841064,,47342.03178743997,6000.0,41342.03178743997,60.0,0.0,3712.031787440038,0.5829914044590558,0.22095427306190704,0.0,0.0,15.0,60.0,0.0,79.7,126.0,31880.0,2.8666666666666667,4.0,20,0.02,80,0.6,Medium,17,20017,15,14,10
Optimal,1.7485668659210205,,47027.44384730594,6000.0,41027.44384730594,60.0,0.0,3427.4438473060072,0.5829914044590558,0.20401451472059565,0.0,0.0,15.0,60.0,0.0,82.8,129.0,33120.0,2.8666666666666667,4.0,20,0.02,80,0.6,Medium,18,20018,15,14,10
Optimal,2.4144139289855957,,45877.5750985479,6000.0,39877.5750985479,60.0,0.0,3702.5750985479863,0.5829914044590558,0.2203913749135706,0.0,0.0,15.0,60.0,0.0,76.8,123.0,30720.0,2.3333333333333335,4.0,20,0.02,80,0.6,Medium,19,20019,15,14,10
Optimal,2.645866870880127,,47291.84342640141,6000.0,41291.84342640141,60.0,0.0,3461.8434264014986,0.5829914044590558,0.20606210871437491,0.0,0.0,15.0,60.0,0.0,81.5,127.0,32600.0,2.533333333333333,4.0,20,0.02,80,0.6,Medium,20,20020,15,14,10
Optimal,2.2868380546569824,,47083.01592666812,6000.0,41083.01592666812,60.0,0.0,3313.0159266682103,0.5829914044590558,0.19720332896834586,0.0,0.0,15.0,60.0,0.0,83.9,122.0,33560.0,2.6666666666666665,4.0,20,0.02,80,0.6,Medium,21,20021,15,14,10
Optimal,1.8731951713562012,,46770.14051374146,6000.0,40770.14051374146,60.0,0.0,3300.1405137415463,0.5829914044590558,0.1964369353417587,0.0,0.0,15.0,60.0,0.0,80.8,123.0,32320.0,3.0,4.0,20,0.02,80,0.6,Medium,22,20022,15,14,10
Optimal,2.942945957183838,,47504.33665638078,6000.0,41504.33665638078,60.0,0.0,3354.3366563808895,0.5829914044590558,0.19966289621314817,0.0,0.0,15.0,60.0,0.0,83.9,129.0,33560.0,2.6666666666666665,4.0,20,0.02,80,0.6,Medium,23,20023,15,14,10
Optimal,1.7982349395751953,,46761.937944008096,6000.0,40761.937944008096,60.0,0.0,3511.937944008175,0.5829914044590558,0.2090439252385818,0.0,0.0,15.0,60.0,0.0,80.4,124.0,32160.0,2.8,4.0,20,0.02,80,0.6,Medium,24,20024,15,14,10
Optimal,1.842710018157959,,46316.30700605843,6050.0,40266.30700605843,59.0,1.0,3596.307006058509,0.5829914044590558,0.2140658932177684,0.0,0.0,15.0,59.0,1.0,78.1,126.0,31240.0,2.6,4.0,20,0.02,80,0.6,Medium,25,20025,15,14,10
Optimal,2.881287097930908,,46373.41086270889,5900.0,40473.41086270889,59.0,0.0,3343.4108627089763,0.5829914044590558,0.19901255135172477,0.0,0.0,15.0,59.0,0.0,82.1,125.0,32840.0,2.6666666666666665,4.0,20,0.02,80,0.6,Medium,26,20026,15,14,10
Optimal,2.397353172302246,,46257.943747428115,6000.0,40257.943747428115,60.0,0.0,3607.943747428205,0.5829914044590558,0.214758556394536,0.0,0.0,15.0,60.0,0.0,76.6,125.0,30640.0,2.6666666666666665,4.0,20,0.02,80,0.6,Medium,27,20027,15,14,10
Optimal,2.3542068004608154,,44547.132577364704,6000.0,38547.132577364704,60.0,0.0,3542.132577364755,0.5829914044590558,0.2108412248431402,0.0,0.0,15.0,60.0,0.0,74.4,117.0,29760.0,2.7333333333333334,4.0,20,0.02,80,0.6,Medium,28,20028,15,14,10
Optimal,2.333250045776367,,47116.05613008104,5900.0,41216.05613008104,59.0,0.0,3256.0561300811078,0.5829914044590558,0.19381286488578023,0.0,0.0,15.0,59.0,0.0,82.6,127.0,33040.0,3.0,4.0,20,0.02,80,0.6,Medium,29,20029,15,14,10
Optimal,1.7654509544372559,,46895.544810892636,6000.0,40895.544810892636,60.0,0.0,3405.5448108927,0.5829914044590558,0.202711000648375,0.0,0.0,15.0,60.0,0.0,81.3,122.0,32520.0,2.8,4.0,20,0.02,80,0.6,Medium,30,20030,15,14,10
Optimal,3.0645828247070312,,50523.78220741443,7200.0,43323.78220741443,72.0,0.0,5003.782207414537,0.5829914044590558,0.2482034825106417,0.0,0.0,18.0,72.0,0.0,85.06666666666666,188.0,38280.0,2.7222222222222223,4.0,21,0.02,80,0.6,High,1,21001,18,14,15
Optimal,4.0229010581970215,,48743.883804012934,7200.0,41543.883804012934,72.0,0.0,5173.883804012985,0.5829914044590558,0.2566410617069933,0.0,0.0,18.0,72.0,0.0,80.8,180.0,36360.0,3.1666666666666665,4.0,21,0.02,80,0.6,High,2,21002,18,14,15
Optimal,3.4598278999328613,,49371.78418697829,7200.0,42171.78418697829,72.0,0.0,5261.784186978339,0.5829914044590558,0.2610011997509097,0.0,0.0,18.0,72.0,0.0,82.0,191.0,36900.0,2.7222222222222223,4.0,21,0.02,80,0.6,High,3,21003,18,14,15
Optimal,3.5798490047454834,,49254.52790681239,7100.0,42154.52790681239,71.0,0.0,4814.527906812502,0.5829914044590558,0.2388158683934773,0.0,0.0,18.0,71.0,0.0,82.86666666666666,191.0,37290.0,2.7777777777777777,4.0,21,0.02,80,0.6,High,4,21004,18,14,15
Optimal,3.781506061553955,,48755.30637358328,7200.0,41555.30637358328,72.0,0.0,5025.306373583364,0.5829914044590558,0.2492711494833018,0.0,0.0,18.0,72.0,0.0,81.0,180.0,36450.0,2.5,4.0,21,0.02,80,0.6,High,5,21005,18,14,15
Optimal,4.573982000350952,,48361.3207329293,7200.0,41161.3207329293,72.0,0.0,4891.3207329293655,0.5829914044590558,0.2426250363556233,0.0,0.0,18.0,72.0,0.0,80.6,188.0,36270.0,2.7777777777777777,4.0,21,0.02,80,0.6,High,6,21006,18,14,15
Optimal,3.289457082748413,,48643.082526112135,7200.0,41443.082526112135,72.0,0.0,4903.082526112232,0.5829914044590558,0.24320845863651946,0.0,0.0,18.0,72.0,0.0,81.13333333333334,185.0,36510.0,2.5,4.0,21,0.02,80,0.6,High,7,21007,18,14,15
Optimal,2.437182903289795,,49244.06146991375,7250.0,41994.06146991375,71.0,1.0,5109.061469913857,0.5829914044590558,0.2534256681504889,0.0,0.0,18.0,71.0,1.0,81.8,185.0,36810.0,2.5555555555555554,4.0,21,0.02,80,0.6,High,8,21008,18,14,15
Optimal,2.9178757667541504,,49659.47200395156,7200.0,42459.47200395156,72.0,0.0,4949.472003951665,0.5829914044590558,0.24550952400553896,0.0,0.0,18.0,72.0,0.0,83.26666666666667,188.0,37470.0,2.2777777777777777,4.0,21,0.02,80,0.6,High,9,21009,18,14,15
Optimal,3.6168951988220215,,48782.548389844516,7200.0,41582.548389844516,72.0,0.0,5092.548389844605,0.5829914044590558,0.25260656695657757,0.0,0.0,18.0,72.0,0.0,81.0,183.0,36450.0,2.9444444444444446,4.0,21,0.02,80,0.6,High,10,21010,18,14,15
Optimal,4.067365884780884,,49131.044054879596,7200.0,41931.044054879596,72.0,0.0,5001.0440548796505,0.5829914044590558,0.24806766145236364,0.0,0.0,18.0,72.0,0.0,82.06666666666666,188.0,36930.0,2.888888888888889,4.0,21,0.02,80,0.6,High,11,21011,18,14,15
Optimal,3.4826419353485107,,49731.061970426636,7200.0,42531.061970426636,72.0,0.0,4811.061970426693,0.5829914044590558,0.2386439469457685,0.0,0.0,18.0,72.0,0.0,83.66666666666667,180.0,37650.0,2.611111111111111,4.0,21,0.02,80,0.6,High,12,21012,18,14,15
Optimal,4.764786005020142,,48727.482920023496,7200.0,41527.482920023496,72.0,0.0,4917.482920023552,0.5829914044590558,0.24392276389005713,0.0,0.0,18.0,72.0,0.0,81.33333333333333,185.0,36600.0,2.6666666666666665,4.0,21,0.02,80,0.6,High,13,21013,18,14,15
Optimal,3.574129104614258,,49452.506683158055,7200.0,42252.506683158055,72.0,0.0,4872.506683158138,0.5829914044590558,0.24169179975982827,0.0,0.0,18.0,72.0,0.0,82.86666666666666,182.0,37290.0,3.0,4.0,21,0.02,80,0.6,High,14,21014,18,14,15
Optimal,3.173013925552368,,47661.355193704934,7200.0,40461.355193704934,72.0,0.0,4946.355193705016,0.5829914044590558,0.24535492032266945,0.0,0.0,18.0,72.0,0.0,78.66666666666667,180.0,35400.0,2.388888888888889,4.0,21,0.02,80,0.6,High,15,21015,18,14,15
Optimal,2.3626298904418945,,50313.02366860001,7200.0,43113.02366860001,72.0,0.0,4873.023668600124,0.5829914044590558,0.2417174438789744,0.0,0.0,18.0,72.0,0.0,84.8,191.0,38160.0,2.611111111111111,4.0,21,0.02,80,0.6,High,16,21016,18,14,15
Optimal,2.5699398517608643,,50096.673511980676,7200.0,42896.673511980676,72.0,0.0,4726.673511980772,0.5829914044590558,0.2344580115069827,0.0,0.0,18.0,72.0,0.0,84.8,189.0,38160.0,2.611111111111111,4.0,21,0.02,80,0.6,High,17,21017,18,14,15
Optimal,3.4439878463745117,,49971.32463645424,7200.0,42771.32463645424,72.0,0.0,5131.32463645436,0.5829914044590558,0.25452999188761705,0.0,0.0,18.0,72.0,0.0,83.46666666666667,183.0,37560.0,2.5555555555555554,4.0,21,0.02,80,0.6,High,18,21018,18,14,15
Optimal,3.2133500576019287,,49509.089674183044,7200.0,42309.089674183044,72.0,0.0,4879.0896741831275,0.5829914044590558,0.24201833701305198,0.0,0.0,18.0,72.0,0.0,83.13333333333334,185.0,37410.0,2.5555555555555554,4.0,21,0.02,80,0.6,High,19,21019,18,14,15
Optimal,3.4487712383270264,,49537.16288930366,7100.0,42437.16288930366,71.0,0.0,4947.16288930374,0.5829914044590558,0.24539498458847914,0.0,0.0,18.0,71.0,0.0,83.2,191.0,37440.0,3.1666666666666665,4.0,21,0.02,80,0.6,High,20,21020,18,14,15
Optimal,3.8055012226104736,,49369.98973153103,7100.0,42269.98973153103,71.0,0.0,4709.9897315311,0.5829914044590558,0.23363044303229663,0.0,0.0,18.0,71.0,0.0,83.46666666666667,183.0,37560.0,3.0,4.0,21,0.02,80,0.6,High,21,21021,18,14,15
Optimal,4.359370946884155,,48918.46375964336,7200.0,41718.46375964336,72.0,0.0,4948.463759643427,0.5829914044590558,0.24545951188707474,0.0,0.0,18.0,72.0,0.0,81.66666666666667,190.0,36750.0,2.8333333333333335,4.0,21,0.02,80,0.6,High,22,21022,18,14,15
Optimal,3.536106824874878,,49019.822478632144,7200.0,41819.822478632144,72.0,0.0,5009.822477040658,0.5829914044590558,0.24850309905955642,0.0,0.0,18.0,72.0,0.0,81.6000000035369,172.0,36720.00000159161,2.611111111111111,4.0,21,0.02,80,0.6,High,23,21023,18,14,15
Optimal,3.2537739276885986,,49300.05777495034,7200.0,42100.05777495034,72.0,0.0,4820.057774950464,0.5829914044590558,0.23909016740825714,0.0,0.0,18.0,72.0,0.0,82.66666666666667,195.0,37200.0,2.2777777777777777,4.0,21,0.02,80,0.6,High,24,21024,18,14,15
Optimal,3.2118401527404785,,49365.64192725704,7200.0,42165.64192725704,72.0,0.0,4765.641927257185,0.5829914044590558,0.23639096861394765,0.0,0.0,18.0,72.0,0.0,83.06666666666666,188.0,37380.0,2.6666666666666665,4.0,21,0.02,80,0.6,High,25,21025,18,14,15
Optimal,3.764564037322998,,50053.03611730269,7200.0,42853.03611730269,72.0,0.0,5063.0361173028095,0.5829914044590558,0.25114266454875045,0.0,0.0,18.0,72.0,0.0,83.86666666666666,195.0,37740.0,2.6666666666666665,4.0,21,0.02,80,0.6,High,26,21026,18,14,15
Optimal,3.7495007514953613,,49319.003297511335,7200.0,42119.003297511335,72.0,0.0,4869.003297511429,0.5829914044590558,0.2415180207098923,0.0,0.0,18.0,72.0,0.0,82.73333333333333,180.0,37230.0,2.5555555555555554,4.0,21,0.02,80,0.6,High,27,21027,18,14,15
Optimal,3.347799062728882,,48039.002469279156,7200.0,40839.002469279156,72.0,0.0,4949.002469279245,0.5829914044590558,0.24548623359520066,0.0,0.0,18.0,72.0,0.0,79.6,171.0,35820.0,2.5,4.0,21,0.02,80,0.6,High,28,21028,18,14,15
Optimal,2.526204824447632,,49141.30852542602,7200.0,41941.30852542602,72.0,0.0,4881.308525426113,0.5829914044590558,0.24212839907867628,0.0,0.0,18.0,72.0,0.0,82.33333333333333,180.0,37050.0,2.388888888888889,4.0,21,0.02,80,0.6,High,29,21029,18,14,15
Optimal,4.128647804260254,,49448.86374776486,7200.0,42248.86374776486,72.0,0.0,4783.863747764929,0.5829914044590558,0.237294828758181,0.0,0.0,18.0,72.0,0.0,83.06666666666666,187.0,37380.0,2.888888888888889,4.0,21,0.02,80,0.6,High,30,21030,18,14,15
NO_SOLUTION,120.09829807281494,Solver timed out or no feasible solution found,,,,,,,,,,,,,,,,,,,22,0.02,80,0.7,Low,1,22001,12,10,5
NO_SOLUTION,120.10679173469543,Solver timed out or no feasible solution found,,,,,,,,,,,,,,,,,,,22,0.02,80,0.7,Low,2,22002,12,10,5
NO_SOLUTION,120.18592596054077,Solver timed out or no feasible solution found,,,,,,,,,,,,,,,,,,,22,0.02,80,0.7,Low,3,22003,12,10,5
NO_SOLUTION,120.18070697784424,Solver timed out or no feasible solution found,,,,,,,,,,,,,,,,,,,22,0.02,80,0.7,Low,4,22004,12,10,5
NO_SOLUTION,120.1597330570221,Solver timed out or no feasible solution found,,,,,,,,,,,,,,,,,,,22,0.02,80,0.7,Low,5,22005,12,10,5
NO_SOLUTION,120.18366193771362,Solver timed out or no feasible solution found,,,,,,,,,,,,,,,,,,,22,0.02,80,0.7,Low,6,22006,12,10,5
NO_SOLUTION,120.17883491516113,Solver timed out or no feasible solution found,,,,,,,,,,,,,,,,,,,22,0.02,80,0.7,Low,7,22007,12,10,5
NO_SOLUTION,120.159334897995,Solver timed out or no feasible solution found,,,,,,,,,,,,,,,,,,,22,0.02,80,0.7,Low,8,22008,12,10,5
NO_SOLUTION,120.18092489242554,Solver timed out or no feasible solution found,,,,,,,,,,,,,,,,,,,22,0.02,80,0.7,Low,9,22009,12,10,5
NO_SOLUTION,120.16238117218018,Solver timed out or no feasible solution found,,,,,,,,,,,,,,,,,,,22,0.02,80,0.7,Low,10,22010,12,10,5
NO_SOLUTION,120.16467308998108,Solver timed out or no feasible solution found,,,,,,,,,,,,,,,,,,,22,0.02,80,0.7,Low,11,22011,12,10,5
NO_SOLUTION,120.15556979179382,Solver timed out or no feasible solution found,,,,,,,,,,,,,,,,,,,22,0.02,80,0.7,Low,12,22012,12,10,5
NO_SOLUTION,120.22835803031921,Solver timed out or no feasible solution found,,,,,,,,,,,,,,,,,,,22,0.02,80,0.7,Low,13,22013,12,10,5
NO_SOLUTION,120.34018588066101,Solver timed out or no feasible solution found,,,,,,,,,,,,,,,,,,,22,0.02,80,0.7,Low,14,22014,12,10,5
NO_SOLUTION,120.15058994293213,Solver timed out or no feasible solution found,,,,,,,,,,,,,,,,,,,22,0.02,80,0.7,Low,15,22015,12,10,5
NO_SOLUTION,120.1580719947815,Solver timed out or no feasible solution found,,,,,,,,,,,,,,,,,,,22,0.02,80,0.7,Low,16,22016,12,10,5
NO_SOLUTION,120.16018581390381,Solver timed out or no feasible solution found,,,,,,,,,,,,,,,,,,,22,0.02,80,0.7,Low,17,22017,12,10,5
NO_SOLUTION,120.15409183502197,Solver timed out or no feasible solution found,,,,,,,,,,,,,,,,,,,22,0.02,80,0.7,Low,18,22018,12,10,5
NO_SOLUTION,120.16006588935852,Solver timed out or no feasible solution found,,,,,,,,,,,,,,,,,,,22,0.02,80,0.7,Low,19,22019,12,10,5
NO_SOLUTION,120.21034121513367,Solver timed out or no feasible solution found,,,,,,,,,,,,,,,,,,,22,0.02,80,0.7,Low,20,22020,12,10,5
NO_SOLUTION,120.15383124351501,Solver timed out or no feasible solution found,,,,,,,,,,,,,,,,,,,22,0.02,80,0.7,Low,21,22021,12,10,5
NO_SOLUTION,120.14909791946411,Solver timed out or no feasible solution found,,,,,,,,,,,,,,,,,,,22,0.02,80,0.7,Low,22,22022,12,10,5
NO_SOLUTION,120.15258383750916,Solver timed out or no feasible solution found,,,,,,,,,,,,,,,,,,,22,0.02,80,0.7,Low,23,22023,12,10,5
NO_SOLUTION,120.15352392196655,Solver timed out or no feasible solution found,,,,,,,,,,,,,,,,,,,22,0.02,80,0.7,Low,24,22024,12,10,5
NO_SOLUTION,120.18119883537292,Solver timed out or no feasible solution found,,,,,,,,,,,,,,,,,,,22,0.02,80,0.7,Low,25,22025,12,10,5
NO_SOLUTION,120.14872407913208,Solver timed out or no feasible solution found,,,,,,,,,,,,,,,,,,,22,0.02,80,0.7,Low,26,22026,12,10,5
NO_SOLUTION,120.15389776229858,Solver timed out or no feasible solution found,,,,,,,,,,,,,,,,,,,22,0.02,80,0.7,Low,27,22027,12,10,5
NO_SOLUTION,120.1552619934082,Solver timed out or no feasible solution found,,,,,,,,,,,,,,,,,,,22,0.02,80,0.7,Low,28,22028,12,10,5
NO_SOLUTION,120.16241216659546,Solver timed out or no feasible solution found,,,,,,,,,,,,,,,,,,,22,0.02,80,0.7,Low,29,22029,12,10,5
NO_SOLUTION,120.15803790092468,Solver timed out or no feasible solution found,,,,,,,,,,,,,,,,,,,22,0.02,80,0.7,Low,30,22030,12,10,5
Optimal,5.190812826156616,,45740.404764858205,7500.0,38240.404764858205,75.0,0.0,4960.404764858337,0.6896750596919948,0.29526218838442486,38.0,0.0,15.0,75.0,0.0,70.1,124.0,28040.0,3.2666666666666666,5.0,23,0.02,80,0.7,Medium,1,23001,15,14,10
Optimal,6.229887008666992,,43398.87834403842,7500.0,35898.87834403842,75.0,0.0,4968.878344038509,0.673433711166493,0.29576656809753027,38.0,0.0,15.0,75.0,0.0,65.9,119.0,26360.0,3.533333333333333,5.0,23,0.02,80,0.7,Medium,2,23002,15,14,10
Optimal,3.8864645957946777,,44688.96372553865,7500.0,37188.96372553865,75.0,0.0,4848.963725538739,0.673433711166493,0.28862879318682966,39.0,0.0,15.0,75.0,0.0,69.7,128.0,27880.0,3.4,5.0,23,0.02,80,0.7,Medium,3,23003,15,14,10
Optimal,6.329672813415527,,43972.736802374326,7500.0,36472.736802374326,75.0,0.0,4952.736802374394,0.6896750596919948,0.2948057620460949,37.0,0.0,15.0,75.0,0.0,67.7,127.0,27080.0,3.466666666666667,5.0,23,0.02,80,0.7,Medium,4,23004,15,14,10
Optimal,2.9735028743743896,,43867.234112841754,7500.0,36367.234112841754,75.0,0.0,4957.234112841843,0.673433711166493,0.29507345909772875,43.0,0.0,15.0,75.0,0.0,66.2,127.0,26480.0,3.466666666666667,5.0,23,0.02,80,0.7,Medium,5,23005,15,14,10
Optimal,4.207536220550537,,43191.91027514168,7500.0,35691.91027514168,75.0,0.0,4761.910275141768,0.673433711166493,0.28344704018701,43.0,0.0,15.0,75.0,0.0,66.5,127.0,26600.0,3.8666666666666667,5.0,23,0.02,80,0.7,Medium,6,23006,15,14,10
Optimal,2.7481870651245117,,43876.68441738795,7500.0,36376.68441738795,75.0,0.0,4896.684417388034,0.673433711166493,0.2914693105588115,46.0,0.0,15.0,75.0,0.0,66.4,122.0,26560.0,3.8666666666666667,5.0,23,0.02,80,0.7,Medium,7,23007,15,14,10
Optimal,5.889533996582031,,44781.66555692068,7500.0,37281.66555692068,75.0,0.0,5321.665556920758,0.673433711166493,0.3167658069595689,47.0,0.0,15.0,75.0,0.0,65.3,134.0,26120.0,3.3333333333333335,5.0,23,0.02,80,0.7,Medium,8,23008,15,14,10
Optimal,4.209137916564941,,42700.08405188583,7500.0,35200.08405188583,75.0,0.0,4965.084051885943,0.673433711166493,0.2955407173741633,49.0,0.0,15.0,75.0,0.0,65.0,127.0,26000.0,3.8,5.0,23,0.02,80,0.7,Medium,9,23009,15,14,10
Optimal,5.565421104431152,,43492.90319659237,7500.0,35992.90319659237,75.0,0.0,4962.903196592424,0.695195045367471,0.2954109045590729,44.0,0.0,15.0,75.0,0.0,65.2,119.0,26080.0,3.533333333333333,5.0,23,0.02,80,0.7,Medium,10,23010,15,14,10
Optimal,4.639717102050781,,44366.474797448784,7500.0,36866.474797448784,75.0,0.0,4916.474797448859,0.673433711166493,0.2926473093719559,40.0,0.0,15.0,75.0,0.0,68.1,127.0,27240.0,3.6666666666666665,5.0,23,0.02,80,0.7,Medium,11,23011,15,14,10
Optimal,4.969852924346924,,43179.611767504226,7500.0,35679.611767504226,75.0,0.0,4899.611767504293,0.6896750596919948,0.29164355758954125,32.0,0.0,15.0,75.0,0.0,65.6,121.0,26240.0,3.3333333333333335,5.0,23,0.02,80,0.7,Medium,12,23012,15,14,10
Optimal,3.619948625564575,,44094.91448173279,7500.0,36594.91448173279,75.0,0.0,4894.914481732884,0.673433711166493,0.29136395724600506,48.0,0.0,15.0,75.0,0.0,68.7,127.0,27480.0,3.6666666666666665,5.0,23,0.02,80,0.7,Medium,13,23013,15,14,10
Optimal,5.312222957611084,,43819.4668019805,7500.0,36319.4668019805,75.0,0.0,5099.466801980582,0.673433711166493,0.30353969059408226,40.0,0.0,15.0,75.0,0.0,66.2,129.0,26480.0,3.066666666666667,5.0,23,0.02,80,0.7,Medium,14,23014,15,14,10
Optimal,4.014512062072754,,44547.45460647866,7500.0,37047.45460647866,75.0,0.0,5027.454606478751,0.673433711166493,0.29925325038563994,37.0,0.0,15.0,75.0,0.0,67.2,119.0,26880.0,3.2,5.0,23,0.02,80,0.7,Medium,15,23015,15,14,10
Optimal,4.684789180755615,,43429.35930711753,7500.0,35929.35930711753,75.0,0.0,4779.359307117622,0.673433711166493,0.2844856730427156,40.0,0.0,15.0,75.0,0.0,66.5,120.0,26600.0,3.7333333333333334,5.0,23,0.02,80,0.7,Medium,16,23016,15,14,10
Optimal,6.308051824569702,,43522.88690823629,7500.0,36022.88690823629,75.0,0.0,5012.886908236391,0.673433711166493,0.29838612549026133,46.0,0.0,15.0,75.0,0.0,65.5,122.0,26200.0,3.933333333333333,5.0,23,0.02,80,0.7,Medium,17,23017,15,14,10
Optimal,5.026299953460693,,43418.5645368753,7500.0,35918.5645368753,75.0,0.0,5113.564536875397,0.673433711166493,0.3043788414806784,44.0,0.0,15.0,75.0,0.0,64.9,126.0,25960.0,3.3333333333333335,5.0,23,0.02,80,0.7,Medium,18,23018,15,14,10
Optimal,5.371010065078735,,43399.79563355897,7500.0,35899.79563355897,75.0,0.0,4989.795633559037,0.6896750596919948,0.29701164485470455,34.0,0.0,15.0,75.0,0.0,65.8,121.0,26320.0,3.066666666666667,5.0,23,0.02,80,0.7,Medium,19,23019,15,14,10
Optimal,3.7880897521972656,,44453.58137134541,7500.0,36953.58137134541,75.0,0.0,4853.581371345512,0.673433711166493,0.28890365305628046,37.0,0.0,15.0,75.0,0.0,69.4,125.0,27760.0,3.6,5.0,23,0.02,80,0.7,Medium,20,23020,15,14,10
Optimal,4.24648904800415,,45134.120029389545,7500.0,37634.120029389545,75.0,0.0,4784.12002938961,0.673433711166493,0.2847690493684292,44.0,0.0,15.0,75.0,0.0,70.0,120.0,28000.0,3.7333333333333334,5.0,23,0.02,80,0.7,Medium,21,23021,15,14,10
Optimal,4.427931070327759,,43711.01615205708,7500.0,36211.01615205708,75.0,0.0,5091.016152057171,0.673433711166493,0.3030366757176888,45.0,0.0,15.0,75.0,0.0,64.8,121.0,25920.0,3.6,5.0,23,0.02,80,0.7,Medium,22,23022,15,14,10
Optimal,3.602825880050659,,43578.00083916122,7500.0,36078.00083916122,75.0,0.0,4813.000839161305,0.673433711166493,0.2864881451881729,39.0,0.0,15.0,75.0,0.0,67.8,125.0,27120.0,3.3333333333333335,5.0,23,0.02,80,0.7,Medium,23,23023,15,14,10
Optimal,5.077147960662842,,44746.48352367541,7500.0,37246.48352367541,75.0,0.0,4826.483523675494,0.6896750596919948,0.2872906859330651,39.0,0.0,15.0,75.0,0.0,68.3,120.0,27320.0,3.466666666666667,5.0,23,0.02,80,0.7,Medium,24,23024,15,14,10
Optimal,4.962328195571899,,45613.919120810635,7500.0,38113.919120810635,75.0,0.0,4953.9191208107,0.673433711166493,0.2948761381434941,36.0,0.0,15.0,75.0,0.0,70.1,125.0,28040.0,3.3333333333333335,5.0,23,0.02,80,0.7,Medium,25,23025,15,14,10
Optimal,3.981281042098999,,44720.064443843934,7500.0,37220.064443843934,75.0,0.0,5030.064443844014,0.673433711166493,0.299408597847858,35.0,0.0,15.0,75.0,0.0,68.0,128.0,27200.0,3.2,5.0,23,0.02,80,0.7,Medium,26,23026,15,14,10
Optimal,5.12321400642395,,43339.09417559441,7500.0,35839.09417559441,75.0,0.0,4919.094175594479,0.673433711166493,0.29280322473776654,34.0,0.0,15.0,75.0,0.0,65.3,118.0,26120.0,3.2666666666666666,5.0,23,0.02,80,0.7,Medium,27,23027,15,14,10
Optimal,3.956292152404785,,44435.38329319803,7500.0,36935.38329319803,75.0,0.0,4825.383293198132,0.673433711166493,0.28722519602369834,46.0,0.0,15.0,75.0,0.0,67.0,127.0,26800.0,4.0,5.0,23,0.02,80,0.7,Medium,28,23028,15,14,10
Optimal,6.091424942016602,,44472.97430657672,7500.0,36972.97430657672,75.0,0.0,5002.974306576804,0.673433711166493,0.29779608967719073,34.0,0.0,15.0,75.0,0.0,68.4,120.0,27360.0,3.3333333333333335,5.0,23,0.02,80,0.7,Medium,29,23029,15,14,10
Optimal,5.743011951446533,,45755.009048841624,7500.0,38255.009048841624,75.0,0.0,4665.009048841719,0.673433711166493,0.2776791100501023,28.0,0.0,15.0,75.0,0.0,72.8,125.0,29120.0,3.2666666666666666,5.0,23,0.02,80,0.7,Medium,30,23030,15,14,10
Optimal,6.350625991821289,,44791.58723272592,9000.0,35791.58723272592,90.0,0.0,7031.587232726022,0.673433711166493,0.3487890492423622,66.0,0.0,18.0,90.0,0.0,63.86666666666667,180.0,28740.0,4.111111111111111,5.0,24,0.02,80,0.7,High,1,24001,18,14,15
Optimal,12.242866039276123,,45436.156491768146,9000.0,36436.156491768146,90.0,0.0,6916.156491768259,0.673433711166493,0.34306331804406043,61.0,0.0,18.0,90.0,0.0,65.6,177.0,29520.0,3.7222222222222223,5.0,24,0.02,80,0.7,High,2,24002,18,14,15
Optimal,9.70412278175354,,44399.29909237922,9000.0,35399.29909237922,90.0,0.0,7129.299092379373,0.673433711166493,0.3536358676775483,82.0,0.0,18.0,90.0,0.0,62.8,186.0,28260.0,3.6666666666666665,5.0,24,0.02,80,0.7,High,3,24003,18,14,15
Optimal,11.851944923400879,,44959.77952946155,9000.0,35959.77952946155,90.0,0.0,7099.779529461667,0.673433711166493,0.3521716036439319,63.0,0.0,18.0,90.0,0.0,64.13333333333334,189.0,28860.0,3.5,5.0,24,0.02,80,0.7,High,4,24004,18,14,15
Optimal,12.74446702003479,,44293.4916282622,9000.0,35293.4916282622,90.0,0.0,7183.491628262311,0.673433711166493,0.35632398949713845,70.0,0.0,18.0,90.0,0.0,62.46666666666667,178.0,28110.0,3.388888888888889,5.0,24,0.02,80,0.7,High,5,24005,18,14,15
Optimal,7.9090070724487305,,45693.33039966053,9000.0,36693.33039966053,90.0,0.0,6778.330399660659,0.673433711166493,0.336226706332374,60.0,0.0,18.0,90.0,0.0,66.4,182.0,29880.0,3.7222222222222223,5.0,24,0.02,80,0.7,High,6,24006,18,14,15
Optimal,9.641804933547974,,45259.16205891022,9000.0,36259.16205891022,90.0,0.0,6879.162058910374,0.673433711166493,0.3412282767316654,65.0,0.0,18.0,90.0,0.0,65.26666666666667,180.0,29370.0,3.3333333333333335,5.0,24,0.02,80,0.7,High,7,24007,18,14,15
Optimal,10.98691701889038,,45171.55515389195,9000.0,36171.55515389195,90.0,0.0,6991.555153892128,0.673433711166493,0.3468033310462365,83.0,0.0,18.0,90.0,0.0,64.8,182.0,29160.0,3.7222222222222223,5.0,24,0.02,80,0.7,High,8,24008,18,14,15
Optimal,17.366291999816895,,43388.79629081937,9000.0,34388.79629081937,90.0,0.0,6888.796290819526,0.673433711166493,0.3417061652192225,81.0,0.0,18.0,90.0,0.0,61.06666666666667,178.0,27480.0,3.888888888888889,5.0,24,0.02,80,0.7,High,9,24009,18,14,15
Optimal,11.533684015274048,,46067.13977035684,9000.0,37067.13977035684,90.0,0.0,6647.13977035696,0.673433711166493,0.3297192346407222,64.0,0.0,18.0,90.0,0.0,67.6,188.0,30420.0,3.7222222222222223,5.0,24,0.02,80,0.7,High,10,24010,18,14,15
Optimal,7.1020190715789795,,45355.87635599333,9000.0,36355.87635599333,90.0,0.0,6865.8763559934405,0.673433711166493,0.3405692636901508,71.0,0.0,18.0,90.0,0.0,65.4,185.0,29430.0,4.055555555555555,5.0,24,0.02,80,0.7,High,11,24011,18,14,15
Optimal,6.030882835388184,,45594.3842175938,9000.0,36594.3842175938,90.0,0.0,6744.384217593932,0.673433711166493,0.3345428679362069,64.0,0.0,18.0,90.0,0.0,66.33333333333333,182.0,29850.0,3.2777777777777777,5.0,24,0.02,80,0.7,High,12,24012,18,14,15
Optimal,10.693104267120361,,45383.58168461594,9000.0,36383.58168461594,90.0,0.0,6583.581684616078,0.6896750596919947,0.3265665518162737,75.0,0.0,18.0,90.0,0.0,66.2,178.0,29790.0,3.4444444444444446,5.0,24,0.02,80,0.7,High,13,24013,18,14,15
Optimal,7.4968860149383545,,44085.76556550193,9000.0,35085.76556550193,90.0,0.0,6885.765565502055,0.673433711166493,0.34155583162212577,61.0,0.0,18.0,90.0,0.0,62.6,183.0,28170.0,3.8333333333333335,5.0,24,0.02,80,0.7,High,14,24014,18,14,15
Optimal,11.20238208770752,,44182.50661206609,9000.0,35182.50661206609,90.0,0.0,6802.506612066189,0.673433711166493,0.33742592321756887,59.0,0.0,18.0,90.0,0.0,63.06666666666667,180.0,28380.0,3.5555555555555554,5.0,24,0.02,80,0.7,High,15,24015,18,14,15
Optimal,14.703191041946411,,44852.33527437981,9000.0,35852.33527437981,90.0,0.0,7082.335274379919,0.673433711166493,0.3513063132132896,63.0,0.0,18.0,90.0,0.0,63.93333333333333,187.0,28770.0,3.5,5.0,24,0.02,80,0.7,High,16,24016,18,14,15
Optimal,13.454487085342407,,43484.117004062115,9000.0,34484.117004062115,90.0,0.0,7009.117004062242,0.673433711166493,0.34767445456657947,73.0,0.0,18.0,90.0,0.0,61.0,181.0,27450.0,3.8333333333333335,5.0,24,0.02,80,0.7,High,17,24017,18,14,15
Optimal,6.908724069595337,,43941.89075861679,9000.0,34941.89075861679,90.0,0.0,7001.890758616905,0.673433711166493,0.34731600985202904,74.0,0.0,18.0,90.0,0.0,61.93333333333333,178.0,27870.0,4.222222222222222,5.0,24,0.02,80,0.7,High,18,24018,18,14,15
Optimal,13.891843795776367,,44553.87205807962,9000.0,35553.87205807962,90.0,0.0,7013.872058079764,0.673433711166493,0.3479103203412582,62.0,0.0,18.0,90.0,0.0,63.333333333333336,185.0,28500.0,3.388888888888889,5.0,24,0.02,80,0.7,High,19,24019,18,14,15
Optimal,8.836627006530762,,44230.58804787453,9000.0,35230.58804787453,90.0,0.0,6910.588047874593,0.6896750596919948,0.34278710554933495,74.0,0.0,18.0,90.0,0.0,62.93333333333333,168.0,28320.0,4.0,5.0,24,0.02,80,0.7,High,20,24020,18,14,15
Optimal,9.71940803527832,,44651.03121904241,9000.0,35651.03121904241,90.0,0.0,7031.031219042523,0.6896750596919948,0.34876146919853784,65.0,0.0,18.0,90.0,0.0,63.53333333333333,181.0,28590.0,3.388888888888889,5.0,24,0.02,80,0.7,High,21,24021,18,14,15
Optimal,8.192560195922852,,45514.9467864415,9000.0,36514.9467864415,90.0,0.0,6654.946786441614,0.673433711166493,0.3301064874226991,45.0,0.0,18.0,90.0,0.0,66.33333333333333,181.0,29850.0,3.4444444444444446,5.0,24,0.02,80,0.7,High,22,24022,18,14,15
Optimal,8.982201099395752,,44341.08245737356,9000.0,35341.08245737356,90.0,0.0,6901.082457373682,0.673433711166493,0.342315598084012,62.0,0.0,18.0,90.0,0.0,63.2,170.0,28440.0,3.4444444444444446,5.0,24,0.02,80,0.7,High,23,24023,18,14,15
Optimal,6.926682949066162,,44337.34715900468,9000.0,35337.34715900468,90.0,0.0,6807.347159004789,0.673433711166493,0.3376660297125392,53.0,0.0,18.0,90.0,0.0,63.4,182.0,28530.0,3.2777777777777777,5.0,24,0.02,80,0.7,High,24,24024,18,14,15
Optimal,9.016755104064941,,45539.12011075769,9000.0,36539.12011075769,90.0,0.0,6919.1201107578445,0.673433711166493,0.3432103229542582,55.0,0.0,18.0,90.0,0.0,65.8,179.0,29610.0,3.4444444444444446,5.0,24,0.02,80,0.7,High,25,24025,18,14,15
Optimal,5.784937858581543,,43516.55436280759,9000.0,34516.55436280759,90.0,0.0,7206.55436280771,0.673433711166493,0.35746797434562055,83.0,0.0,18.0,90.0,0.0,60.6,174.0,27270.0,4.111111111111111,5.0,24,0.02,80,0.7,High,26,24026,18,14,15
Optimal,11.260387182235718,,44567.234303401674,9000.0,35567.234303401674,90.0,0.0,7157.234303401783,0.673433711166493,0.3550215428274694,68.0,0.0,18.0,90.0,0.0,63.13333333333333,172.0,28410.0,3.7222222222222223,5.0,24,0.02,80,0.7,High,27,24027,18,14,15
Optimal,14.954267978668213,,44401.94335448856,9000.0,35401.94335448856,90.0,0.0,6826.943354488654,0.673433711166493,0.3386380632186833,63.0,0.0,18.0,90.0,0.0,63.46666666666667,185.0,28560.0,3.611111111111111,5.0,24,0.02,80,0.7,High,28,24028,18,14,15
Optimal,7.859760046005249,,45074.63489814616,9000.0,36074.63489814616,90.0,0.0,6764.6348981462725,0.673433711166493,0.33554736597947776,53.0,0.0,18.0,90.0,0.0,65.13333333333334,187.0,29310.0,3.2222222222222223,5.0,24,0.02,80,0.7,High,29,24029,18,14,15
Optimal,12.830211877822876,,44666.55771549007,9000.0,35666.55771549007,90.0,0.0,6876.557715490195,0.673433711166493,0.3410990930302676,68.0,0.0,18.0,90.0,0.0,63.93333333333333,180.0,28770.0,3.3333333333333335,5.0,24,0.02,80,0.7,High,30,24030,18,14,15
NO_SOLUTION,120.19266986846924,Solver timed out or no feasible solution found,,,,,,,,,,,,,,,,,,,25,0.02,80,0.8,Low,1,25001,12,10,5
NO_SOLUTION,120.1756420135498,Solver timed out or no feasible solution found,,,,,,,,,,,,,,,,,,,25,0.02,80,0.8,Low,2,25002,12,10,5
NO_SOLUTION,120.1599988937378,Solver timed out or no feasible solution found,,,,,,,,,,,,,,,,,,,25,0.02,80,0.8,Low,3,25003,12,10,5
NO_SOLUTION,120.15801000595093,Solver timed out or no feasible solution found,,,,,,,,,,,,,,,,,,,25,0.02,80,0.8,Low,4,25004,12,10,5
NO_SOLUTION,120.15531802177429,Solver timed out or no feasible solution found,,,,,,,,,,,,,,,,,,,25,0.02,80,0.8,Low,5,25005,12,10,5
NO_SOLUTION,120.16728186607361,Solver timed out or no feasible solution found,,,,,,,,,,,,,,,,,,,25,0.02,80,0.8,Low,6,25006,12,10,5
NO_SOLUTION,120.19306182861328,Solver timed out or no feasible solution found,,,,,,,,,,,,,,,,,,,25,0.02,80,0.8,Low,7,25007,12,10,5
NO_SOLUTION,120.1479971408844,Solver timed out or no feasible solution found,,,,,,,,,,,,,,,,,,,25,0.02,80,0.8,Low,8,25008,12,10,5
NO_SOLUTION,120.16912913322449,Solver timed out or no feasible solution found,,,,,,,,,,,,,,,,,,,25,0.02,80,0.8,Low,9,25009,12,10,5
NO_SOLUTION,120.25691199302673,Solver timed out or no feasible solution found,,,,,,,,,,,,,,,,,,,25,0.02,80,0.8,Low,10,25010,12,10,5
NO_SOLUTION,120.2185411453247,Solver timed out or no feasible solution found,,,,,,,,,,,,,,,,,,,25,0.02,80,0.8,Low,11,25011,12,10,5
NO_SOLUTION,120.15529489517212,Solver timed out or no feasible solution found,,,,,,,,,,,,,,,,,,,25,0.02,80,0.8,Low,12,25012,12,10,5
NO_SOLUTION,120.17145991325378,Solver timed out or no feasible solution found,,,,,,,,,,,,,,,,,,,25,0.02,80,0.8,Low,13,25013,12,10,5
NO_SOLUTION,120.22925519943237,Solver timed out or no feasible solution found,,,,,,,,,,,,,,,,,,,25,0.02,80,0.8,Low,14,25014,12,10,5
NO_SOLUTION,120.14132404327393,Solver timed out or no feasible solution found,,,,,,,,,,,,,,,,,,,25,0.02,80,0.8,Low,15,25015,12,10,5
NO_SOLUTION,120.09926676750183,Solver timed out or no feasible solution found,,,,,,,,,,,,,,,,,,,25,0.02,80,0.8,Low,16,25016,12,10,5
NO_SOLUTION,120.09234094619751,Solver timed out or no feasible solution found,,,,,,,,,,,,,,,,,,,25,0.02,80,0.8,Low,17,25017,12,10,5
NO_SOLUTION,120.12032318115234,Solver timed out or no feasible solution found,,,,,,,,,,,,,,,,,,,25,0.02,80,0.8,Low,18,25018,12,10,5
NO_SOLUTION,120.14466309547424,Solver timed out or no feasible solution found,,,,,,,,,,,,,,,,,,,25,0.02,80,0.8,Low,19,25019,12,10,5
NO_SOLUTION,120.21904683113098,Solver timed out or no feasible solution found,,,,,,,,,,,,,,,,,,,25,0.02,80,0.8,Low,20,25020,12,10,5
NO_SOLUTION,120.158282995224,Solver timed out or no feasible solution found,,,,,,,,,,,,,,,,,,,25,0.02,80,0.8,Low,21,25021,12,10,5
NO_SOLUTION,120.15808200836182,Solver timed out or no feasible solution found,,,,,,,,,,,,,,,,,,,25,0.02,80,0.8,Low,22,25022,12,10,5
NO_SOLUTION,120.15855622291565,Solver timed out or no feasible solution found,,,,,,,,,,,,,,,,,,,25,0.02,80,0.8,Low,23,25023,12,10,5
NO_SOLUTION,120.19458508491516,Solver timed out or no feasible solution found,,,,,,,,,,,,,,,,,,,25,0.02,80,0.8,Low,24,25024,12,10,5
NO_SOLUTION,120.15417003631592,Solver timed out or no feasible solution found,,,,,,,,,,,,,,,,,,,25,0.02,80,0.8,Low,25,25025,12,10,5
NO_SOLUTION,120.15373420715332,Solver timed out or no feasible solution found,,,,,,,,,,,,,,,,,,,25,0.02,80,0.8,Low,26,25026,12,10,5
NO_SOLUTION,120.17062401771545,Solver timed out or no feasible solution found,,,,,,,,,,,,,,,,,,,25,0.02,80,0.8,Low,27,25027,12,10,5
NO_SOLUTION,120.15788698196411,Solver timed out or no feasible solution found,,,,,,,,,,,,,,,,,,,25,0.02,80,0.8,Low,28,25028,12,10,5
NO_SOLUTION,120.18355178833008,Solver timed out or no feasible solution found,,,,,,,,,,,,,,,,,,,25,0.02,80,0.8,Low,29,25029,12,10,5
NO_SOLUTION,120.17044615745544,Solver timed out or no feasible solution found,,,,,,,,,,,,,,,,,,,25,0.02,80,0.8,Low,30,25030,12,10,5
Optimal,31.143232107162476,,38929.44212270602,10500.0,28429.442122706023,105.0,0.0,8109.4421227060175,0.7969447726236238,0.4827048882563105,104.0,0.0,15.0,105.0,0.0,39.7,51.0,15880.0,5.666666666666667,7.0,26,0.02,80,0.8,Medium,1,26001,15,14,10
Optimal,48.68670678138733,,37475.44529960733,10500.0,26975.44529960733,105.0,0.0,8135.445299607292,0.7969447726236238,0.484252696405196,97.0,0.0,15.0,105.0,0.0,35.8,55.0,14320.0,5.4,7.0,26,0.02,80,0.8,Medium,2,26002,15,14,10
Optimal,32.5640082359314,,38096.06200498989,10500.0,27596.062004989893,105.0,0.0,7836.062004989889,0.7969447726236238,0.4664322622017791,91.0,0.0,15.0,105.0,0.0,39.3,86.0,15720.0,5.533333333333333,7.0,26,0.02,80,0.8,Medium,3,26003,15,14,10
Optimal,18.348827838897705,,38486.10124304253,10500.0,27986.101243042533,105.0,0.0,7856.101243042491,0.7969447726236238,0.4676250739906245,89.0,0.0,15.0,105.0,0.0,39.2,86.0,15680.0,5.533333333333333,7.0,26,0.02,80,0.8,Medium,4,26004,15,14,10
Optimal,44.45184898376465,,39091.47118399469,10500.0,28591.47118399469,105.0,0.0,7591.471183994654,0.7969447726236238,0.45187328476158656,84.0,0.0,15.0,105.0,0.0,43.2,114.0,17280.0,5.066666666666666,7.0,26,0.02,80,0.8,Medium,5,26005,15,14,10
Optimal,48.99901270866394,,37319.597456067975,10500.0,26819.597456067975,105.0,0.0,8154.597456068012,0.7969447726236238,0.48539270571833404,95.0,0.0,15.0,105.0,0.0,36.2,60.0,14480.0,5.2,7.0,26,0.02,80,0.8,Medium,6,26006,15,14,10
Optimal,34.12312078475952,,38592.90281277409,10500.0,28092.90281277409,105.0,0.0,7962.902812774068,0.7969447726236238,0.47398231028417065,90.0,0.0,15.0,105.0,0.0,39.7,61.0,15880.0,5.333333333333333,7.0,26,0.02,80,0.8,Medium,7,26007,15,14,10
Optimal,22.51589298248291,,38854.07781575423,10500.0,28354.07781575423,105.0,0.0,8104.077815754206,0.7969447726236238,0.4823855842710837,99.0,0.0,15.0,105.0,0.0,38.6,68.0,15440.0,5.266666666666667,7.0,26,0.02,80,0.8,Medium,8,26008,15,14,10
Optimal,37.035719871520996,,38668.365306110885,10500.0,28168.365306110885,105.0,0.0,7918.3653061108735,0.7969447726236238,0.47133126822088534,92.0,0.0,15.0,105.0,0.0,38.0,86.0,15200.0,5.533333333333333,7.0,26,0.02,80,0.8,Medium,9,26009,15,14,10
Optimal,31.4653799533844,,38516.39786763384,10500.0,28016.397867633837,105.0,0.0,7841.397867633779,0.7969447726236238,0.4667498730734393,89.0,0.0,15.0,105.0,0.0,39.7,89.0,15880.0,5.4,7.0,26,0.02,80,0.8,Medium,10,26010,15,14,10
Optimal,30.96245002746582,,40278.41151074063,10500.0,29778.411510740632,105.0,0.0,7688.41151074058,0.7969447726236238,0.45764354230598686,88.0,0.0,15.0,105.0,0.0,44.9,105.0,17960.0,4.733333333333333,7.0,26,0.02,80,0.8,Medium,11,26011,15,14,10
Optimal,30.10293197631836,,39312.753632690015,10500.0,28812.753632690015,105.0,0.0,7772.753632689951,0.7969447726236238,0.46266390670773516,92.0,0.0,15.0,105.0,0.0,43.2,93.0,17280.0,6.0,7.0,26,0.02,80,0.8,Medium,12,26012,15,14,10
Optimal,42.229651927948,,39099.50160783536,10500.0,28599.50160783536,105.0,0.0,7719.501607835335,0.7969447726236238,0.4594941433235318,89.0,0.0,15.0,105.0,0.0,43.7,86.0,17480.0,5.733333333333333,7.0,26,0.02,80,0.8,Medium,13,26013,15,14,10
Optimal,34.54026389122009,,37611.58918336893,10500.0,27111.58918336893,105.0,0.0,7886.5891833689275,0.7969447726236238,0.46943983234338854,91.0,0.0,15.0,105.0,0.0,36.9,74.0,14760.0,5.0,7.0,26,0.02,80,0.8,Medium,14,26014,15,14,10
Optimal,20.06654405593872,,37895.133211487155,10500.0,27395.133211487155,105.0,0.0,7755.133211487131,0.7969447726236238,0.4616150721123292,91.0,0.0,15.0,105.0,0.0,38.7,85.0,15480.0,5.466666666666667,7.0,26,0.02,80,0.8,Medium,15,26015,15,14,10
Optimal,37.208526849746704,,37360.87315573565,10500.0,26860.87315573565,105.0,0.0,7940.8731557355995,0.7969447726236238,0.4726710211747381,92.0,0.0,15.0,105.0,0.0,37.0,72.0,14800.0,5.933333333333334,7.0,26,0.02,80,0.8,Medium,16,26016,15,14,10
Optimal,33.55395197868347,,39528.39680612035,10500.0,29028.39680612035,105.0,0.0,7348.396806120289,0.7969447726236238,0.4374045717928743,80.0,0.0,15.0,105.0,0.0,45.3,124.0,18120.0,4.933333333333334,7.0,26,0.02,80,0.8,Medium,17,26017,15,14,10
Optimal,32.060384035110474,,36696.2403687745,10500.0,26196.240368774503,105.0,0.0,8156.240368774487,0.7969447726236238,0.4854904981413385,98.0,0.0,15.0,105.0,0.0,35.4,57.0,14160.0,5.333333333333333,7.0,26,0.02,80,0.8,Medium,18,26018,15,14,10
Optimal,28.25040888786316,,37438.37721379264,10500.0,26938.377213792643,105.0,0.0,7698.377213792587,0.7969447726236238,0.4582367389162254,87.0,0.0,15.0,105.0,0.0,38.3,83.0,15320.0,5.6,7.0,26,0.02,80,0.8,Medium,19,26019,15,14,10
Optimal,11.277363061904907,,38315.66035739049,10500.0,27815.660357390487,105.0,0.0,8045.660357390456,0.7969447726236238,0.4789083546065747,93.0,0.0,15.0,105.0,0.0,37.0,65.0,14800.0,5.266666666666667,7.0,26,0.02,80,0.8,Medium,20,26020,15,14,10
Optimal,11.110343217849731,,38927.32708420407,10500.0,28427.327084204073,105.0,0.0,7867.327084204033,0.7969447726236238,0.4682932788216686,89.0,0.0,15.0,105.0,0.0,40.5,85.0,16200.0,5.266666666666667,7.0,26,0.02,80,0.8,Medium,21,26021,15,14,10
Optimal,24.374583959579468,,38194.010073186684,10500.0,27694.010073186684,105.0,0.0,8174.010073186675,0.7969447726236238,0.48654821864206405,88.0,0.0,15.0,105.0,0.0,37.6,52.0,15040.0,5.0,7.0,26,0.02,80,0.8,Medium,22,26022,15,14,10
Optimal,33.57166409492493,,38361.965587087005,10500.0,27861.965587087005,105.0,0.0,7971.96558708696,0.7969447726236238,0.47452176113612854,88.0,0.0,15.0,105.0,0.0,39.9,68.0,15960.0,4.666666666666667,7.0,26,0.02,80,0.8,Medium,23,26023,15,14,10
Optimal,21.153963088989258,,36694.9251303038,10500.0,26194.925130303804,105.0,0.0,8074.925130303791,0.7969447726236238,0.48065030537522563,95.0,0.0,15.0,105.0,0.0,34.1,76.0,13640.0,5.8,7.0,26,0.02,80,0.8,Medium,24,26024,15,14,10
Optimal,12.836818933486938,,37738.36875809114,10500.0,27238.368758091143,105.0,0.0,7838.368758091124,0.7969447726236238,0.4665695689339955,92.0,0.0,15.0,105.0,0.0,37.6,98.0,15040.0,5.533333333333333,7.0,26,0.02,80,0.8,Medium,25,26025,15,14,10
Optimal,22.94012475013733,,37391.37299047667,10500.0,26891.372990476673,105.0,0.0,8081.372990476688,0.7969447726236238,0.4810341065759933,90.0,0.0,15.0,105.0,0.0,35.5,61.0,14200.0,4.866666666666666,7.0,26,0.02,80,0.8,Medium,26,26026,15,14,10
Optimal,11.87743091583252,,38740.89738755908,10500.0,28240.897387559082,105.0,0.0,7720.897387559058,0.7969447726236238,0.45957722544994395,92.0,0.0,15.0,105.0,0.0,39.8,86.0,15920.0,5.6,7.0,26,0.02,80,0.8,Medium,27,26027,15,14,10
Optimal,26.045007705688477,,37635.10299656069,10500.0,27135.102996560687,105.0,0.0,7935.102996560668,0.7969447726236238,0.4723275593190874,93.0,0.0,15.0,105.0,0.0,36.3,90.0,14520.0,5.2,7.0,26,0.02,80,0.8,Medium,28,26028,15,14,10
Optimal,20.181576013565063,,38338.38335579842,10500.0,27838.383355798418,105.0,0.0,8038.383355798365,0.7969447726236238,0.4784751997499027,96.0,0.0,15.0,105.0,0.0,38.8,65.0,15520.0,4.866666666666666,7.0,26,0.02,80,0.8,Medium,29,26029,15,14,10
Optimal,12.758188009262085,,38575.668891828944,10500.0,28075.668891828944,105.0,0.0,8105.668891828905,0.7969447726236238,0.48248029118029195,99.0,0.0,15.0,105.0,0.0,36.5,81.0,14600.0,5.666666666666667,7.0,26,0.02,80,0.8,Medium,30,26030,15,14,10
Optimal,19.556073904037476,,36928.43005744367,12600.0,24328.43005744367,126.0,0.0,9448.430057443682,0.7969447726236238,0.46867212586526197,115.0,0.0,18.0,126.0,0.0,33.06666666666667,59.0,14880.0,5.888888888888889,7.0,27,0.02,80,0.8,High,1,27001,18,14,15
Optimal,18.74039101600647,,37870.16973526515,12600.0,25270.169735265154,126.0,0.0,9550.16973526511,0.7969447726236238,0.473718736868309,109.0,0.0,18.0,126.0,0.0,34.93333333333333,66.0,15720.0,5.444444444444445,7.0,27,0.02,80,0.8,High,2,27002,18,14,15
Optimal,33.38194990158081,,36197.48561188417,12600.0,23597.48561188417,126.0,0.0,9527.485611884165,0.7969447726236238,0.47259353233552404,115.0,0.0,18.0,126.0,0.0,31.2,55.0,14040.0,5.888888888888889,7.0,27,0.02,80,0.8,High,3,27003,18,14,15
Optimal,24.14067506790161,,37927.72171881302,12600.0,25327.721718813023,126.0,0.0,9397.721718813014,0.7969447726236238,0.4661568312903281,108.0,0.0,18.0,126.0,0.0,35.4,57.0,15930.0,5.277777777777778,7.0,27,0.02,80,0.8,High,4,27004,18,14,15
Optimal,27.829598903656006,,36429.16837394515,12600.0,23829.168373945147,126.0,0.0,9369.168373945171,0.7969447726236238,0.4647404947393438,112.0,0.0,18.0,126.0,0.0,32.06666666666667,58.0,14430.0,5.666666666666667,7.0,27,0.02,80,0.8,High,5,27005,18,14,15
Optimal,48.47856402397156,,37287.51284275985,12600.0,24687.512842759847,126.0,0.0,9537.512842759848,0.7969447726236238,0.47309091481943694,111.0,0.0,18.0,126.0,0.0,33.666666666666664,53.0,15150.0,5.555555555555555,7.0,27,0.02,80,0.8,High,6,27006,18,14,15
Optimal,31.74028706550598,,38139.43522285954,12600.0,25539.435222859538,126.0,0.0,9479.435222859574,0.7969447726236238,0.4702100804989868,111.0,0.0,18.0,126.0,0.0,35.666666666666664,60.0,16050.0,5.666666666666667,7.0,27,0.02,80,0.8,High,7,27007,18,14,15
Optimal,46.792596101760864,,38186.55342052147,12600.0,25586.55342052147,126.0,0.0,9646.553420521515,0.7969447726236238,0.4784996736369799,106.0,0.0,18.0,126.0,0.0,35.4,67.0,15930.0,5.111111111111111,7.0,27,0.02,80,0.8,High,8,27008,18,14,15
Optimal,36.567547082901,,37362.21884406675,12600.0,24762.218844066752,126.0,0.0,9412.218844066765,0.7969447726236238,0.46687593472553396,113.0,0.0,18.0,126.0,0.0,34.06666666666667,66.0,15330.0,5.555555555555555,7.0,27,0.02,80,0.8,High,9,27009,18,14,15
Optimal,49.684356927871704,,38121.80281503694,12600.0,25521.802815036943,126.0,0.0,9491.802815036941,0.7969447726236238,0.4708235523331816,111.0,0.0,18.0,126.0,0.0,35.6,65.0,16020.0,5.555555555555555,7.0,27,0.02,80,0.8,High,10,27010,18,14,15
Optimal,34.045137882232666,,37649.130073355496,12600.0,25049.130073355496,126.0,0.0,9719.130073355505,0.7969447726236238,0.4820997060196183,111.0,0.0,18.0,126.0,0.0,34.06666666666667,57.0,15330.0,5.5,7.0,27,0.02,80,0.8,High,11,27011,18,14,15
Optimal,24.448039054870605,,37132.529511454166,12600.0,24532.529511454166,126.0,0.0,9832.52951145416,0.7969447726236238,0.4877246781475278,118.0,0.0,18.0,126.0,0.0,32.666666666666664,55.0,14700.0,5.555555555555555,7.0,27,0.02,80,0.8,High,12,27012,18,14,15
Optimal,27.657788038253784,,37532.76599155018,12600.0,24932.76599155018,126.0,0.0,9662.765991550239,0.7969447726236238,0.47930386862848406,114.0,0.0,18.0,126.0,0.0,33.93333333333333,58.0,15270.0,5.5,7.0,27,0.02,80,0.8,High,13,27013,18,14,15
Optimal,28.036402225494385,,36947.76368851303,12600.0,24347.763688513027,126.0,0.0,9497.763688513072,0.7969447726236238,0.4711192305810056,107.0,0.0,18.0,126.0,0.0,33.0,53.0,14850.0,5.555555555555555,7.0,27,0.02,80,0.8,High,14,27014,18,14,15
Optimal,36.428122997283936,,38039.52214252788,12600.0,25439.52214252788,126.0,0.0,9669.522142527852,0.7969447726236238,0.479638995165072,113.0,0.0,18.0,126.0,0.0,35.0,60.0,15750.0,5.555555555555555,7.0,27,0.02,80,0.8,High,15,27015,18,14,15
Optimal,36.304423809051514,,36944.76189967401,12600.0,24344.761899674013,126.0,0.0,9494.761899674024,0.7969447726236238,0.47097033232510044,114.0,0.0,18.0,126.0,0.0,33.0,62.0,14850.0,5.722222222222222,7.0,27,0.02,80,0.8,High,16,27016,18,14,15
Optimal,40.306747913360596,,36630.41313086521,12600.0,24030.413130865207,126.0,0.0,9380.41313086524,0.7969447726236238,0.4652982703802202,110.0,0.0,18.0,126.0,0.0,32.53333333333333,56.0,14640.0,5.722222222222222,7.0,27,0.02,80,0.8,High,17,27017,18,14,15
Optimal,28.950960159301758,,37715.68209353854,12600.0,25115.68209353854,126.0,0.0,9655.68209353853,0.7969447726236238,0.4789524847985382,105.0,0.0,18.0,126.0,0.0,34.333333333333336,64.0,15450.0,5.388888888888889,7.0,27,0.02,80,0.8,High,18,27018,18,14,15
Optimal,35.511722803115845,,37020.78150005157,12600.0,24420.78150005157,126.0,0.0,9600.781500051602,0.7969447726236238,0.4762292410739882,117.0,0.0,18.0,126.0,0.0,32.93333333333333,54.0,14820.0,5.666666666666667,7.0,27,0.02,80,0.8,High,19,27019,18,14,15
Optimal,45.84819793701172,,37024.209740744474,12600.0,24424.209740744474,126.0,0.0,9274.209740744456,0.7969447726236238,0.4600302450766099,105.0,0.0,18.0,126.0,0.0,33.666666666666664,65.0,15150.0,5.555555555555555,7.0,27,0.02,80,0.8,High,20,27020,18,14,15
Optimal,30.8044490814209,,38004.43935828372,12600.0,25404.439358283722,126.0,0.0,9474.439358283713,0.7969447726236238,0.4699622697561366,106.0,0.0,18.0,126.0,0.0,35.4,67.0,15930.0,5.611111111111111,7.0,27,0.02,80,0.8,High,21,27021,18,14,15
Optimal,29.231158018112183,,36855.557538899026,12600.0,24255.557538899026,126.0,0.0,9540.557538899016,0.7969447726236238,0.4732419414136417,108.0,0.0,18.0,126.0,0.0,32.666666666666664,56.0,14700.0,5.5,7.0,27,0.02,80,0.8,High,22,27022,18,14,15
Optimal,25.296477794647217,,38140.19027662534,12600.0,25540.19027662534,126.0,0.0,9400.190276625312,0.7969447726236238,0.46627927959450954,108.0,0.0,18.0,126.0,0.0,35.86666666666667,67.0,16140.0,5.722222222222222,7.0,27,0.02,80,0.8,High,23,27023,18,14,15
Optimal,41.90119695663452,,38025.57464332874,12600.0,25425.574643328742,126.0,0.0,9585.574643328724,0.7969447726236238,0.47547493270479785,105.0,0.0,18.0,126.0,0.0,35.2,71.0,15840.0,5.555555555555555,7.0,27,0.02,80,0.8,High,24,27024,18,14,15
Optimal,29.36474919319153,,37767.735923309,12600.0,25167.735923309003,126.0,0.0,9587.735923309026,0.7969447726236238,0.47558213905302715,112.0,0.0,18.0,126.0,0.0,34.6,66.0,15570.0,5.388888888888889,7.0,27,0.02,80,0.8,High,25,27025,18,14,15
Optimal,38.937122106552124,,36922.69969571707,12600.0,24322.69969571707,126.0,0.0,9347.6996957171,0.7969447726236238,0.46367558014469745,104.0,0.0,18.0,126.0,0.0,33.2,57.0,14940.0,5.555555555555555,7.0,27,0.02,80,0.8,High,26,27026,18,14,15
Optimal,27.76753878593445,,38076.9773126846,12600.0,25476.977312684598,126.0,0.0,9246.977312684623,0.7969447726236238,0.45867943019268964,107.0,0.0,18.0,126.0,0.0,36.06666666666667,63.0,16230.0,6.166666666666667,7.0,27,0.02,80,0.8,High,27,27027,18,14,15
Optimal,30.456162929534912,,35928.58793323595,12600.0,23328.587933235947,126.0,0.0,9438.587933235991,0.7969447726236238,0.46818392525972174,112.0,0.0,18.0,126.0,0.0,30.866666666666667,54.0,13890.0,5.666666666666667,7.0,27,0.02,80,0.8,High,28,27028,18,14,15
Optimal,39.135956048965454,,37364.51228753114,12600.0,24764.512287531143,126.0,0.0,9454.512287531144,0.7969447726236238,0.4689738237862671,109.0,0.0,18.0,126.0,0.0,34.0,61.0,15300.0,5.388888888888889,7.0,27,0.02,80,0.8,High,29,27029,18,14,15
Optimal,34.411376953125,,38036.41641641707,12600.0,25436.416416417072,126.0,0.0,9806.416416417058,0.7969447726236238,0.48642938573497313,119.0,0.0,18.0,126.0,0.0,34.733333333333334,61.0,15630.0,5.555555555555555,7.0,27,0.02,80,0.8,High,30,27030,18,14,15
Optimal,0.7835609912872314,,36770.30053232185,2400.0,34370.30053232185,24.0,0.0,370.30053232186606,0.47474427220752063,0.10286125897829614,0.0,0.0,12.0,24.0,0.0,60.4,66.0,24160.0,2.0,2.0,28,0.03,30,0.6,Low,1,28001,12,10,5
Optimal,0.7527399063110352,,38981.8158759894,2400.0,36581.8158759894,24.0,0.0,341.8158759894148,0.47474427220752063,0.09494885444150411,0.0,0.0,12.0,24.0,0.0,60.4,68.0,24160.0,2.0,2.0,28,0.03,30,0.6,Low,2,28002,12,10,5
Optimal,0.8229250907897949,,39621.8158759894,2400.0,37221.8158759894,24.0,0.0,341.8158759894148,0.47474427220752063,0.09494885444150411,0.0,0.0,12.0,24.0,0.0,62.2,65.0,24880.0,2.0,2.0,28,0.03,30,0.6,Low,3,28003,12,10,5
Optimal,0.6876287460327148,,37956.058204155626,2400.0,35556.058204155626,24.0,0.0,356.05820415564045,0.47474427220752063,0.09890505670990013,0.0,0.0,12.0,24.0,0.0,59.8,63.0,23920.0,2.0,2.0,28,0.03,30,0.6,Low,4,28004,12,10,5
Optimal,0.690319299697876,,37010.30053232185,2400.0,34610.30053232185,24.0,0.0,370.30053232186606,0.47474427220752063,0.10286125897829614,0.0,0.0,12.0,24.0,0.0,60.4,64.0,24160.0,2.0,2.0,28,0.03,30,0.6,Low,5,28005,12,10,5
Optimal,0.7427327632904053,,38741.8158759894,2400.0,36341.8158759894,24.0,0.0,341.8158759894148,0.47474427220752063,0.09494885444150411,0.0,0.0,12.0,24.0,0.0,61.8,65.0,24720.0,2.0,2.0,28,0.03,30,0.6,Low,6,28006,12,10,5
Optimal,0.7977800369262695,,37701.8158759894,2400.0,35301.8158759894,24.0,0.0,341.8158759894148,0.47474427220752063,0.09494885444150411,0.0,0.0,12.0,24.0,0.0,58.6,62.0,23440.0,2.0,2.0,28,0.03,30,0.6,Low,7,28007,12,10,5
Optimal,0.716731071472168,,39076.058204155626,2400.0,36676.058204155626,24.0,0.0,356.05820415564045,0.47474427220752063,0.09890505670990013,0.0,0.0,12.0,24.0,0.0,61.0,64.0,24400.0,2.0,2.0,28,0.03,30,0.6,Low,8,28008,12,10,5
Optimal,0.7638070583343506,,37250.30053232185,2400.0,34850.30053232185,24.0,0.0,370.30053232186606,0.47474427220752063,0.10286125897829614,0.0,0.0,12.0,24.0,0.0,59.0,63.0,23600.0,2.0,2.0,28,0.03,30,0.6,Low,9,28009,12,10,5
Optimal,0.7415449619293213,,37318.93704007251,2400.0,34918.93704007251,24.0,0.0,348.9370400725276,0.47474427220752063,0.09692695557570212,0.0,0.0,12.0,24.0,0.0,58.4,62.0,23360.0,1.9166666666666667,2.0,28,0.03,30,0.6,Low,10,28010,12,10,5
Optimal,0.7418391704559326,,37144.69471190628,2400.0,34744.69471190628,24.0,0.0,334.694711906302,0.47474427220752063,0.09297075330730611,0.0,0.0,12.0,24.0,0.0,59.4,64.0,23760.0,1.9166666666666667,2.0,28,0.03,30,0.6,Low,11,28011,12,10,5
Optimal,0.730820894241333,,37730.30053232185,2400.0,35330.30053232185,24.0,0.0,370.30053232186606,0.47474427220752063,0.10286125897829614,0.0,0.0,12.0,24.0,0.0,60.0,67.0,24000.0,2.0,2.0,28,0.03,30,0.6,Low,12,28012,12,10,5
Optimal,0.6951229572296143,,37621.8158759894,2400.0,35221.8158759894,24.0,0.0,341.8158759894148,0.47474427220752063,0.09494885444150411,0.0,0.0,12.0,24.0,0.0,58.4,63.0,23360.0,2.0,2.0,28,0.03,30,0.6,Low,13,28013,12,10,5
Optimal,0.6948611736297607,,38210.30053232185,2400.0,35810.30053232185,24.0,0.0,370.3005323218661,0.47474427220752063,0.10286125897829615,0.0,0.0,12.0,24.0,0.0,60.8,66.0,24320.0,2.0,2.0,28,0.03,30,0.6,Low,14,28014,12,10,5
Optimal,0.7686886787414551,,38678.93704007251,2400.0,36278.93704007251,24.0,0.0,348.9370400725276,0.47474427220752063,0.09692695557570212,0.0,0.0,12.0,24.0,0.0,61.4,66.0,24560.0,1.9166666666666667,2.0,28,0.03,30,0.6,Low,15,28015,12,10,5
Optimal,0.7551407814025879,,37650.30053232185,2400.0,35250.30053232185,24.0,0.0,370.30053232186606,0.47474427220752063,0.10286125897829614,0.0,0.0,12.0,24.0,0.0,58.8,61.0,23520.0,2.0,2.0,28,0.03,30,0.6,Low,16,28016,12,10,5
Optimal,0.7817831039428711,,39090.30053232185,2400.0,36690.30053232185,24.0,0.0,370.3005323218661,0.47474427220752063,0.10286125897829615,0.0,0.0,12.0,24.0,0.0,61.6,65.0,24640.0,2.0,2.0,28,0.03,30,0.6,Low,17,28017,12,10,5
Optimal,0.6911559104919434,,37090.30053232185,2400.0,34690.30053232185,24.0,0.0,370.30053232186606,0.47474427220752063,0.10286125897829614,0.0,0.0,12.0,24.0,0.0,59.0,65.0,23600.0,2.0,2.0,28,0.03,30,0.6,Low,18,28018,12,10,5
Optimal,0.7902262210845947,,38918.93704007251,2400.0,36518.93704007251,24.0,0.0,348.9370400725277,0.47474427220752063,0.09692695557570213,0.0,0.0,12.0,24.0,0.0,60.6,67.0,24240.0,1.9166666666666667,2.0,28,0.03,30,0.6,Low,19,28019,12,10,5
Optimal,0.7162740230560303,,37610.452383740056,2400.0,35210.452383740056,24.0,0.0,320.45238374007636,0.47474427220752063,0.08901455103891011,0.0,0.0,12.0,24.0,0.0,55.4,61.0,22160.0,1.9166666666666667,2.0,28,0.03,30,0.6,Low,20,28020,12,10,5
Optimal,0.7150859832763672,,37970.30053232185,2400.0,35570.30053232185,24.0,0.0,370.30053232186606,0.47474427220752063,0.10286125897829614,0.0,0.0,12.0,24.0,0.0,59.2,65.0,23680.0,2.0,2.0,28,0.03,30,0.6,Low,21,28021,12,10,5
Optimal,0.7100801467895508,,38036.058204155626,2400.0,35636.058204155626,24.0,0.0,356.05820415564045,0.47474427220752063,0.09890505670990013,0.0,0.0,12.0,24.0,0.0,60.2,67.0,24080.0,2.0,2.0,28,0.03,30,0.6,Low,22,28022,12,10,5
Optimal,0.7119927406311035,,36501.8158759894,2400.0,34101.8158759894,24.0,0.0,341.8158759894148,0.47474427220752063,0.09494885444150411,0.0,0.0,12.0,24.0,0.0,58.2,62.0,23280.0,2.0,2.0,28,0.03,30,0.6,Low,23,28023,12,10,5
Optimal,0.6533267498016357,,38370.30053232185,2400.0,35970.30053232185,24.0,0.0,370.30053232186606,0.47474427220752063,0.10286125897829614,0.0,0.0,12.0,24.0,0.0,59.2,65.0,23680.0,2.0,2.0,28,0.03,30,0.6,Low,24,28024,12,10,5
Optimal,0.7191760540008545,,38358.97135837641,2400.0,35958.97135837641,24.0,0.0,348.9713583764318,0.4758882156709912,0.09693648843789772,0.0,0.0,12.0,24.0,0.0,61.2,64.0,24480.0,1.9166666666666667,2.0,28,0.03,30,0.6,Low,25,28025,12,10,5
Optimal,0.6969900131225586,,38036.058204155626,2400.0,35636.058204155626,24.0,0.0,356.0582041556404,0.47474427220752063,0.09890505670990012,0.0,0.0,12.0,24.0,0.0,58.2,61.0,23280.0,2.0,2.0,28,0.03,30,0.6,Low,26,28026,12,10,5
Optimal,0.790783166885376,,38596.058204155626,2400.0,36196.058204155626,24.0,0.0,356.0582041556404,0.47474427220752063,0.09890505670990012,0.0,0.0,12.0,24.0,0.0,60.6,64.0,24240.0,2.0,2.0,28,0.03,30,0.6,Low,27,28027,12,10,5
Optimal,0.7877781391143799,,38198.93704007251,2400.0,35798.93704007251,24.0,0.0,348.9370400725277,0.47474427220752063,0.09692695557570213,0.0,0.0,12.0,24.0,0.0,61.6,65.0,24640.0,1.9166666666666667,2.0,28,0.03,30,0.6,Low,28,28028,12,10,5
Optimal,0.7930099964141846,,40038.93704007251,2400.0,37638.93704007251,24.0,0.0,348.9370400725276,0.47474427220752063,0.09692695557570212,0.0,0.0,12.0,24.0,0.0,62.6,67.0,25040.0,1.9166666666666667,2.0,28,0.03,30,0.6,Low,29,28029,12,10,5
Optimal,0.7464911937713623,,38133.179368238736,2400.0,35733.179368238736,24.0,0.0,363.1793682387533,0.47474427220752063,0.10088315784409813,0.0,0.0,12.0,24.0,0.0,59.0,66.0,23600.0,1.9166666666666667,2.0,28,0.03,30,0.6,Low,30,28030,12,10,5
Optimal,1.3882181644439697,,53917.609750985896,3000.0,50917.609750985896,30.0,0.0,552.6097509858911,0.4093405562858454,0.08771583348982398,0.0,0.0,15.0,30.0,0.0,110.2,125.0,44080.0,1.8,2.0,29,0.03,30,0.6,Medium,1,29001,15,14,10
Optimal,1.4546399116516113,,53512.17018436304,3000.0,50512.17018436304,30.0,0.0,577.1701843630418,0.4093405562858454,0.0916143149782606,0.0,0.0,15.0,30.0,0.0,110.0,127.0,44000.0,1.8,2.0,29,0.03,30,0.6,Medium,2,29002,15,14,10
Optimal,1.5198590755462646,,53164.18942595303,2900.0,50264.18942595303,29.0,0.0,534.1894259530281,0.4093405562858454,0.08479197237349653,0.0,0.0,15.0,29.0,0.0,110.3,130.0,44120.0,1.8666666666666667,2.0,29,0.03,30,0.6,Medium,3,29003,15,14,10
Optimal,1.6294879913330078,,53138.74985933019,3000.0,50138.74985933019,30.0,0.0,558.7498593301789,0.4093405562858454,0.08869045386193315,0.0,0.0,15.0,30.0,0.0,108.5,127.0,43400.0,1.8666666666666667,2.0,29,0.03,30,0.6,Medium,4,29004,15,14,10
Optimal,1.5172390937805176,,53876.46964264162,3000.0,50876.46964264162,30.0,0.0,546.4696426416033,0.4093405562858453,0.08674121311771481,0.0,0.0,15.0,30.0,0.0,110.8,128.0,44320.0,1.7333333333333334,2.0,29,0.03,30,0.6,Medium,5,29005,15,14,10
Optimal,1.4591131210327148,,54122.6097509859,3000.0,51122.6097509859,30.0,0.0,552.609750985891,0.4093405562858454,0.08771583348982397,0.0,0.0,15.0,30.0,0.0,110.6,129.0,44240.0,1.7333333333333334,2.0,29,0.03,30,0.6,Medium,6,29006,15,14,10
Optimal,1.6469321250915527,,53492.43115946173,2900.0,50592.43115946173,29.0,0.0,632.4311594616311,0.4093405562858454,0.10038589832724301,0.0,0.0,15.0,29.0,0.0,106.6,123.0,42640.0,1.4666666666666666,2.0,29,0.03,30,0.6,Medium,7,29007,15,14,10
Optimal,1.6703181266784668,,51865.869864828965,3000.0,48865.869864828965,30.0,0.0,585.8698648289125,0.49465962700528326,0.09299521663950991,0.0,0.0,15.0,30.0,0.0,102.0,126.0,40800.0,1.6,2.0,29,0.03,30,0.6,Medium,8,29008,15,14,10
Optimal,1.6484270095825195,,52614.01083442881,3000.0,49614.01083442881,30.0,0.0,614.0108344287681,0.4093405562858454,0.09746203721091558,0.0,0.0,15.0,30.0,0.0,103.4,122.0,41360.0,1.7333333333333334,2.0,29,0.03,30,0.6,Medium,9,29009,15,14,10
Optimal,1.445251226425171,,53323.31029270734,3000.0,50323.31029270734,30.0,0.0,583.3102927073295,0.4093405562858454,0.09258893535036976,0.0,0.0,15.0,30.0,0.0,108.4,127.0,43360.0,1.8666666666666667,2.0,29,0.03,30,0.6,Medium,10,29010,15,14,10
Optimal,1.6217291355133057,,53500.329534297336,3000.0,50500.329534297336,30.0,0.0,540.3295342973158,0.4093405562858454,0.08576659274560569,0.0,0.0,15.0,30.0,0.0,108.9,128.0,43560.0,1.7333333333333334,2.0,29,0.03,30,0.6,Medium,11,29011,15,14,10
Optimal,1.48443603515625,,54542.609750985896,3000.0,51542.609750985896,30.0,0.0,552.609750985891,0.4093405562858454,0.08771583348982397,0.0,0.0,15.0,30.0,0.0,110.3,127.0,44120.0,1.8,2.0,29,0.03,30,0.6,Medium,12,29012,15,14,10
Optimal,1.6095309257507324,,53616.39181502621,3050.0,50566.39181502621,29.0,1.0,696.3918150260911,0.49465962700528326,0.11053838333747477,0.0,0.0,15.0,29.0,1.0,105.0,121.0,42000.0,1.6,2.0,29,0.03,30,0.6,Medium,13,29013,15,14,10
Optimal,1.9135220050811768,,54344.88996767447,3000.0,51344.88996767447,30.0,0.0,564.8899676744667,0.4093405562858454,0.08966507423404232,0.0,0.0,15.0,30.0,0.0,111.1,128.0,44440.0,1.8666666666666667,2.0,29,0.03,30,0.6,Medium,14,29014,15,14,10
Optimal,1.5203521251678467,,53299.62899257591,2900.0,50399.62899257591,29.0,0.0,509.62899257587753,0.4093405562858454,0.08089349088505993,0.0,0.0,15.0,29.0,0.0,109.5,129.0,43800.0,1.6666666666666667,2.0,29,0.03,30,0.6,Medium,15,29015,15,14,10
Optimal,1.4168689250946045,,53355.76910092018,3000.0,50355.76910092018,30.0,0.0,515.769100920165,0.4093405562858454,0.08186811125716904,0.0,0.0,15.0,30.0,0.0,108.5,123.0,43400.0,1.7333333333333334,2.0,29,0.03,30,0.6,Medium,16,29016,15,14,10
Optimal,1.4160609245300293,,53197.870726084526,3000.0,50197.870726084526,30.0,0.0,607.8707260844803,0.4093405562858454,0.0964874168388064,0.0,0.0,15.0,30.0,0.0,108.4,127.0,43360.0,1.6,2.0,29,0.03,30,0.6,Medium,17,29017,15,14,10
Optimal,1.374964952468872,,52744.88996767447,3000.0,49744.88996767447,30.0,0.0,564.8899676744663,0.4093405562858454,0.08966507423404227,0.0,0.0,15.0,30.0,0.0,106.9,124.0,42760.0,1.8666666666666667,2.0,29,0.03,30,0.6,Medium,18,29018,15,14,10
Optimal,1.4372739791870117,,53634.88996767451,2900.0,50734.88996767451,29.0,0.0,564.8899676744667,0.4093405562858454,0.08966507423404232,0.0,0.0,15.0,29.0,0.0,106.8,128.0,42720.0,1.5333333333333334,2.0,29,0.03,30,0.6,Medium,19,29019,15,14,10
Optimal,1.3605399131774902,,52744.71137615028,2900.0,49844.71137615028,29.0,0.0,644.7113761502064,0.4093405562858454,0.10233513907146134,0.0,0.0,15.0,29.0,0.0,108.0,124.0,43200.0,1.8,2.0,29,0.03,30,0.6,Medium,20,29020,15,14,10
Optimal,1.445561170578003,,52888.749859330186,3000.0,49888.749859330186,30.0,0.0,558.7498593301787,0.4093405562858454,0.08869045386193311,0.0,0.0,15.0,30.0,0.0,109.1,124.0,43640.0,1.7333333333333334,2.0,29,0.03,30,0.6,Medium,21,29021,15,14,10
Optimal,1.4484281539916992,,54688.749859330186,3000.0,51688.749859330186,30.0,0.0,558.7498593301788,0.4093405562858454,0.08869045386193312,0.0,0.0,15.0,30.0,0.0,111.4,129.0,44560.0,1.8666666666666667,2.0,29,0.03,30,0.6,Medium,22,29022,15,14,10
Optimal,1.4167191982269287,,52520.329534297314,3000.0,49520.329534297314,30.0,0.0,540.3295342973157,0.4093405562858454,0.08576659274560566,0.0,0.0,15.0,30.0,0.0,107.4,126.0,42960.0,1.9333333333333333,2.0,29,0.03,30,0.6,Medium,23,29023,15,14,10
Optimal,1.4617090225219727,,53528.04931760877,3000.0,50528.04931760877,30.0,0.0,528.0493176087404,0.4093405562858454,0.08381735200138736,0.0,0.0,15.0,30.0,0.0,111.6,127.0,44640.0,1.6,2.0,29,0.03,30,0.6,Medium,24,29024,15,14,10
Optimal,1.4004347324371338,,53563.310292707385,2950.0,50613.310292707385,28.0,1.0,583.3102927073297,0.4093405562858454,0.09258893535036979,0.0,0.0,15.0,28.0,1.0,109.3,125.0,43720.0,1.6666666666666667,2.0,29,0.03,30,0.6,Medium,25,29025,15,14,10
Optimal,1.4568102359771729,,52121.46964264162,3000.0,49121.46964264162,30.0,0.0,546.4696426416034,0.4093405562858454,0.08674121311771482,0.0,0.0,15.0,30.0,0.0,106.9,127.0,42760.0,1.7333333333333334,2.0,29,0.03,30,0.6,Medium,26,29026,15,14,10
Optimal,1.3560359477996826,,53108.74985933018,3000.0,50108.74985933018,30.0,0.0,558.7498593301788,0.4093405562858454,0.08869045386193312,0.0,0.0,15.0,30.0,0.0,109.5,124.0,43800.0,1.8666666666666667,2.0,29,0.03,30,0.6,Medium,27,29027,15,14,10
Optimal,1.4994571208953857,,52970.32953429732,3000.0,49970.32953429732,30.0,0.0,540.3295342973158,0.4093405562858454,0.08576659274560568,0.0,0.0,15.0,30.0,0.0,108.5,126.0,43400.0,1.8,2.0,29,0.03,30,0.6,Medium,28,29028,15,14,10
Optimal,1.4443120956420898,,51388.74985933019,3000.0,48388.74985933019,30.0,0.0,558.7498593301788,0.4093405562858454,0.08869045386193312,0.0,0.0,15.0,30.0,0.0,106.0,122.0,42400.0,1.8,2.0,29,0.03,30,0.6,Medium,29,29029,15,14,10
Optimal,1.4393510818481445,,53161.03007601876,3000.0,50161.03007601876,30.0,0.0,571.0300760187544,0.4093405562858454,0.09063969460615148,0.0,0.0,15.0,30.0,0.0,107.7,130.0,43080.0,1.8,2.0,29,0.03,30,0.6,Medium,30,29030,15,14,10
Optimal,1.9696810245513916,,57272.07397557926,3500.0,53772.07397557926,35.0,0.0,792.0739755792142,0.4093405562858454,0.10477168989143046,0.0,0.0,18.0,35.0,0.0,117.66666666666667,189.0,52950.0,1.7777777777777777,2.0,30,0.03,30,0.6,High,1,30001,18,14,15
Optimal,1.9530949592590332,,56356.45581826608,3600.0,52756.45581826608,36.0,0.0,896.4558182660015,0.4093405562858454,0.11857881193994729,0.0,0.0,18.0,36.0,0.0,115.13333333333334,184.0,51810.0,1.7222222222222223,2.0,30,0.03,30,0.6,High,2,30002,18,14,15
Optimal,1.9242589473724365,,55776.81300131451,3600.0,52176.81300131451,36.0,0.0,736.8130013145213,0.4093405562858454,0.09746203721091552,0.0,0.0,18.0,36.0,0.0,114.26666666666667,188.0,51420.0,1.8888888888888888,2.0,30,0.03,30,0.6,High,3,30003,18,14,15
Optimal,1.950833797454834,,58092.77451813461,3500.0,54592.77451813461,35.0,0.0,822.7745181345493,0.4093405562858454,0.10883260821885572,0.0,0.0,18.0,35.0,0.0,119.33333333333333,191.0,53700.0,1.6666666666666667,2.0,30,0.03,30,0.6,High,4,30004,18,14,15
Optimal,2.0204269886016846,,57241.81300131453,3600.0,53641.81300131453,36.0,0.0,736.8130013145213,0.4093405562858454,0.09746203721091552,0.0,0.0,18.0,36.0,0.0,117.46666666666667,186.0,52860.0,1.8333333333333333,2.0,30,0.03,30,0.6,High,5,30005,18,14,15
Optimal,2.0116500854492188,,56855.79203721344,3600.0,53255.79203721344,36.0,0.0,735.7920372134002,0.49465962700528326,0.09732698904939156,0.0,0.0,18.0,36.0,0.0,116.46666666666667,186.0,52410.0,1.5555555555555556,2.0,30,0.03,30,0.6,High,6,30006,18,14,15
Optimal,2.310420274734497,,56775.2333263474,3600.0,53175.2333263474,36.0,0.0,755.2333263473848,0.4093405562858454,0.09989858814118847,0.0,0.0,18.0,36.0,0.0,116.4,183.0,52380.0,1.7777777777777777,2.0,30,0.03,30,0.6,High,7,30007,18,14,15
Optimal,1.8442168235778809,,58692.9531096588,3500.0,55192.9531096588,35.0,0.0,742.9531096588091,0.4093405562858454,0.09827422085433983,0.0,0.0,18.0,35.0,0.0,120.93333333333334,186.0,54420.0,1.8333333333333333,2.0,30,0.03,30,0.6,High,8,30008,18,14,15
Optimal,1.8430280685424805,,57449.61516820038,3500.0,53949.61516820038,35.0,0.0,859.6151682002753,0.4093405562858454,0.1137057100794015,0.0,0.0,18.0,35.0,0.0,117.93333333333334,191.0,53070.0,1.7222222222222223,2.0,30,0.03,30,0.6,High,9,30009,18,14,15
Optimal,1.8141589164733887,,58171.53820184042,3600.0,54571.53820184042,36.0,0.0,1031.5382018403304,0.4093405562858454,0.13644685209528182,0.0,0.0,18.0,36.0,0.0,118.93333333333334,185.0,53520.0,1.7777777777777777,2.0,30,0.03,30,0.6,High,10,30010,18,14,15
Optimal,1.8057730197906494,,57365.23332634738,3600.0,53765.23332634738,36.0,0.0,755.2333263473844,0.4093405562858454,0.09989858814118842,0.0,0.0,18.0,36.0,0.0,117.66666666666667,178.0,52950.0,1.8333333333333333,2.0,30,0.03,30,0.6,High,11,30011,18,14,15
Optimal,1.7472801208496094,,56835.93386806888,3600.0,53235.93386806888,36.0,0.0,785.9338680688232,0.4093405562858454,0.10395950635830994,0.0,0.0,18.0,36.0,0.0,116.4,187.0,52380.0,1.7222222222222223,2.0,30,0.03,30,0.6,High,12,30012,18,14,15
Optimal,1.881598949432373,,58421.29560707622,3600.0,54821.29560707622,36.0,0.0,911.29560707616,0.49465962700528326,0.12054174696774603,0.0,0.0,18.0,36.0,0.0,119.73333333333333,185.0,53880.0,1.7777777777777777,2.0,30,0.03,30,0.6,High,13,30013,18,14,15
Optimal,2.0360500812530518,,57208.736034954636,3650.0,53558.736034954636,35.0,1.0,908.7360349545768,0.4093405562858454,0.12020317922679588,0.0,0.0,18.0,35.0,1.0,116.93333333333334,184.0,52620.0,1.7777777777777777,2.0,30,0.03,30,0.6,High,14,30014,18,14,15
Optimal,1.8714592456817627,,57516.634409790255,3600.0,53916.634409790255,36.0,0.0,816.6344097902615,0.4093405562858454,0.10802042457543143,0.0,0.0,18.0,36.0,0.0,117.93333333333334,190.0,53070.0,1.8333333333333333,2.0,30,0.03,30,0.6,High,15,30015,18,14,15
Optimal,1.7876567840576172,,57616.81300131458,3550.0,54066.81300131458,34.0,1.0,736.8130013145217,0.4093405562858454,0.09746203721091556,0.0,0.0,18.0,34.0,1.0,118.4,191.0,53280.0,1.6666666666666667,2.0,30,0.03,30,0.6,High,16,30016,18,14,15
Optimal,2.204158067703247,,55807.15635998749,3600.0,52207.15635998749,36.0,0.0,927.1563599874398,0.4093405562858454,0.12263973015706876,0.0,0.0,18.0,36.0,0.0,113.93333333333334,188.0,51270.0,1.8333333333333333,2.0,30,0.03,30,0.6,High,17,30017,18,14,15
Optimal,2.2569730281829834,,57488.653651380235,3600.0,53888.653651380235,36.0,0.0,773.6536513802474,0.4093405562858454,0.1023351390714613,0.0,0.0,18.0,36.0,0.0,117.93333333333334,191.0,53070.0,1.8888888888888888,2.0,30,0.03,30,0.6,High,18,30018,18,14,15
Optimal,1.7818982601165771,,57012.953109658825,3500.0,53512.953109658825,35.0,0.0,742.9531096588094,0.4093405562858454,0.09827422085433987,0.0,0.0,18.0,35.0,0.0,117.13333333333334,186.0,52710.0,1.6666666666666667,2.0,30,0.03,30,0.6,High,19,30019,18,14,15
Optimal,1.8919928073883057,,57746.37343469167,3600.0,54146.37343469167,36.0,0.0,761.3734346916721,0.4093405562858454,0.1007107717846127,0.0,0.0,18.0,36.0,0.0,118.53333333333333,181.0,53340.0,1.8333333333333333,2.0,30,0.03,30,0.6,High,20,30020,18,14,15
Optimal,2.072728157043457,,57572.953109658796,3600.0,53972.953109658796,36.0,0.0,742.9531096588091,0.4093405562858454,0.09827422085433983,0.0,0.0,18.0,36.0,0.0,118.26666666666667,181.0,53220.0,1.9444444444444444,2.0,30,0.03,30,0.6,High,21,30021,18,14,15
Optimal,1.958996057510376,,56864.175601577495,3500.0,53364.175601577495,35.0,0.0,884.175601577426,0.4093405562858454,0.11695444465309869,0.0,0.0,18.0,35.0,0.0,116.6,182.0,52470.0,1.7777777777777777,2.0,30,0.03,30,0.6,High,22,30022,18,14,15
Optimal,1.9429230690002441,,56771.7167933647,3600.0,53171.7167933647,36.0,0.0,951.7167933645907,0.4093405562858454,0.12588846473076595,0.0,0.0,18.0,36.0,0.0,116.0,185.0,52200.0,1.7222222222222223,2.0,30,0.03,30,0.6,High,23,30023,18,14,15
Optimal,1.997452974319458,,56767.68504875667,3600.0,53167.68504875667,36.0,0.0,917.6850487565414,0.5029707382084067,0.12138691121118271,0.0,0.0,18.0,36.0,0.0,115.86666666666666,182.0,52140.0,1.6111111111111112,2.0,30,0.03,30,0.6,High,24,30024,18,14,15
Optimal,1.8702189922332764,,58600.672892970295,3500.0,55100.672892970295,35.0,0.0,730.672892970234,0.4093405562858454,0.09664985356749127,0.0,0.0,18.0,35.0,0.0,120.66666666666667,189.0,54300.0,1.6111111111111112,2.0,30,0.03,30,0.6,High,25,30025,18,14,15
Optimal,1.8733620643615723,,58458.21408475746,3600.0,54858.21408475746,36.0,0.0,798.2140847573985,0.4093405562858454,0.10558387364515853,0.0,0.0,18.0,36.0,0.0,120.0,189.0,54000.0,1.6666666666666667,2.0,30,0.03,30,0.6,High,26,30026,18,14,15
Optimal,1.8899528980255127,,57436.45581826609,3700.0,53736.45581826609,34.0,2.0,896.4558182660015,0.4093405562858454,0.11857881193994729,0.0,0.0,18.0,34.0,2.0,117.26666666666667,185.0,52770.0,1.6111111111111112,2.0,30,0.03,30,0.6,High,27,30027,18,14,15
Optimal,2.0167269706726074,,57561.02187615849,3500.0,54061.02187615849,35.0,0.0,741.0218761584488,0.44711430308790906,0.09801876668762549,0.0,0.0,18.0,35.0,0.0,118.4,190.0,53280.0,1.7777777777777777,2.0,30,0.03,30,0.6,High,28,30028,18,14,15
Optimal,1.9193408489227295,,56491.37343469166,3600.0,52891.37343469166,36.0,0.0,761.3734346916721,0.4093405562858454,0.1007107717846127,0.0,0.0,18.0,36.0,0.0,115.73333333333333,183.0,52080.0,1.8888888888888888,2.0,30,0.03,30,0.6,High,29,30029,18,14,15
Optimal,1.8094871044158936,,57935.23332634738,3600.0,54335.23332634738,36.0,0.0,755.2333263473843,0.4093405562858454,0.0998985881411884,0.0,0.0,18.0,36.0,0.0,119.0,190.0,53550.0,1.8333333333333333,2.0,30,0.03,30,0.6,High,30,30030,18,14,15
Optimal,6.797554969787598,,35080.00988772317,3600.0,31480.009887723172,36.0,0.0,680.009887723159,0.627243372061344,0.18889163547865528,21.0,0.0,12.0,36.0,0.0,57.0,60.0,22800.0,2.9166666666666665,3.0,31,0.03,30,0.7,Low,1,31001,12,10,5
Optimal,5.090806007385254,,34618.827188885014,3600.0,31018.827188885014,36.0,0.0,698.8271888849994,0.627243372061344,0.1941186635791665,22.0,0.0,12.0,36.0,0.0,58.6,65.0,23440.0,2.9166666666666665,3.0,31,0.03,30,0.7,Low,2,31002,12,10,5
Optimal,4.458819150924683,,36149.5004019438,3600.0,32549.5004019438,36.0,0.0,619.5004156323034,0.627243372061344,0.17208344878675097,14.0,0.0,12.0,36.0,0.0,61.99999998038269,65.0,24799.999992153076,2.6666666666666665,3.0,31,0.03,30,0.7,Low,3,31003,12,10,5
Optimal,4.529103994369507,,34698.827188885014,3600.0,31098.827188885014,36.0,0.0,698.8271888849994,0.627243372061344,0.1941186635791665,22.0,0.0,12.0,36.0,0.0,56.0,61.0,22400.0,2.9166666666666665,3.0,31,0.03,30,0.7,Low,4,31004,12,10,5
Optimal,2.302734851837158,,34440.527296902554,3600.0,30840.527296902554,36.0,0.0,680.5272969025406,0.627243372061344,0.18903536025070572,18.0,0.0,12.0,36.0,0.0,57.4,65.0,22960.0,2.75,3.0,31,0.03,30,0.7,Low,5,31005,12,10,5
Optimal,5.066035032272339,,33621.19258656133,3600.0,30021.19258656133,36.0,0.0,661.1925865613186,0.627243372061344,0.18366460737814408,20.0,0.0,12.0,36.0,0.0,56.4,59.0,22560.0,2.9166666666666665,3.0,31,0.03,30,0.7,Low,6,31006,12,10,5
Optimal,7.235720872879028,,35230.85994173194,3600.0,31630.859941731942,36.0,0.0,670.8599417319296,0.627243372061344,0.18634998381442489,19.0,0.0,12.0,36.0,0.0,60.4,66.0,24160.0,2.8333333333333335,3.0,31,0.03,30,0.7,Low,7,31007,12,10,5
Optimal,3.890519142150879,,34938.827188885014,3600.0,31338.827188885014,36.0,0.0,698.8271888849993,0.627243372061344,0.19411866357916646,22.0,0.0,12.0,36.0,0.0,57.0,66.0,22800.0,2.9166666666666665,3.0,31,0.03,30,0.7,Low,8,31008,12,10,5
Optimal,4.155473232269287,,34289.677242893784,3600.0,30689.677242893784,36.0,0.0,689.67724289377,0.627243372061344,0.19157701191493612,20.0,0.0,12.0,36.0,0.0,58.4,63.0,23360.0,2.8333333333333335,3.0,31,0.03,30,0.7,Low,9,31009,12,10,5
Optimal,27.017691135406494,,35931.52920232951,3600.0,32331.52920232951,36.0,0.0,621.5292023295215,0.6272433720613438,0.1726470006470893,16.0,0.0,12.0,36.0,0.0,60.8,64.0,24320.0,2.6666666666666665,3.0,31,0.03,30,0.7,Low,10,31010,12,10,5
Optimal,4.124197006225586,,35636.28496873632,3600.0,32036.28496873632,36.0,0.0,666.284968736315,0.627243372061344,0.18507915798230973,18.0,0.0,12.0,36.0,0.0,58.8,64.0,23520.0,2.75,3.0,31,0.03,30,0.7,Low,11,31011,12,10,5
Optimal,4.449029922485352,,33950.85994173194,3600.0,30350.859941731942,36.0,0.0,670.8599417319296,0.627243372061344,0.18634998381442489,19.0,0.0,12.0,36.0,0.0,59.4,66.0,23760.0,2.8333333333333335,3.0,31,0.03,30,0.7,Low,12,31012,12,10,5
Optimal,1.5908007621765137,,35732.711901167684,3600.0,32132.711901167684,36.0,0.0,602.7119011676812,0.6272433720613438,0.1674199725465781,15.0,0.0,12.0,36.0,0.0,60.8,65.0,24320.0,2.75,3.0,31,0.03,30,0.7,Low,13,31013,12,10,5
Optimal,2.4412240982055664,,34722.89269457887,3600.0,31122.89269457887,36.0,0.0,642.8926945788598,0.627243372061344,0.17858130404968328,16.0,0.0,12.0,36.0,0.0,57.8,62.0,23120.0,2.75,3.0,31,0.03,30,0.7,Low,14,31014,12,10,5
Optimal,1.4084951877593994,,37052.56004974948,3600.0,33452.56004974948,36.0,0.0,652.5600497494709,0.627243372061344,0.18126668048596412,15.0,0.0,12.0,36.0,0.0,61.8,68.0,24720.0,2.6666666666666665,3.0,31,0.03,30,0.7,Low,15,31015,12,10,5
Optimal,4.121931076049805,,34689.677242893784,3600.0,31089.677242893784,36.0,0.0,689.67724289377,0.627243372061344,0.19157701191493612,20.0,0.0,12.0,36.0,0.0,58.0,64.0,23200.0,2.8333333333333335,3.0,31,0.03,30,0.7,Low,16,31016,12,10,5
Optimal,7.023627996444702,,34925.43491472755,3600.0,31325.43491472755,36.0,0.0,675.4349147275444,0.627243372061344,0.1876208096465401,20.0,0.0,12.0,36.0,0.0,57.6,66.0,23040.0,2.8333333333333335,3.0,31,0.03,30,0.7,Low,17,31017,12,10,5
Optimal,3.9001901149749756,,35640.00988772317,3600.0,32040.009887723172,36.0,0.0,680.009887723159,0.627243372061344,0.18889163547865528,21.0,0.0,12.0,36.0,0.0,60.6,68.0,24240.0,2.9166666666666665,3.0,31,0.03,30,0.7,Low,18,31018,12,10,5
Optimal,1.6905128955841064,,36831.01576408896,3600.0,33231.01576408896,36.0,0.0,591.0157640889537,0.627243372061344,0.1641710455802649,14.0,0.0,12.0,36.0,0.0,60.4,64.0,24160.0,2.75,3.0,31,0.03,30,0.7,Low,19,31019,12,10,5
Optimal,2.2277820110321045,,34652.0426405701,3600.0,31052.0426405701,36.0,0.0,652.0426405700894,0.627243372061344,0.1811229557139137,18.0,0.0,12.0,36.0,0.0,60.8,66.0,24320.0,2.8333333333333335,3.0,31,0.03,30,0.7,Low,20,31020,12,10,5
Optimal,1.3491699695587158,,33895.92338191395,3600.0,30295.923381913948,36.0,0.0,585.9233819139574,0.627243372061344,0.1627564949760993,16.0,0.0,12.0,36.0,0.0,58.6,63.0,23440.0,2.75,3.0,31,0.03,30,0.7,Low,21,31021,12,10,5
Optimal,3.3532590866088867,,36350.85994173194,3600.0,32750.859941731942,36.0,0.0,670.8599417319296,0.627243372061344,0.18634998381442489,19.0,0.0,12.0,36.0,0.0,61.0,65.0,24400.0,2.8333333333333335,3.0,31,0.03,30,0.7,Low,22,31022,12,10,5
Optimal,12.420740127563477,,34257.467667574485,3600.0,30657.467667574485,36.0,0.0,647.4676675744746,0.6272433720613438,0.1798521298817985,17.0,0.0,12.0,36.0,0.0,58.0,64.0,23200.0,2.75,3.0,31,0.03,30,0.7,Low,23,31023,12,10,5
Optimal,4.302776098251343,,34840.00988772317,3600.0,31240.009887723172,36.0,0.0,680.009887723159,0.627243372061344,0.18889163547865528,21.0,0.0,12.0,36.0,0.0,57.8,63.0,23120.0,2.9166666666666665,3.0,31,0.03,30,0.7,Low,24,31024,12,10,5
NO_SOLUTION,120.09831023216248,Solver timed out or no feasible solution found,,,,,,,,,,,,,,,,,,,31,0.03,30,0.7,Low,25,31025,12,10,5
Optimal,3.153691053390503,,35070.85994173194,3600.0,31470.859941731942,36.0,0.0,670.8599417319296,0.627243372061344,0.18634998381442489,19.0,0.0,12.0,36.0,0.0,60.0,65.0,24000.0,2.8333333333333335,3.0,31,0.03,30,0.7,Low,26,31026,12,10,5
Optimal,7.983067035675049,,34920.00988649442,3600.0,31320.009886494423,36.0,0.0,680.0098864944093,0.627243372061344,0.18889163513733592,21.0,0.0,12.0,36.0,0.0,58.0,62.0,23200.0,2.9166666666666665,3.0,31,0.03,30,0.7,Low,27,31027,12,10,5
Optimal,8.413788080215454,,36101.192582659714,3600.0,32501.192582659714,36.0,0.0,661.1925826597004,0.627243372061344,0.1836646062943612,20.0,0.0,12.0,36.0,0.0,59.0,63.0,23600.0,2.9166666666666665,3.0,31,0.03,30,0.7,Low,28,31028,12,10,5
Optimal,3.706820011138916,,35381.19258656133,3600.0,31781.19258656133,36.0,0.0,661.1925865613186,0.627243372061344,0.18366460737814408,20.0,0.0,12.0,36.0,0.0,58.8,65.0,23520.0,2.9166666666666665,3.0,31,0.03,30,0.7,Low,29,31029,12,10,5
Optimal,4.9409849643707275,,35178.82718509179,3600.0,31578.827185091788,36.0,0.0,698.8271850917853,0.627243372061344,0.1941186625254959,22.0,0.0,12.0,36.0,0.0,58.2,62.0,23280.0,2.9166666666666665,3.0,31,0.03,30,0.7,Low,30,31030,12,10,5
Optimal,1.8757271766662598,,47987.67570576048,4500.0,43487.67570576048,45.0,0.0,1117.6757057604605,0.6036653390540051,0.17740884218420008,39.0,0.0,15.0,45.0,0.0,93.1,122.0,37240.0,2.466666666666667,3.0,32,0.03,30,0.7,Medium,1,32001,15,14,10
Optimal,1.6397309303283691,,48904.83186337108,4500.0,44404.83186337108,45.0,0.0,1364.8318633709482,0.6036653390540051,0.21663997831284892,34.0,0.0,15.0,45.0,0.0,93.0,122.0,37200.0,2.2666666666666666,3.0,32,0.03,30,0.7,Medium,2,32002,15,14,10
Optimal,1.5779919624328613,,48698.66882892145,4500.0,44198.66882892145,45.0,0.0,1278.6688289214574,0.6036653390540051,0.20296330617800912,39.0,0.0,15.0,45.0,0.0,90.6,122.0,36240.0,2.533333333333333,3.0,32,0.03,30,0.7,Medium,3,32003,15,14,10
Optimal,1.7001371383666992,,49189.440646739065,4500.0,44689.440646739065,45.0,0.0,1109.4406467390368,0.6140108344287681,0.17610168995857725,34.0,0.0,15.0,45.0,0.0,96.0,127.0,38400.0,2.466666666666667,3.0,32,0.03,30,0.7,Medium,4,32004,15,14,10
Optimal,1.4668669700622559,,48572.35587057271,4500.0,44072.35587057271,45.0,0.0,1072.355870572714,0.6036653390540051,0.17021521755122443,35.0,0.0,15.0,45.0,0.0,94.8,124.0,37920.0,2.6,3.0,32,0.03,30,0.7,Medium,5,32005,15,14,10
Optimal,1.816330909729004,,49401.50774675528,4600.0,44801.50774675528,43.0,2.0,1131.5077467552503,0.6036653390540051,0.17960440424686513,34.0,0.0,15.0,43.0,2.0,94.5,120.0,37800.0,2.3333333333333335,3.0,32,0.03,30,0.7,Medium,6,32006,15,14,10
Optimal,1.5483639240264893,,49755.8364797596,4500.0,45255.8364797596,45.0,0.0,1105.8364797595852,0.6140108344287681,0.17552959996183895,35.0,0.0,15.0,45.0,0.0,95.8,133.0,38320.0,2.6,3.0,32,0.03,30,0.7,Medium,7,32007,15,14,10
Optimal,1.5606958866119385,,50080.13708554872,4500.0,45580.13708554872,45.0,0.0,1155.1370855486725,0.6036653390540051,0.18335509294423372,37.0,0.0,15.0,45.0,0.0,95.5,123.0,38200.0,2.533333333333333,3.0,32,0.03,30,0.7,Medium,8,32008,15,14,10
Optimal,1.7590007781982422,,49276.60593908862,4500.0,44776.60593908862,45.0,0.0,1096.6059390886217,0.6036653390540051,0.1740644347759717,36.0,0.0,15.0,45.0,0.0,94.5,126.0,37800.0,2.466666666666667,3.0,32,0.03,30,0.7,Medium,9,32009,15,14,10
Optimal,1.6967899799346924,,48248.907107687,4500.0,43748.907107687,45.0,0.0,1148.9071076869918,0.6140108344287681,0.1823662075693638,39.0,0.0,15.0,45.0,0.0,93.2,126.0,37280.0,2.6,3.0,32,0.03,30,0.7,Medium,10,32010,15,14,10
Optimal,1.575106143951416,,49258.82378968904,4500.0,44758.82378968904,45.0,0.0,1198.823789688971,0.6140108344287681,0.1902894904268208,39.0,0.0,15.0,45.0,0.0,94.8,121.0,37920.0,2.466666666666667,3.0,32,0.03,30,0.7,Medium,11,32011,15,14,10
Optimal,1.66306471824646,,49833.81898259291,4500.0,45333.81898259291,45.0,0.0,1293.818982592859,0.6140108344287681,0.20536809247505697,39.0,0.0,15.0,45.0,0.0,93.5,127.0,37400.0,2.4,3.0,32,0.03,30,0.7,Medium,12,32012,15,14,10
Optimal,1.6002590656280518,,48602.695366294094,4550.0,44052.695366294094,44.0,1.0,1312.6953662940098,0.6036653390540051,0.20836434385619204,36.0,0.0,15.0,44.0,1.0,93.5,123.0,37400.0,2.3333333333333335,3.0,32,0.03,30,0.7,Medium,13,32013,15,14,10
Optimal,1.647007942199707,,49505.527262408905,4500.0,45005.527262408905,45.0,0.0,1185.527262408868,0.6036653390540051,0.18817893054109017,38.0,0.0,15.0,45.0,0.0,94.3,125.0,37720.0,2.533333333333333,3.0,32,0.03,30,0.7,Medium,14,32014,15,14,10
Optimal,1.5987873077392578,,50383.05467759173,4500.0,45883.05467759173,45.0,0.0,1098.0546775916905,0.6140108344287681,0.1742943932685223,43.0,0.0,15.0,45.0,0.0,97.2,127.0,38880.0,2.8666666666666667,3.0,32,0.03,30,0.7,Medium,15,32015,15,14,10
Optimal,1.6084091663360596,,47955.395489071874,4500.0,43455.395489071874,45.0,0.0,1105.395489071885,0.6036653390540051,0.17545960143998174,39.0,0.0,15.0,45.0,0.0,92.8,125.0,37120.0,2.6666666666666665,3.0,32,0.03,30,0.7,Medium,16,32016,15,14,10
Optimal,1.7153069972991943,,49485.05727354975,4500.0,44985.05727354975,45.0,0.0,1125.0572735497199,0.6036653390540051,0.17858051961106663,35.0,0.0,15.0,45.0,0.0,96.7,126.0,38680.0,2.6,3.0,32,0.03,30,0.7,Medium,17,32017,15,14,10
Optimal,1.6631689071655273,,48809.44545981064,4400.0,44409.44545981064,44.0,0.0,1059.4454598105829,0.6140108344287681,0.1681659460016798,30.0,0.0,15.0,44.0,0.0,94.8,129.0,37920.0,2.3333333333333335,3.0,32,0.03,30,0.7,Medium,18,32018,15,14,10
Optimal,1.693091869354248,,49197.80490752207,4400.0,44797.80490752207,44.0,0.0,1092.804907522067,0.6140108344287681,0.1734610964320741,41.0,0.0,15.0,44.0,0.0,93.3,124.0,37320.0,2.7333333333333334,3.0,32,0.03,30,0.7,Medium,19,32019,15,14,10
Optimal,2.3058528900146484,,49330.60450283244,4500.0,44830.60450283244,45.0,0.0,1110.604502832444,0.6036653390540051,0.17628642902102287,42.0,0.0,15.0,45.0,0.0,96.1,129.0,38440.0,2.8,3.0,32,0.03,30,0.7,Medium,20,32020,15,14,10
Optimal,1.619312047958374,,48827.445152898166,4500.0,44327.445152898166,45.0,0.0,1147.4451528981701,0.6036653390540051,0.1821341512536778,42.0,0.0,15.0,45.0,0.0,92.9,128.0,37160.0,2.6,3.0,32,0.03,30,0.7,Medium,21,32021,15,14,10
Optimal,1.597261905670166,,49928.19765595771,4500.0,45428.19765595771,45.0,0.0,1228.1976559576387,0.6036653390540051,0.19495200888216488,39.0,0.0,15.0,45.0,0.0,96.4,124.0,38560.0,2.6,3.0,32,0.03,30,0.7,Medium,22,32022,15,14,10
Optimal,1.663353681564331,,47976.92987718816,4500.0,43476.92987718816,45.0,0.0,1126.9298771881704,0.6140108344287681,0.1788777582838366,37.0,0.0,15.0,45.0,0.0,90.8,121.0,36320.0,2.533333333333333,3.0,32,0.03,30,0.7,Medium,23,32023,15,14,10
Optimal,1.729341983795166,,49807.13889094873,4500.0,45307.13889094873,45.0,0.0,1132.13889094873,0.6036653390540051,0.17970458586487778,38.0,0.0,15.0,45.0,0.0,95.3,127.0,38120.0,2.533333333333333,3.0,32,0.03,30,0.7,Medium,24,32024,15,14,10
Optimal,1.6649999618530273,,49940.247319783964,4500.0,45440.247319783964,45.0,0.0,1270.2473197839238,0.6036653390540051,0.20162655869586094,42.0,0.0,15.0,45.0,0.0,97.2,130.0,38880.0,2.6,3.0,32,0.03,30,0.7,Medium,25,32025,15,14,10
Optimal,1.6928272247314453,,48471.7936903018,4500.0,43971.7936903018,45.0,0.0,1081.793690301775,0.6140108344287681,0.17171328417488493,33.0,0.0,15.0,45.0,0.0,93.3,125.0,37320.0,2.6666666666666665,3.0,32,0.03,30,0.7,Medium,26,32026,15,14,10
Optimal,1.607116937637329,,48099.46849739996,4500.0,43599.46849739996,45.0,0.0,1089.4684973999592,0.6036653390540051,0.17293150752380304,37.0,0.0,15.0,45.0,0.0,91.9,119.0,36760.0,2.6666666666666665,3.0,32,0.03,30,0.7,Medium,27,32027,15,14,10
Optimal,2.2436559200286865,,49163.6561817842,4500.0,44663.6561817842,45.0,0.0,1063.656181784197,0.6036653390540051,0.16883431456892017,35.0,0.0,15.0,45.0,0.0,95.7,125.0,38280.0,2.533333333333333,3.0,32,0.03,30,0.7,Medium,28,32028,15,14,10
Optimal,1.6552767753601074,,48450.63014484596,4500.0,43950.63014484596,45.0,0.0,1060.630144845978,0.6036653390540051,0.16835399124539335,31.0,0.0,15.0,45.0,0.0,92.2,117.0,36880.0,2.3333333333333335,3.0,32,0.03,30,0.7,Medium,29,32029,15,14,10
Optimal,1.785804033279419,,49251.22523255492,4500.0,44751.22523255492,45.0,0.0,1111.22523255493,0.6036653390540051,0.17638495754840158,40.0,0.0,15.0,45.0,0.0,94.1,129.0,37640.0,2.8,3.0,32,0.03,30,0.7,Medium,30,32030,15,14,10
Optimal,2.26727294921875,,51326.120124317924,5400.0,45926.120124317924,54.0,0.0,1576.1201243178818,0.6036653390540051,0.20848149792564577,50.0,0.0,18.0,54.0,0.0,98.26666666666667,189.0,44220.0,2.1666666666666665,3.0,33,0.03,30,0.7,High,1,33001,18,14,15
Optimal,2.138946056365967,,52098.324488053644,5400.0,46698.324488053644,54.0,0.0,1778.324488053587,0.6140108344287681,0.2352281068853951,49.0,0.0,18.0,54.0,0.0,99.6,184.0,44820.0,2.2222222222222223,3.0,33,0.03,30,0.7,High,2,33002,18,14,15
Optimal,2.5399465560913086,,51114.25675104579,5400.0,45714.25675104579,54.0,0.0,1584.256751045754,0.6036653390540051,0.20955777130234843,59.0,0.0,18.0,54.0,0.0,97.86666666666666,184.0,44040.0,2.4444444444444446,3.0,33,0.03,30,0.7,High,3,33003,18,14,15
Optimal,2.4846179485321045,,51551.92024584347,5400.0,46151.92024584347,54.0,0.0,1686.9202458433977,0.6036653390540051,0.22313759865653407,53.0,0.0,18.0,54.0,0.0,98.6,182.0,44370.0,2.3333333333333335,3.0,33,0.03,30,0.7,High,4,33004,18,14,15
Optimal,2.1645541191101074,,51315.83879422226,5400.0,45915.83879422226,54.0,0.0,1545.838794222232,0.6036653390540051,0.20447603098177675,53.0,0.0,18.0,54.0,0.0,98.4,186.0,44280.0,2.388888888888889,3.0,33,0.03,30,0.7,High,5,33005,18,14,15
Optimal,2.414888858795166,,51103.96161372705,5400.0,45703.96161372705,54.0,0.0,1533.9616137270511,0.6140108344287681,0.20290497536072105,52.0,0.0,18.0,54.0,0.0,98.06666666666666,185.0,44130.0,2.5555555555555554,3.0,33,0.03,30,0.7,High,6,33006,18,14,15
Optimal,2.081202983856201,,52297.4123609962,5400.0,46897.4123609962,54.0,0.0,1637.412360996213,0.614010834428768,0.21658893663971074,47.0,0.0,18.0,54.0,0.0,100.33333333333333,173.0,45150.0,2.2222222222222223,3.0,33,0.03,30,0.7,High,7,33007,18,14,15
Optimal,1.9804441928863525,,51739.798852873995,5400.0,46339.798852873995,54.0,0.0,1544.798852873957,0.6036653390540051,0.20433847260237525,52.0,0.0,18.0,54.0,0.0,99.46666666666667,189.0,44760.0,2.5555555555555554,3.0,33,0.03,30,0.7,High,8,33008,18,14,15
Optimal,2.2419400215148926,,52057.540975565884,5400.0,46657.540975565884,54.0,0.0,1687.5409755658832,0.6036653390540051,0.22321970576268296,51.0,0.0,18.0,54.0,0.0,99.73333333333333,187.0,44880.0,2.2222222222222223,3.0,33,0.03,30,0.7,High,9,33009,18,14,15
Optimal,2.1294400691986084,,52262.470633893456,5400.0,46862.470633893456,54.0,0.0,1702.4706338934348,0.6036653390540051,0.22519452829278236,54.0,0.0,18.0,54.0,0.0,100.26666666666667,186.0,45120.0,2.5,3.0,33,0.03,30,0.7,High,10,33010,18,14,15
Optimal,2.2227721214294434,,51330.76190103039,5400.0,45930.76190103039,54.0,0.0,1510.7619010304115,0.6036653390540051,0.199836230295028,49.0,0.0,18.0,54.0,0.0,98.53333333333333,187.0,44340.0,2.388888888888889,3.0,33,0.03,30,0.7,High,11,33011,18,14,15
Optimal,2.2900500297546387,,51802.62290609321,5400.0,46402.62290609321,54.0,0.0,1522.622906093198,0.6140108344287681,0.20140514630862408,51.0,0.0,18.0,54.0,0.0,99.6,192.0,44820.0,2.5,3.0,33,0.03,30,0.7,High,12,33012,18,14,15
Optimal,2.0924768447875977,,51237.99974967529,5400.0,45837.99974967529,54.0,0.0,1557.999749675268,0.6036653390540051,0.20608462297291905,43.0,0.0,18.0,54.0,0.0,98.2,181.0,44190.0,2.1666666666666665,3.0,33,0.03,30,0.7,High,13,33013,18,14,15
Optimal,2.032623291015625,,52398.10741233516,5400.0,46998.10741233516,54.0,0.0,1568.1074123351427,0.6036653390540051,0.2074216153882464,50.0,0.0,18.0,54.0,0.0,100.73333333333333,191.0,45330.0,2.2222222222222223,3.0,33,0.03,30,0.7,High,14,33014,18,14,15
Optimal,2.7992570400238037,,51387.197607462185,5400.0,45987.197607462185,54.0,0.0,1497.197607462176,0.6140108344287681,0.1980420115690709,52.0,0.0,18.0,54.0,0.0,98.73333333333333,185.0,44430.0,2.5,3.0,33,0.03,30,0.7,High,15,33015,18,14,15
Optimal,2.1233580112457275,,51442.23119789662,5400.0,46042.23119789662,54.0,0.0,1612.2311978965768,0.6140108344287681,0.21325809495986467,50.0,0.0,18.0,54.0,0.0,98.6,184.0,44370.0,2.388888888888889,3.0,33,0.03,30,0.7,High,16,33016,18,14,15
Optimal,2.025840997695923,,50975.99231002704,5400.0,45575.99231002704,54.0,0.0,1715.9923100269816,0.6036653390540051,0.2269831097919288,50.0,0.0,18.0,54.0,0.0,97.26666666666667,185.0,43770.0,2.2222222222222223,3.0,33,0.03,30,0.7,High,17,33017,18,14,15
Optimal,2.478120803833008,,52439.7672281786,5400.0,47039.7672281786,54.0,0.0,1469.7672281786154,0.614010834428768,0.19441365452098086,54.0,0.0,18.0,54.0,0.0,101.26666666666667,188.0,45570.0,2.7222222222222223,3.0,33,0.03,30,0.7,High,18,33018,18,14,15
Optimal,2.113969087600708,,53190.468622091044,5400.0,47790.468622091044,54.0,0.0,1600.4686220910605,0.6140108344287681,0.2117021986892937,50.0,0.0,18.0,54.0,0.0,102.46666666666667,184.0,46110.0,2.4444444444444446,3.0,33,0.03,30,0.7,High,19,33019,18,14,15
Optimal,2.146699905395508,,51173.52835866338,5400.0,45773.52835866338,54.0,0.0,1573.5283586633934,0.6036653390540051,0.20813867178087214,54.0,0.0,18.0,54.0,0.0,98.13333333333334,186.0,44160.0,2.611111111111111,3.0,33,0.03,30,0.7,High,20,33020,18,14,15
Optimal,2.1865599155426025,,51872.79294456212,5450.0,46422.79294456212,53.0,1.0,1582.7929445620975,0.6036653390540051,0.20936414610609755,56.0,0.0,18.0,53.0,1.0,99.53333333333333,184.0,44790.0,2.5,3.0,33,0.03,30,0.7,High,21,33021,18,14,15
Optimal,2.222520112991333,,51201.15594084221,5400.0,45801.15594084221,54.0,0.0,1491.1559408422288,0.6140108344287681,0.19724284931775513,53.0,0.0,18.0,54.0,0.0,98.4,186.0,44280.0,2.611111111111111,3.0,33,0.03,30,0.7,High,22,33022,18,14,15
Optimal,2.158255100250244,,51362.95959027897,5400.0,45962.95959027897,54.0,0.0,1622.9595902789376,0.6140108344287681,0.21467719448134095,54.0,0.0,18.0,54.0,0.0,98.46666666666667,185.0,44310.0,2.5555555555555554,3.0,33,0.03,30,0.7,High,23,33023,18,14,15
Optimal,2.074490785598755,,51447.85977051467,5400.0,46047.85977051467,54.0,0.0,1507.8597705146794,0.6036653390540051,0.19945235059717983,54.0,0.0,18.0,54.0,0.0,98.86666666666666,182.0,44490.0,2.5555555555555554,3.0,33,0.03,30,0.7,High,24,33024,18,14,15
Optimal,2.017941951751709,,52342.437640081786,5400.0,46942.437640081786,54.0,0.0,1512.4376400817594,0.6036653390540051,0.2000578888997036,53.0,0.0,18.0,54.0,0.0,100.86666666666666,181.0,45390.0,2.611111111111111,3.0,33,0.03,30,0.7,High,25,33025,18,14,15
Optimal,2.136007308959961,,52322.14589551509,5400.0,46922.14589551509,54.0,0.0,1482.1458955151156,0.6140108344287681,0.1960510443803063,51.0,0.0,18.0,54.0,0.0,100.86666666666666,189.0,45390.0,2.5555555555555554,3.0,33,0.03,30,0.7,High,26,33026,18,14,15
Optimal,2.228925943374634,,50938.44854666447,5400.0,45538.44854666447,54.0,0.0,1543.4485466644405,0.6140108344287681,0.20415986066989952,56.0,0.0,18.0,54.0,0.0,97.53333333333333,182.0,43890.0,2.4444444444444446,3.0,33,0.03,30,0.7,High,27,33027,18,14,15
Optimal,2.2455739974975586,,51691.99835001329,5400.0,46291.99835001329,54.0,0.0,1481.9983500132357,0.6140108344287681,0.19603152777952854,47.0,0.0,18.0,54.0,0.0,99.4,186.0,44730.0,2.2777777777777777,3.0,33,0.03,30,0.7,High,28,33028,18,14,15
Optimal,2.6303517818450928,,52685.26134606923,5400.0,47285.26134606923,54.0,0.0,1600.261346069244,0.6036653390540051,0.21167478122609046,47.0,0.0,18.0,54.0,0.0,101.2,187.0,45540.0,2.1666666666666665,3.0,33,0.03,30,0.7,High,29,33029,18,14,15
Optimal,2.652221918106079,,53267.79823157859,5400.0,47867.79823157859,54.0,0.0,1557.7982315785707,0.6036653390540051,0.20605796714002259,47.0,0.0,18.0,54.0,0.0,102.73333333333333,187.0,46230.0,2.2777777777777777,3.0,33,0.03,30,0.7,High,30,33030,18,14,15
NO_SOLUTION,120.09629583358765,Solver timed out or no feasible solution found,,,,,,,,,,,,,,,,,,,34,0.03,30,0.8,Low,1,34001,12,10,5
NO_SOLUTION,120.12958908081055,Solver timed out or no feasible solution found,,,,,,,,,,,,,,,,,,,34,0.03,30,0.8,Low,2,34002,12,10,5
NO_SOLUTION,120.12217593193054,Solver timed out or no feasible solution found,,,,,,,,,,,,,,,,,,,34,0.03,30,0.8,Low,3,34003,12,10,5
NO_SOLUTION,120.10526394844055,Solver timed out or no feasible solution found,,,,,,,,,,,,,,,,,,,34,0.03,30,0.8,Low,4,34004,12,10,5
NO_SOLUTION,120.10868310928345,Solver timed out or no feasible solution found,,,,,,,,,,,,,,,,,,,34,0.03,30,0.8,Low,5,34005,12,10,5
NO_SOLUTION,120.10509324073792,Solver timed out or no feasible solution found,,,,,,,,,,,,,,,,,,,34,0.03,30,0.8,Low,6,34006,12,10,5
NO_SOLUTION,120.1384859085083,Solver timed out or no feasible solution found,,,,,,,,,,,,,,,,,,,34,0.03,30,0.8,Low,7,34007,12,10,5
NO_SOLUTION,120.13281011581421,Solver timed out or no feasible solution found,,,,,,,,,,,,,,,,,,,34,0.03,30,0.8,Low,8,34008,12,10,5
NO_SOLUTION,120.15227389335632,Solver timed out or no feasible solution found,,,,,,,,,,,,,,,,,,,34,0.03,30,0.8,Low,9,34009,12,10,5
NO_SOLUTION,120.1143810749054,Solver timed out or no feasible solution found,,,,,,,,,,,,,,,,,,,34,0.03,30,0.8,Low,10,34010,12,10,5
NO_SOLUTION,120.21662497520447,Solver timed out or no feasible solution found,,,,,,,,,,,,,,,,,,,34,0.03,30,0.8,Low,11,34011,12,10,5
NO_SOLUTION,120.10948514938354,Solver timed out or no feasible solution found,,,,,,,,,,,,,,,,,,,34,0.03,30,0.8,Low,12,34012,12,10,5
NO_SOLUTION,120.16478490829468,Solver timed out or no feasible solution found,,,,,,,,,,,,,,,,,,,34,0.03,30,0.8,Low,13,34013,12,10,5
NO_SOLUTION,120.13472485542297,Solver timed out or no feasible solution found,,,,,,,,,,,,,,,,,,,34,0.03,30,0.8,Low,14,34014,12,10,5
NO_SOLUTION,120.12235879898071,Solver timed out or no feasible solution found,,,,,,,,,,,,,,,,,,,34,0.03,30,0.8,Low,15,34015,12,10,5
NO_SOLUTION,120.11289286613464,Solver timed out or no feasible solution found,,,,,,,,,,,,,,,,,,,34,0.03,30,0.8,Low,16,34016,12,10,5
NO_SOLUTION,120.12132406234741,Solver timed out or no feasible solution found,,,,,,,,,,,,,,,,,,,34,0.03,30,0.8,Low,17,34017,12,10,5
NO_SOLUTION,120.11528396606445,Solver timed out or no feasible solution found,,,,,,,,,,,,,,,,,,,34,0.03,30,0.8,Low,18,34018,12,10,5
NO_SOLUTION,120.16960883140564,Solver timed out or no feasible solution found,,,,,,,,,,,,,,,,,,,34,0.03,30,0.8,Low,19,34019,12,10,5
NO_SOLUTION,120.10223984718323,Solver timed out or no feasible solution found,,,,,,,,,,,,,,,,,,,34,0.03,30,0.8,Low,20,34020,12,10,5
NO_SOLUTION,120.1213231086731,Solver timed out or no feasible solution found,,,,,,,,,,,,,,,,,,,34,0.03,30,0.8,Low,21,34021,12,10,5
NO_SOLUTION,120.11120891571045,Solver timed out or no feasible solution found,,,,,,,,,,,,,,,,,,,34,0.03,30,0.8,Low,22,34022,12,10,5
NO_SOLUTION,120.1085000038147,Solver timed out or no feasible solution found,,,,,,,,,,,,,,,,,,,34,0.03,30,0.8,Low,23,34023,12,10,5
NO_SOLUTION,120.34006810188293,Solver timed out or no feasible solution found,,,,,,,,,,,,,,,,,,,34,0.03,30,0.8,Low,24,34024,12,10,5
NO_SOLUTION,120.31715607643127,Solver timed out or no feasible solution found,,,,,,,,,,,,,,,,,,,34,0.03,30,0.8,Low,25,34025,12,10,5
NO_SOLUTION,120.11686873435974,Solver timed out or no feasible solution found,,,,,,,,,,,,,,,,,,,34,0.03,30,0.8,Low,26,34026,12,10,5
NO_SOLUTION,120.12813711166382,Solver timed out or no feasible solution found,,,,,,,,,,,,,,,,,,,34,0.03,30,0.8,Low,27,34027,12,10,5
NO_SOLUTION,120.11689186096191,Solver timed out or no feasible solution found,,,,,,,,,,,,,,,,,,,34,0.03,30,0.8,Low,28,34028,12,10,5
NO_SOLUTION,120.10348105430603,Solver timed out or no feasible solution found,,,,,,,,,,,,,,,,,,,34,0.03,30,0.8,Low,29,34029,12,10,5
NO_SOLUTION,120.20798683166504,Solver timed out or no feasible solution found,,,,,,,,,,,,,,,,,,,34,0.03,30,0.8,Low,30,34030,12,10,5
Optimal,3.334113121032715,,44350.96310088976,6000.0,38350.96310088976,60.0,0.0,1780.9631008898955,0.712671051102727,0.2826925556968088,65.0,0.0,15.0,60.0,0.0,78.3,128.0,31320.0,3.0,4.0,35,0.03,30,0.8,Medium,1,35001,15,14,10
Optimal,2.9725897312164307,,45306.338442586675,6000.0,39306.338442586675,60.0,0.0,1706.3384425867682,0.712671051102727,0.27084737183916957,58.0,0.0,15.0,60.0,0.0,80.2,129.0,32080.0,2.8,4.0,35,0.03,30,0.8,Medium,2,35002,15,14,10
Optimal,3.2898879051208496,,45022.22937577955,6000.0,39022.22937577955,60.0,0.0,1762.229375779663,0.7453737477502635,0.27971894853645446,61.0,0.0,15.0,60.0,0.0,78.1,119.0,31240.0,3.0,4.0,35,0.03,30,0.8,Medium,3,35003,15,14,10
Optimal,3.2386109828948975,,45306.0210556468,6000.0,39306.0210556468,60.0,0.0,1716.0210556468994,0.7453737477502635,0.2723842945471269,60.0,0.0,15.0,60.0,0.0,79.1,123.0,31640.0,2.8666666666666667,4.0,35,0.03,30,0.8,Medium,4,35004,15,14,10
Optimal,2.1543588638305664,,45474.48276834441,6000.0,39474.48276834441,60.0,0.0,1844.4827683445374,0.712671051102727,0.292775042594371,72.0,0.0,15.0,60.0,0.0,80.1,122.0,32040.0,3.0,4.0,35,0.03,30,0.8,Medium,5,35005,15,14,10
Optimal,3.4183828830718994,,45455.74671103565,6000.0,39455.74671103565,60.0,0.0,1765.74671103573,0.712671051102727,0.28027725571995715,60.0,0.0,15.0,60.0,0.0,78.9,124.0,31560.0,2.6,4.0,35,0.03,30,0.8,Medium,6,35006,15,14,10
Optimal,3.931175947189331,,45129.41329041821,6000.0,39129.41329041821,60.0,0.0,1729.4132904183505,0.712671051102727,0.2745100460981509,59.0,0.0,15.0,60.0,0.0,80.4,123.0,32160.0,2.6,4.0,35,0.03,30,0.8,Medium,7,35007,15,14,10
Optimal,3.008542060852051,,45524.72475924349,6000.0,39524.72475924349,60.0,0.0,1734.724759243597,0.7542266071183438,0.2753531363878725,65.0,0.0,15.0,60.0,0.0,80.7,124.0,32280.0,3.066666666666667,4.0,35,0.03,30,0.8,Medium,8,35008,15,14,10
Optimal,2.9360098838806152,,43896.626210587994,6100.0,37796.626210587994,58.0,2.0,1681.626210588116,0.7453737477502635,0.266924795331447,63.0,0.0,15.0,58.0,2.0,77.0,125.0,30800.0,3.2,4.0,35,0.03,30,0.8,Medium,9,35009,15,14,10
Optimal,3.452646017074585,,45114.80089570306,6000.0,39114.80089570306,60.0,0.0,1654.8008957031698,0.712671051102727,0.26266680884177296,65.0,0.0,15.0,60.0,0.0,80.3,129.0,32120.0,3.2666666666666666,4.0,35,0.03,30,0.8,Medium,10,35010,15,14,10
Optimal,3.86332368850708,,46550.73491809537,6000.0,40550.73491809537,60.0,0.0,1770.734918095447,0.7453737477502635,0.28106903461832494,64.0,0.0,15.0,60.0,0.0,82.4,118.0,32960.0,2.533333333333333,4.0,35,0.03,30,0.8,Medium,11,35011,15,14,10
Optimal,2.491657018661499,,44562.71987521678,6050.0,38512.71987521678,59.0,1.0,1712.7198752168936,0.712671051102727,0.2718602976534752,61.0,0.0,15.0,59.0,1.0,79.1,126.0,31640.0,2.8,4.0,35,0.03,30,0.8,Medium,12,35012,15,14,10
Optimal,3.1950907707214355,,45430.909290434785,6000.0,39430.909290434785,60.0,0.0,1730.9092904349127,0.712671051102727,0.2747475064182401,63.0,0.0,15.0,60.0,0.0,79.7,125.0,31880.0,2.7333333333333334,4.0,35,0.03,30,0.8,Medium,13,35013,15,14,10
Optimal,3.0453639030456543,,45941.65389830826,6000.0,39941.65389830826,60.0,0.0,1821.6538983083865,0.712671051102727,0.2891514124299026,68.0,0.0,15.0,60.0,0.0,80.2,124.0,32080.0,2.6666666666666665,4.0,35,0.03,30,0.8,Medium,14,35014,15,14,10
Optimal,3.107941150665283,,44570.98255991583,6000.0,38570.98255991583,60.0,0.0,1830.9825599159105,0.7453737477502635,0.29063215236760487,61.0,0.0,15.0,60.0,0.0,77.2,118.0,30880.0,2.4,4.0,35,0.03,30,0.8,Medium,15,35015,15,14,10
Optimal,3.3221869468688965,,44464.77032960106,6000.0,38464.77032960106,60.0,0.0,1804.7703296011505,0.712671051102727,0.2864714808890715,61.0,0.0,15.0,60.0,0.0,78.2,125.0,31280.0,2.8,4.0,35,0.03,30,0.8,Medium,16,35016,15,14,10
Optimal,2.80426287651062,,46211.56494748685,6000.0,40211.56494748685,60.0,0.0,1656.5649474869506,0.7453737477502635,0.26294681706142076,55.0,0.0,15.0,60.0,0.0,83.7,127.0,33480.0,2.6666666666666665,4.0,35,0.03,30,0.8,Medium,17,35017,15,14,10
Optimal,3.2818150520324707,,45189.13393498523,6000.0,39189.13393498523,60.0,0.0,1739.1339349853426,0.712671051102727,0.276053005553229,61.0,0.0,15.0,60.0,0.0,78.0,126.0,31200.0,2.533333333333333,4.0,35,0.03,30,0.8,Medium,18,35018,15,14,10
Optimal,2.4403610229492188,,43308.591833156985,6000.0,37308.591833156985,60.0,0.0,1778.591833157139,0.712671051102727,0.28231616399319664,62.0,0.0,15.0,60.0,0.0,76.1,126.0,30440.0,2.933333333333333,4.0,35,0.03,30,0.8,Medium,19,35019,15,14,10
Optimal,2.214005947113037,,46003.30538650984,6100.0,39903.30538650984,58.0,2.0,1703.305386509846,0.7453737477502635,0.2703659343666422,64.0,0.0,15.0,58.0,2.0,80.2,126.0,32080.0,3.3333333333333335,4.0,35,0.03,30,0.8,Medium,20,35020,15,14,10
Optimal,2.3885462284088135,,45084.21934872979,6000.0,39084.21934872979,60.0,0.0,1854.2193487298994,0.745373747750263,0.29432053154442844,63.0,0.0,15.0,60.0,0.0,77.6,125.0,31040.0,2.933333333333333,4.0,35,0.03,30,0.8,Medium,21,35021,15,14,10
Optimal,2.382161855697632,,42835.84479609738,6000.0,36835.84479609738,60.0,0.0,1875.8447960975261,0.712671051102727,0.29775314223770255,61.0,0.0,15.0,60.0,0.0,75.0,116.0,30000.0,2.533333333333333,4.0,35,0.03,30,0.8,Medium,22,35022,15,14,10
Optimal,3.162076234817505,,44661.43292820534,6000.0,38661.43292820534,60.0,0.0,1781.4329282054593,0.7542266071183438,0.28276713146118404,61.0,0.0,15.0,60.0,0.0,78.2,119.0,31280.0,2.6666666666666665,4.0,35,0.03,30,0.8,Medium,23,35023,15,14,10
Optimal,2.4956932067871094,,46438.57311530474,6000.0,40438.57311530474,60.0,0.0,1898.5731153047886,0.7453737477502635,0.3013608119531411,71.0,0.0,15.0,60.0,0.0,78.9,127.0,31560.0,2.6,4.0,35,0.03,30,0.8,Medium,24,35024,15,14,10
Optimal,3.319808006286621,,44649.12055816055,6000.0,38649.12055816055,60.0,0.0,1669.1205581606953,0.7542266071183438,0.26493977113661826,62.0,0.0,15.0,60.0,0.0,78.9,123.0,31560.0,2.8666666666666667,4.0,35,0.03,30,0.8,Medium,25,35025,15,14,10
Optimal,2.1709699630737305,,44833.5467862664,6000.0,38833.5467862664,60.0,0.0,1853.5467862664682,0.712671051102727,0.2942137755978521,67.0,0.0,15.0,60.0,0.0,77.2,123.0,30880.0,2.7333333333333334,4.0,35,0.03,30,0.8,Medium,26,35026,15,14,10
Optimal,2.555133819580078,,44818.592271579895,6050.0,38768.592271579895,59.0,1.0,1728.5922715800186,0.7453737477502635,0.27437972564762203,69.0,0.0,15.0,59.0,1.0,78.9,122.0,31560.0,3.3333333333333335,4.0,35,0.03,30,0.8,Medium,27,35027,15,14,10
Optimal,3.4367568492889404,,45062.025019931825,6000.0,39062.025019931825,60.0,0.0,1732.025019931932,0.7542266071183438,0.27492460633840193,63.0,0.0,15.0,60.0,0.0,79.7,124.0,31880.0,2.8666666666666667,4.0,35,0.03,30,0.8,Medium,28,35028,15,14,10
Optimal,2.184860944747925,,45613.954824659966,6000.0,39613.954824659966,60.0,0.0,1683.954824660061,0.7453737477502635,0.2672944166127081,59.0,0.0,15.0,60.0,0.0,80.7,116.0,32280.0,2.6,4.0,35,0.03,30,0.8,Medium,29,35029,15,14,10
Optimal,3.184803009033203,,45458.469022375924,6000.0,39458.469022375924,60.0,0.0,1783.4690223760097,0.7542266071183437,0.28309032101206505,65.0,0.0,15.0,60.0,0.0,81.8,123.0,32720.0,2.933333333333333,4.0,35,0.03,30,0.8,Medium,30,35030,15,14,10
Optimal,5.317946910858154,,45880.43196453251,7200.0,38680.43196453251,72.0,0.0,2370.4319645326605,0.7453737477502635,0.31354920165775935,80.0,0.0,18.0,72.0,0.0,80.66666666666667,167.0,36300.0,2.6666666666666665,4.0,36,0.03,30,0.8,High,1,36001,18,14,15
Optimal,5.365076065063477,,46341.95797790208,7200.0,39141.95797790208,72.0,0.0,2341.9579779022806,0.7453737477502635,0.3097828013098255,90.0,0.0,18.0,72.0,0.0,81.73333333333333,188.0,36780.0,3.0555555555555554,4.0,36,0.03,30,0.8,High,2,36002,18,14,15
Optimal,3.185853958129883,,47216.64952674691,7200.0,40016.64952674691,72.0,0.0,2576.649526747048,0.7453737477502635,0.3408266569771228,97.0,0.0,18.0,72.0,0.0,83.06666666666666,188.0,37380.0,2.6666666666666665,4.0,36,0.03,30,0.8,High,3,36003,18,14,15
Optimal,4.358400106430054,,45431.21803361871,7200.0,38231.21803361871,72.0,0.0,2401.21803361889,0.712671051102727,0.31762143301837165,85.0,0.0,18.0,72.0,0.0,79.53333333333333,179.0,35790.0,2.4444444444444446,4.0,36,0.03,30,0.8,High,4,36004,18,14,15
Optimal,5.701411962509155,,45467.20321635085,7200.0,38267.20321635085,72.0,0.0,2357.2032163510466,0.7453737477502635,0.3117993672422019,81.0,0.0,18.0,72.0,0.0,79.8,184.0,35910.0,2.7222222222222223,4.0,36,0.03,30,0.8,High,5,36005,18,14,15
Optimal,5.0039379596710205,,46080.65479113187,7200.0,38880.65479113187,72.0,0.0,2430.6547911320163,0.7453737477502635,0.32151518401217144,75.0,0.0,18.0,72.0,0.0,80.86666666666666,176.0,36390.0,2.2222222222222223,4.0,36,0.03,30,0.8,High,6,36006,18,14,15
Optimal,4.599558115005493,,46984.756797631424,7200.0,39784.756797631424,72.0,0.0,2474.7567976315377,0.7453737477502635,0.3273487827554944,88.0,0.0,18.0,72.0,0.0,82.8,164.0,37260.0,2.7222222222222223,4.0,36,0.03,30,0.8,High,7,36007,18,14,15
Optimal,3.720427989959717,,47072.26515620729,7200.0,39872.26515620729,72.0,0.0,2432.265156207441,0.7453737477502635,0.32172819526553453,80.0,0.0,18.0,72.0,0.0,83.13333333333334,177.0,37410.0,2.6666666666666665,4.0,36,0.03,30,0.8,High,8,36008,18,14,15
Optimal,5.076841831207275,,45080.21863737302,7200.0,37880.21863737302,72.0,0.0,2390.218637373236,0.7453737477502635,0.31616648642503126,90.0,0.0,18.0,72.0,0.0,78.86666666666666,189.0,35490.0,2.888888888888889,4.0,36,0.03,30,0.8,High,9,36009,18,14,15
Optimal,4.853779077529907,,46738.58219545639,7200.0,39538.58219545639,72.0,0.0,2318.5821996775344,0.7453737477502635,0.30669076715311305,82.0,0.0,18.0,72.0,0.0,82.66666666666667,181.0,37200.0,2.7777777777777777,4.0,36,0.03,30,0.8,High,10,36010,18,14,15
Optimal,5.537388801574707,,46049.31761483441,7200.0,38849.31761483441,72.0,0.0,2299.317614834589,0.7453737477502635,0.30414254164478693,78.0,0.0,18.0,72.0,0.0,81.2,182.0,36540.0,2.5555555555555554,4.0,36,0.03,30,0.8,High,11,36011,18,14,15
Optimal,5.6805579662323,,44288.58343843186,7200.0,37088.58343843186,72.0,0.0,2438.583438432007,0.7453737477502635,0.3225639468825406,87.0,0.0,18.0,72.0,0.0,77.0,176.0,34650.0,2.7222222222222223,4.0,36,0.03,30,0.8,High,12,36012,18,14,15
Optimal,5.299767017364502,,45762.49264765789,7200.0,38562.49264765789,72.0,0.0,2372.492647658045,0.7453737477502635,0.3138217787907467,91.0,0.0,18.0,72.0,0.0,80.4,175.0,36180.0,2.7222222222222223,4.0,36,0.03,30,0.8,High,13,36013,18,14,15
Optimal,6.735413074493408,,47309.172195070794,7200.0,40109.172195070794,72.0,0.0,2369.17219507101,0.7453737477502635,0.3133825654855833,86.0,0.0,18.0,72.0,0.0,83.86666666666666,191.0,37740.0,2.3333333333333335,4.0,36,0.03,30,0.8,High,14,36014,18,14,15
Optimal,4.631173133850098,,46928.052451444404,7200.0,39728.052451444404,72.0,0.0,2478.0524514445806,0.7453737477502635,0.3277847157995477,88.0,0.0,18.0,72.0,0.0,82.66666666666667,174.0,37200.0,2.7222222222222223,4.0,36,0.03,30,0.8,High,15,36015,18,14,15
Optimal,5.358869791030884,,44877.34658568114,7200.0,37677.34658568114,72.0,0.0,2397.346585681341,0.7453737477502635,0.3171093367303361,86.0,0.0,18.0,72.0,0.0,78.4,179.0,35280.0,2.5555555555555554,4.0,36,0.03,30,0.8,High,16,36016,18,14,15
Optimal,6.30249285697937,,45654.64039947059,7200.0,38454.64039947059,72.0,0.0,2394.6403994708116,0.7453737477502635,0.31675137559137717,86.0,0.0,18.0,72.0,0.0,80.13333333333334,179.0,36060.0,2.5555555555555554,4.0,36,0.03,30,0.8,High,17,36017,18,14,15
Optimal,4.807942867279053,,46071.74096168396,7200.0,38871.74096168396,72.0,0.0,2491.7409616841524,0.7453737477502635,0.32959536530213657,95.0,0.0,18.0,72.0,0.0,80.73333333333333,180.0,36330.0,3.111111111111111,4.0,36,0.03,30,0.8,High,18,36018,18,14,15
Optimal,4.841314077377319,,45621.81724860191,7200.0,38421.81724860191,72.0,0.0,2331.817248602131,0.712671051102727,0.30844143500028187,91.0,0.0,18.0,72.0,0.0,80.2,182.0,36090.0,3.111111111111111,4.0,36,0.03,30,0.8,High,19,36019,18,14,15
Optimal,4.925235986709595,,46791.324154861635,7200.0,39591.324154861635,72.0,0.0,2381.32415486185,0.7453737477502635,0.3149899675743188,86.0,0.0,18.0,72.0,0.0,82.66666666666667,189.0,37200.0,2.5555555555555554,4.0,36,0.03,30,0.8,High,20,36020,18,14,15
Optimal,5.662676095962524,,46247.18908136214,7200.0,39047.18908136214,72.0,0.0,2327.1890813623622,0.7453737477502635,0.30782924356645003,87.0,0.0,18.0,72.0,0.0,81.6,176.0,36720.0,3.0,4.0,36,0.03,30,0.8,High,21,36021,18,14,15
Optimal,3.5244150161743164,,45777.335979075295,7200.0,38577.335979075295,72.0,0.0,2607.3359790753643,0.712671051102727,0.3448857115179053,100.0,0.0,18.0,72.0,0.0,79.8,166.0,35910.0,2.8333333333333335,4.0,36,0.03,30,0.8,High,22,36022,18,14,15
Optimal,4.653377056121826,,46734.086953636484,7200.0,39534.086953636484,72.0,0.0,2474.08695163067,0.7453737477502635,0.3272601787871256,83.0,0.0,18.0,72.0,0.0,82.20000000445755,184.0,36990.0000020059,2.5555555555555554,4.0,36,0.03,30,0.8,High,23,36023,18,14,15
Optimal,5.025439023971558,,46493.77701589907,7200.0,39293.77701589907,72.0,0.0,2263.77701589919,0.7453737477502635,0.2994414042194695,85.0,0.0,18.0,72.0,0.0,82.26666666666667,186.0,37020.0,3.111111111111111,4.0,36,0.03,30,0.8,High,24,36024,18,14,15
Optimal,3.7388479709625244,,46006.481100012665,7200.0,38806.481100012665,72.0,0.0,2481.4811000128034,0.7453737477502633,0.3282382407424343,92.0,0.0,18.0,72.0,0.0,80.33333333333333,186.0,36150.0,2.6666666666666665,4.0,36,0.03,30,0.8,High,25,36025,18,14,15
Optimal,4.2604429721832275,,47471.53424437626,7200.0,40271.53424437626,72.0,0.0,2491.534244376432,0.7453737477502635,0.32956802174291433,87.0,0.0,18.0,72.0,0.0,83.8,182.0,37710.0,2.7222222222222223,4.0,36,0.03,30,0.8,High,26,36026,18,14,15
Optimal,5.439378976821899,,46962.8527046443,7200.0,39762.8527046443,72.0,0.0,2392.8527046444906,0.7453737477502635,0.316514908021758,89.0,0.0,18.0,72.0,0.0,83.0,176.0,37350.0,2.7777777777777777,4.0,36,0.03,30,0.8,High,27,36027,18,14,15
Optimal,5.627899885177612,,46341.159172342894,7200.0,39141.159172342894,72.0,0.0,2391.159172343097,0.7453737477502635,0.31629089581257896,82.0,0.0,18.0,72.0,0.0,81.66666666666667,184.0,36750.0,2.7777777777777777,4.0,36,0.03,30,0.8,High,28,36028,18,14,15
Optimal,5.8823699951171875,,46340.84115213221,7200.0,39140.84115213221,72.0,0.0,2445.841152132383,0.7453737477502635,0.32352396192227284,92.0,0.0,18.0,72.0,0.0,81.26666666666667,170.0,36570.0,2.888888888888889,4.0,36,0.03,30,0.8,High,29,36029,18,14,15
Optimal,5.07728910446167,,46668.864162903905,7200.0,39468.864162903905,72.0,0.0,2468.8641629040344,0.712671051102727,0.3265693337174649,86.0,0.0,18.0,72.0,0.0,81.93333333333334,180.0,36870.0,2.7777777777777777,4.0,36,0.03,30,0.8,High,30,36030,18,14,15
Optimal,0.6117911338806152,,38369.693126649014,2400.0,35969.693126649014,24.0,0.0,569.6931266490247,0.47474427220752063,0.09494885444150411,0.0,0.0,12.0,24.0,0.0,59.4,62.0,23760.0,1.6666666666666667,2.0,37,0.03,50,0.6,Low,1,37001,12,10,5
Optimal,0.6911590099334717,,37329.9791125149,2400.0,34929.9791125149,24.0,0.0,569.9791125148922,0.4758882156709912,0.09499651875248204,0.0,0.0,12.0,24.0,0.0,58.2,64.0,23280.0,1.6666666666666667,2.0,37,0.03,50,0.6,Low,2,37002,12,10,5
Optimal,0.6922659873962402,,38004.08730623345,2400.0,35604.08730623345,24.0,0.0,534.0873062334606,0.47474427220752063,0.08901455103891011,0.0,0.0,12.0,24.0,0.0,57.8,63.0,23120.0,1.75,2.0,37,0.03,50,0.6,Low,3,37003,12,10,5
Optimal,0.6195218563079834,,38484.08730623345,2400.0,36084.08730623345,24.0,0.0,534.0873062334604,0.47474427220752063,0.08901455103891005,0.0,0.0,12.0,24.0,0.0,58.0,62.0,23200.0,1.75,2.0,37,0.03,50,0.6,Low,4,37004,12,10,5
Optimal,0.6175987720489502,,38964.08730623345,2400.0,36564.08730623345,24.0,0.0,534.0873062334606,0.47474427220752063,0.08901455103891011,0.0,0.0,12.0,24.0,0.0,61.0,69.0,24400.0,1.75,2.0,37,0.03,50,0.6,Low,5,37005,12,10,5
Optimal,0.6170260906219482,,38425.95591303864,2400.0,36025.95591303864,24.0,0.0,545.9559130386486,0.47474427220752063,0.09099265217310812,0.0,0.0,12.0,24.0,0.0,60.8,66.0,24320.0,1.6666666666666667,2.0,37,0.03,50,0.6,Low,6,37006,12,10,5
Optimal,0.5733036994934082,,40304.08730623344,2400.0,37904.08730623344,24.0,0.0,534.0873062334605,0.4747442722075206,0.08901455103891008,0.0,0.0,12.0,24.0,0.0,62.4,66.0,24960.0,1.9166666666666667,2.0,37,0.03,50,0.6,Low,7,37007,12,10,5
Optimal,0.6184689998626709,,38209.693126649014,2400.0,35809.693126649014,24.0,0.0,569.6931266490247,0.47474427220752063,0.09494885444150411,0.0,0.0,12.0,24.0,0.0,57.8,64.0,23120.0,1.6666666666666667,2.0,37,0.03,50,0.6,Low,8,37008,12,10,5
Optimal,0.6017682552337646,,37147.82451984382,2400.0,34747.82451984382,24.0,0.0,557.8245198438367,0.47474427220752063,0.09297075330730611,0.0,0.0,12.0,24.0,0.0,57.8,61.0,23120.0,1.75,2.0,37,0.03,50,0.6,Low,9,37009,12,10,5
Optimal,0.5916531085968018,,38505.95591303864,2400.0,36105.95591303864,24.0,0.0,545.9559130386486,0.47474427220752063,0.09099265217310812,0.0,0.0,12.0,24.0,0.0,63.2,67.0,25280.0,1.6666666666666667,2.0,37,0.03,50,0.6,Low,10,37010,12,10,5
Optimal,0.6185698509216309,,38427.82451984382,2400.0,36027.82451984382,24.0,0.0,557.8245198438367,0.47474427220752063,0.09297075330730611,0.0,0.0,12.0,24.0,0.0,61.4,68.0,24560.0,1.75,2.0,37,0.03,50,0.6,Low,11,37011,12,10,5
Optimal,0.6426029205322266,,38049.693126649014,2400.0,35649.693126649014,24.0,0.0,569.6931266490247,0.47474427220752063,0.09494885444150411,0.0,0.0,12.0,24.0,0.0,60.0,68.0,24000.0,1.6666666666666667,2.0,37,0.03,50,0.6,Low,12,37012,12,10,5
Optimal,0.6144099235534668,,37945.95591303864,2400.0,35545.95591303864,24.0,0.0,545.9559130386486,0.47474427220752063,0.09099265217310812,0.0,0.0,12.0,24.0,0.0,60.2,67.0,24080.0,1.6666666666666667,2.0,37,0.03,50,0.6,Low,13,37013,12,10,5
Optimal,0.5984959602355957,,38644.08730623345,2400.0,36244.08730623345,24.0,0.0,534.0873062334606,0.47474427220752063,0.08901455103891011,0.0,0.0,12.0,24.0,0.0,58.0,63.0,23200.0,1.75,2.0,37,0.03,50,0.6,Low,14,37014,12,10,5
Optimal,0.7201588153839111,,38885.95591303863,2400.0,36485.95591303863,24.0,0.0,545.9559130386486,0.47474427220752063,0.09099265217310812,0.0,0.0,12.0,24.0,0.0,59.6,63.0,23840.0,1.8333333333333333,2.0,37,0.03,50,0.6,Low,15,37015,12,10,5
Optimal,0.6540510654449463,,38429.69312664901,2400.0,36029.69312664901,24.0,0.0,569.6931266490247,0.47474427220752063,0.09494885444150411,0.0,0.0,12.0,24.0,0.0,61.2,66.0,24480.0,1.8333333333333333,2.0,37,0.03,50,0.6,Low,16,37016,12,10,5
Optimal,0.6473147869110107,,37945.95591303864,2400.0,35545.95591303864,24.0,0.0,545.9559130386486,0.47474427220752063,0.09099265217310812,0.0,0.0,12.0,24.0,0.0,59.6,65.0,23840.0,1.6666666666666667,2.0,37,0.03,50,0.6,Low,17,37017,12,10,5
Optimal,0.6739730834960938,,39602.21869942827,2400.0,37202.21869942827,24.0,0.0,522.2186994282727,0.47474427220752063,0.0870364499047121,0.0,0.0,12.0,24.0,0.0,61.6,65.0,24640.0,1.6666666666666667,2.0,37,0.03,50,0.6,Low,18,37018,12,10,5
Optimal,0.599459171295166,,38689.693126649014,2400.0,36289.693126649014,24.0,0.0,569.6931266490247,0.47474427220752063,0.09494885444150412,0.0,0.0,12.0,24.0,0.0,59.6,64.0,23840.0,1.6666666666666667,2.0,37,0.03,50,0.6,Low,19,37019,12,10,5
Optimal,0.6786491870880127,,37226.01311021182,2400.0,34826.01311021182,24.0,0.0,546.0131102118222,0.4758882156709912,0.0910021850353037,0.0,0.0,12.0,24.0,0.0,58.4,64.0,23360.0,1.6666666666666667,2.0,37,0.03,50,0.6,Low,20,37020,12,10,5
Optimal,0.6455881595611572,,38825.95591303864,2400.0,36425.95591303864,24.0,0.0,545.9559130386486,0.47474427220752063,0.09099265217310812,0.0,0.0,12.0,24.0,0.0,61.6,64.0,24640.0,1.6666666666666667,2.0,37,0.03,50,0.6,Low,21,37021,12,10,5
Optimal,0.6705169677734375,,40667.82451984382,2400.0,38267.82451984382,24.0,0.0,557.8245198438367,0.47474427220752063,0.09297075330730611,0.0,0.0,12.0,24.0,0.0,63.2,67.0,25280.0,1.75,2.0,37,0.03,50,0.6,Low,22,37022,12,10,5
Optimal,0.6612331867218018,,38769.693126649014,2400.0,36369.693126649014,24.0,0.0,569.6931266490247,0.47474427220752063,0.09494885444150411,0.0,0.0,12.0,24.0,0.0,61.0,64.0,24400.0,1.6666666666666667,2.0,37,0.03,50,0.6,Low,23,37023,12,10,5
Optimal,0.6929600238800049,,37465.95591303864,2400.0,35065.95591303864,24.0,0.0,545.9559130386486,0.47474427220752063,0.09099265217310812,0.0,0.0,12.0,24.0,0.0,56.4,61.0,22560.0,1.6666666666666667,2.0,37,0.03,50,0.6,Low,24,37024,12,10,5
Optimal,0.588392972946167,,39307.82451984382,2400.0,36907.82451984382,24.0,0.0,557.8245198438367,0.47474427220752063,0.09297075330730611,0.0,0.0,12.0,24.0,0.0,60.8,65.0,24320.0,1.75,2.0,37,0.03,50,0.6,Low,25,37025,12,10,5
Optimal,0.6824569702148438,,37969.693126649014,2400.0,35569.693126649014,24.0,0.0,569.6931266490247,0.47474427220752063,0.09494885444150411,0.0,0.0,12.0,24.0,0.0,60.2,66.0,24080.0,1.6666666666666667,2.0,37,0.03,50,0.6,Low,26,37026,12,10,5
Optimal,0.6322159767150879,,40107.881717017,2400.0,37707.881717017,24.0,0.0,557.8817170170101,0.4758882156709911,0.0929802861695017,0.0,0.0,12.0,24.0,0.0,62.0,69.0,24800.0,1.75,2.0,37,0.03,50,0.6,Low,27,37027,12,10,5
Optimal,0.6246531009674072,,38484.08730623345,2400.0,36084.08730623345,24.0,0.0,534.0873062334607,0.47474427220752063,0.08901455103891012,0.0,0.0,12.0,24.0,0.0,60.0,66.0,24000.0,1.75,2.0,37,0.03,50,0.6,Low,28,37028,12,10,5
Optimal,0.6230630874633789,,37385.95591303864,2400.0,34985.95591303864,24.0,0.0,545.9559130386486,0.47474427220752063,0.09099265217310812,0.0,0.0,12.0,24.0,0.0,59.4,66.0,23760.0,1.6666666666666667,2.0,37,0.03,50,0.6,Low,29,37029,12,10,5
Optimal,0.6002259254455566,,41385.95591303864,2400.0,38985.95591303864,24.0,0.0,545.9559130386486,0.47474427220752063,0.09099265217310812,0.0,0.0,12.0,24.0,0.0,64.0,65.0,25600.0,1.6666666666666667,2.0,37,0.03,50,0.6,Low,30,37030,12,10,5
Optimal,1.371169090270996,,52701.0162516432,3000.0,49701.0162516432,30.0,0.0,921.0162516431518,0.4093405562858454,0.08771583348982398,0.0,0.0,15.0,30.0,0.0,108.4,132.0,43360.0,1.8666666666666667,2.0,38,0.03,50,0.6,Medium,1,38001,15,14,10
Optimal,1.3150269985198975,,54895.2195019718,2900.0,51995.2195019718,29.0,0.0,1105.2195019717826,0.4093405562858454,0.10525900018778883,0.0,0.0,15.0,29.0,0.0,107.2,125.0,42880.0,1.6666666666666667,2.0,38,0.03,50,0.6,Medium,2,38002,15,14,10
Optimal,1.370771884918213,,52689.38165429315,3000.0,49689.38165429315,30.0,0.0,849.3816542931288,0.4093405562858454,0.08089349088505988,0.0,0.0,15.0,30.0,0.0,107.5,133.0,43000.0,1.7333333333333334,2.0,38,0.03,50,0.6,Medium,3,38003,15,14,10
Optimal,1.3953909873962402,,53191.48327945748,3000.0,50191.48327945748,30.0,0.0,941.4832794574439,0.4093405562858454,0.08966507423404227,0.0,0.0,15.0,30.0,0.0,107.8,125.0,43120.0,1.6,2.0,38,0.03,50,0.6,Medium,4,38004,15,14,10
Optimal,1.428041934967041,,54490.08219601459,2900.0,51590.08219601459,29.0,0.0,880.0821960145672,0.4093405562858454,0.08381735200138736,0.0,0.0,15.0,29.0,0.0,109.6,124.0,43840.0,1.7333333333333334,2.0,38,0.03,50,0.6,Medium,5,38005,15,14,10
Optimal,1.354844331741333,,54920.082196014606,3000.0,51920.082196014606,30.0,0.0,880.0821960145672,0.4093405562858454,0.08381735200138736,0.0,0.0,15.0,30.0,0.0,112.6,125.0,45040.0,1.7333333333333334,2.0,38,0.03,50,0.6,Medium,6,38006,15,14,10
Optimal,1.3159217834472656,,54421.01625164318,2950.0,51471.01625164318,28.0,1.0,921.0162516431521,0.4093405562858454,0.08771583348982402,0.0,0.0,15.0,28.0,1.0,109.0,125.0,43600.0,1.7333333333333334,2.0,38,0.03,50,0.6,Medium,7,38007,15,14,10
Optimal,1.3736650943756104,,53611.0162516432,3000.0,50611.0162516432,30.0,0.0,921.0162516431517,0.4093405562858454,0.08771583348982397,0.0,0.0,15.0,30.0,0.0,109.3,134.0,43720.0,1.8,2.0,38,0.03,50,0.6,Medium,8,38008,15,14,10
Optimal,1.3028621673583984,,53644.2854463432,2900.0,50744.2854463432,29.0,0.0,1064.285446343198,0.4093405562858454,0.10136051869935218,0.0,0.0,15.0,29.0,0.0,104.0,123.0,41600.0,1.5333333333333334,2.0,38,0.03,50,0.6,Medium,9,38009,15,14,10
Optimal,1.4235610961914062,,53072.18382117893,3000.0,50072.18382117893,30.0,0.0,972.1838211788823,0.4093405562858454,0.09258893535036974,0.0,0.0,15.0,30.0,0.0,108.6,126.0,43440.0,1.6666666666666667,2.0,38,0.03,50,0.6,Medium,10,38010,15,14,10
Optimal,1.3299357891082764,,54649.84868210747,3000.0,51649.84868210747,30.0,0.0,869.848682107421,0.4093405562858454,0.08284273162927819,0.0,0.0,15.0,30.0,0.0,112.5,129.0,45000.0,1.8666666666666667,2.0,38,0.03,50,0.6,Medium,11,38011,15,14,10
Optimal,1.352320909500122,,53352.65084899321,3000.0,50352.65084899321,30.0,0.0,992.650848993175,0.4093405562858454,0.0945381760945881,0.0,0.0,15.0,30.0,0.0,107.0,124.0,42800.0,1.7333333333333334,2.0,38,0.03,50,0.6,Medium,12,38012,15,14,10
Optimal,1.5542716979980469,,54390.78273773604,3000.0,51390.78273773604,30.0,0.0,910.7827377360055,0.4093405562858454,0.08674121311771481,0.0,0.0,15.0,30.0,0.0,111.8,130.0,44720.0,1.7333333333333334,2.0,38,0.03,50,0.6,Medium,13,38013,15,14,10
Optimal,1.2943928241729736,,52870.782737735986,3000.0,49870.782737735986,30.0,0.0,910.782737736006,0.4093405562858454,0.08674121311771486,0.0,0.0,15.0,30.0,0.0,107.1,121.0,42840.0,1.4,2.0,38,0.03,50,0.6,Medium,14,38014,15,14,10
Optimal,1.2966961860656738,,53951.48327945746,3000.0,50951.48327945746,30.0,0.0,941.4832794574444,0.4093405562858454,0.08966507423404232,0.0,0.0,15.0,30.0,0.0,107.6,127.0,43040.0,1.6666666666666667,2.0,38,0.03,50,0.6,Medium,15,38015,15,14,10
Optimal,1.3127679824829102,,54030.782737736015,2900.0,51130.782737736015,29.0,0.0,910.782737736006,0.4093405562858454,0.08674121311771486,0.0,0.0,15.0,29.0,0.0,110.9,126.0,44360.0,1.7333333333333334,2.0,38,0.03,50,0.6,Medium,16,38016,15,14,10
Optimal,1.388075828552246,,53008.02166885753,3000.0,50008.02166885753,30.0,0.0,1228.021668857536,0.4093405562858454,0.11695444465309868,0.0,0.0,15.0,30.0,0.0,101.5,124.0,40600.0,1.7333333333333334,2.0,38,0.03,50,0.6,Medium,17,38017,15,14,10
Optimal,1.393928050994873,,53140.78273773604,3000.0,50140.78273773604,30.0,0.0,910.7827377360055,0.4093405562858454,0.08674121311771481,0.0,0.0,15.0,30.0,0.0,109.4,126.0,43760.0,1.6666666666666667,2.0,38,0.03,50,0.6,Medium,18,38018,15,14,10
Optimal,1.4129810333251953,,54530.31570992173,3000.0,51530.31570992173,30.0,0.0,890.3157099217133,0.4093405562858453,0.0847919723734965,0.0,0.0,15.0,30.0,0.0,111.3,129.0,44520.0,1.4666666666666666,2.0,38,0.03,50,0.6,Medium,19,38019,15,14,10
Optimal,1.3582332134246826,,54320.5492238289,2900.0,51420.5492238289,29.0,0.0,900.54922382886,0.4093405562858454,0.08576659274560572,0.0,0.0,15.0,29.0,0.0,108.5,128.0,43400.0,1.7333333333333334,2.0,38,0.03,50,0.6,Medium,20,38020,15,14,10
Optimal,2.054439067840576,,55071.01625164318,3000.0,52071.01625164318,30.0,0.0,921.0162516431521,0.4093405562858454,0.08771583348982402,0.0,0.0,15.0,30.0,0.0,109.8,130.0,43920.0,1.6,2.0,38,0.03,50,0.6,Medium,21,38021,15,14,10
Optimal,1.4603099822998047,,52981.950307271785,3000.0,49981.950307271785,30.0,0.0,961.9503072717366,0.4093405562858454,0.09161431497826063,0.0,0.0,15.0,30.0,0.0,106.8,127.0,42720.0,1.8666666666666667,2.0,38,0.03,50,0.6,Medium,22,38022,15,14,10
Optimal,1.5716638565063477,,54190.49395372877,3000.0,51190.49395372877,30.0,0.0,1105.4939537287773,0.49465962700528326,0.10528513845035974,0.0,0.0,15.0,30.0,0.0,110.1,123.0,44040.0,1.7333333333333334,2.0,38,0.03,50,0.6,Medium,23,38023,15,14,10
Optimal,1.6020972728729248,,54575.43352064456,3000.0,51575.43352064456,30.0,0.0,980.4335206445071,0.49465962700528326,0.09337462101376258,0.0,0.0,15.0,30.0,0.0,110.5,126.0,44200.0,1.8666666666666667,2.0,38,0.03,50,0.6,Medium,24,38024,15,14,10
Optimal,1.3863999843597412,,52914.28544634317,3000.0,49914.28544634317,30.0,0.0,1064.285446343198,0.4093405562858454,0.10136051869935218,0.0,0.0,15.0,30.0,0.0,107.4,122.0,42960.0,1.6666666666666667,2.0,38,0.03,50,0.6,Medium,25,38025,15,14,10
Optimal,1.386660099029541,,53871.24976555034,3000.0,50871.24976555034,30.0,0.0,931.2497655502976,0.4093405562858454,0.08869045386193311,0.0,0.0,15.0,30.0,0.0,108.2,128.0,43280.0,1.6666666666666667,2.0,38,0.03,50,0.6,Medium,26,38026,15,14,10
Optimal,1.3932569026947021,,54240.31570992175,3000.0,51240.31570992175,30.0,0.0,890.3157099217133,0.4093405562858454,0.0847919723734965,0.0,0.0,15.0,30.0,0.0,110.3,127.0,44120.0,1.8,2.0,38,0.03,50,0.6,Medium,27,38027,15,14,10
Optimal,1.444016933441162,,52541.249765550354,3000.0,49541.249765550354,30.0,0.0,931.2497655502979,0.4093405562858454,0.08869045386193312,0.0,0.0,15.0,30.0,0.0,107.1,122.0,42840.0,1.9333333333333333,2.0,38,0.03,50,0.6,Medium,28,38028,15,14,10
Optimal,1.375208854675293,,52950.54922382889,3000.0,49950.54922382889,30.0,0.0,900.5492238288592,0.4093405562858454,0.08576659274560565,0.0,0.0,15.0,30.0,0.0,107.8,128.0,43120.0,1.6666666666666667,2.0,38,0.03,50,0.6,Medium,29,38029,15,14,10
Optimal,1.3398687839508057,,53901.016251643174,2900.0,51001.016251643174,29.0,0.0,921.016251643152,0.4093405562858454,0.08771583348982401,0.0,0.0,15.0,29.0,0.0,105.6,123.0,42240.0,1.6666666666666667,2.0,38,0.03,50,0.6,Medium,30,38030,15,14,10
Optimal,1.901890754699707,,58009.656266207654,3600.0,54409.656266207654,36.0,0.0,1299.6562662075592,0.4093405562858454,0.10314732271488565,0.0,0.0,18.0,36.0,0.0,118.0,186.0,53100.0,1.9444444444444444,2.0,39,0.03,50,0.6,High,1,39001,18,14,15
Optimal,1.9879069328308105,,58668.02166885758,3600.0,55068.02166885758,36.0,0.0,1228.0216688575356,0.4093405562858454,0.09746203721091552,0.0,0.0,18.0,36.0,0.0,119.46666666666667,193.0,53760.0,1.6666666666666667,2.0,39,0.03,50,0.6,High,2,39002,18,14,15
Optimal,1.7798879146575928,,57753.25518276476,3600.0,54153.25518276476,36.0,0.0,1238.2551827646816,0.4093405562858454,0.09827422085433982,0.0,0.0,18.0,36.0,0.0,117.46666666666667,188.0,52860.0,1.8333333333333333,2.0,39,0.03,50,0.6,High,3,39003,18,14,15
Optimal,1.7531909942626953,,57671.58708067213,3600.0,54071.58708067213,36.0,0.0,1201.5870806720698,0.49465962700528326,0.09536405402159283,0.0,0.0,18.0,36.0,0.0,117.4,188.0,52830.0,1.7777777777777777,2.0,39,0.03,50,0.6,High,4,39004,18,14,15
Optimal,1.8394041061401367,,57320.356807929085,3600.0,53720.356807929085,36.0,0.0,1330.3568079289976,0.4093405562858454,0.10558387364515853,0.0,0.0,18.0,36.0,0.0,116.33333333333333,182.0,52350.0,1.8333333333333333,2.0,39,0.03,50,0.6,High,5,39005,18,14,15
Optimal,1.853254795074463,,58201.51104659937,3600.0,54601.51104659937,36.0,0.0,1371.5110465993203,0.4115423867032264,0.10885008306343812,0.0,0.0,18.0,36.0,0.0,118.2,186.0,53190.0,1.8333333333333333,2.0,39,0.03,50,0.6,High,6,39006,18,14,15
Optimal,1.7098000049591064,,59891.56547547204,3600.0,56291.56547547204,36.0,0.0,1821.565475472012,0.4093405562858454,0.14456868852952476,0.0,0.0,18.0,36.0,0.0,121.0,186.0,54450.0,1.7222222222222223,2.0,39,0.03,50,0.6,High,7,39007,18,14,15
Optimal,1.809128999710083,,56964.32654435056,3600.0,53364.32654435056,36.0,0.0,1504.3265443504818,0.4093405562858454,0.11939099558337157,0.0,0.0,18.0,36.0,0.0,115.2,182.0,51840.0,1.8888888888888888,2.0,39,0.03,50,0.6,High,8,39008,18,14,15
Optimal,1.7150721549987793,,58123.95572448621,3600.0,54523.95572448621,36.0,0.0,1268.95572448612,0.4093405562858454,0.1007107717846127,0.0,0.0,18.0,36.0,0.0,118.26666666666667,189.0,53220.0,1.8888888888888888,2.0,39,0.03,50,0.6,High,9,39009,18,14,15
Optimal,1.825679063796997,,57349.65626620759,3600.0,53749.65626620759,36.0,0.0,1299.656266207559,0.4093405562858454,0.10314732271488564,0.0,0.0,18.0,36.0,0.0,116.46666666666667,184.0,52410.0,1.7777777777777777,2.0,39,0.03,50,0.6,High,10,39010,18,14,15
Optimal,1.7766261100769043,,58267.128711236255,3600.0,54667.128711236255,36.0,0.0,1627.1287112362354,0.4093405562858454,0.12913719930446313,0.0,0.0,18.0,36.0,0.0,117.73333333333333,184.0,52980.0,1.7222222222222223,2.0,39,0.03,50,0.6,High,11,39011,18,14,15
Optimal,1.9654877185821533,,58319.42275230048,3500.0,54819.42275230048,35.0,0.0,1289.422752300413,0.4093405562858454,0.10233513907146136,0.0,0.0,18.0,35.0,0.0,118.8,187.0,53460.0,1.6666666666666667,2.0,39,0.03,50,0.6,High,12,39012,18,14,15
Optimal,1.836395025253296,,57143.62600262908,3600.0,53543.62600262908,36.0,0.0,1473.6260026290433,0.4093405562858454,0.11695444465309869,0.0,0.0,18.0,36.0,0.0,115.6,182.0,52020.0,1.7222222222222223,2.0,39,0.03,50,0.6,High,13,39013,18,14,15
Optimal,1.8623607158660889,,57281.757891371955,3500.0,53781.757891371955,35.0,0.0,1391.7578913718744,0.4093405562858454,0.11045697550570431,0.0,0.0,18.0,35.0,0.0,116.33333333333333,197.0,52350.0,1.7777777777777777,2.0,39,0.03,50,0.6,High,14,39014,18,14,15
Optimal,1.7732977867126465,,58711.85409932188,3600.0,55111.85409932188,36.0,0.0,1176.854099321805,0.4093405562858454,0.09340111899379405,0.0,0.0,18.0,36.0,0.0,119.73333333333333,188.0,53880.0,1.8333333333333333,2.0,39,0.03,50,0.6,High,15,39015,18,14,15
Optimal,1.736365795135498,,59127.55464104328,3500.0,55627.55464104328,35.0,0.0,1207.5546410432437,0.4093405562858454,0.09583766992406696,0.0,0.0,18.0,35.0,0.0,120.86666666666666,188.0,54390.0,1.8333333333333333,2.0,39,0.03,50,0.6,High,16,39016,18,14,15
Optimal,1.873208999633789,,58493.39248872192,3600.0,54893.39248872192,36.0,0.0,1463.3924887218975,0.4093405562858454,0.1161422610096744,0.0,0.0,18.0,36.0,0.0,118.66666666666667,190.0,53400.0,1.7777777777777777,2.0,39,0.03,50,0.6,High,17,39017,18,14,15
Optimal,1.8101460933685303,,58923.85951653624,3600.0,55323.85951653624,36.0,0.0,1483.8595165361896,0.4093405562858454,0.11776662829652298,0.0,0.0,18.0,36.0,0.0,119.53333333333333,191.0,53790.0,1.7222222222222223,2.0,39,0.03,50,0.6,High,18,39018,18,14,15
Optimal,1.7312278747558594,,58289.18923839336,3600.0,54689.18923839336,36.0,0.0,1279.1892383932664,0.4093405562858454,0.101522955428037,0.0,0.0,18.0,36.0,0.0,118.66666666666667,188.0,53400.0,1.9444444444444444,2.0,39,0.03,50,0.6,High,19,39019,18,14,15
Optimal,1.8890318870544434,,58046.89519732914,3600.0,54446.89519732914,36.0,0.0,1616.8951973290896,0.4093405562858454,0.12832501566103885,0.0,0.0,18.0,36.0,0.0,117.4,189.0,52830.0,1.8888888888888888,2.0,39,0.03,50,0.6,High,20,39020,18,14,15
Optimal,1.725282907485962,,58419.08770487449,3650.0,54769.08770487449,35.0,1.0,1639.087704874516,0.49465962700528326,0.13008632578369175,0.0,0.0,18.0,35.0,1.0,117.93333333333334,192.0,53070.0,1.6111111111111112,2.0,39,0.03,50,0.6,High,21,39021,18,14,15
Optimal,2.074497938156128,,58218.72221057904,3600.0,54618.72221057904,36.0,0.0,1258.7222105789742,0.4093405562858454,0.09989858814118843,0.0,0.0,18.0,36.0,0.0,118.46666666666667,191.0,53310.0,1.7777777777777777,2.0,39,0.03,50,0.6,High,22,39022,18,14,15
Optimal,1.8829538822174072,,59194.32654435049,3600.0,55594.32654435049,36.0,0.0,1504.3265443504818,0.4093405562858454,0.11939099558337157,0.0,0.0,18.0,36.0,0.0,120.0,189.0,54000.0,1.6111111111111112,2.0,39,0.03,50,0.6,High,23,39023,18,14,15
Optimal,2.598720073699951,,56989.88977927927,3600.0,53389.88977927927,36.0,0.0,1309.88977927918,0.4093405562858454,0.1039595062919984,0.0,0.0,18.0,36.0,0.0,115.66666666666667,181.0,52050.0,1.8333333333333333,2.0,39,0.03,50,0.6,High,24,39024,18,14,15
Optimal,2.04768705368042,,57310.12329402192,3600.0,53710.12329402192,36.0,0.0,1320.1232940218513,0.4093405562858454,0.10477169000173424,0.0,0.0,18.0,36.0,0.0,116.33333333333333,189.0,52350.0,1.8333333333333333,2.0,39,0.03,50,0.6,High,25,39025,18,14,15
Optimal,1.8033289909362793,,58663.488696671906,3600.0,55063.488696671906,36.0,0.0,1248.4886966718277,0.4093405562858454,0.09908640449776411,0.0,0.0,18.0,36.0,0.0,119.46666666666667,189.0,53760.0,1.8333333333333333,2.0,39,0.03,50,0.6,High,26,39026,18,14,15
Optimal,1.7895348072052002,,58569.65626620765,3600.0,54969.65626620765,36.0,0.0,1299.6562662075585,0.4093405562858454,0.1031473227148856,0.0,0.0,18.0,36.0,0.0,119.2,182.0,53640.0,1.8333333333333333,2.0,39,0.03,50,0.6,High,27,39027,18,14,15
Optimal,1.7357239723205566,,58536.19465560769,3600.0,54936.19465560769,36.0,0.0,1586.1946556076512,0.4093405562858454,0.12588846473076595,0.0,0.0,18.0,36.0,0.0,118.46666666666667,186.0,53310.0,1.7777777777777777,2.0,39,0.03,50,0.6,High,28,39028,18,14,15
Optimal,1.8499650955200195,,59328.255182764726,3500.0,55828.255182764726,35.0,0.0,1238.2551827646823,0.4093405562858454,0.09827422085433987,0.0,0.0,18.0,35.0,0.0,121.2,196.0,54540.0,1.7222222222222223,2.0,39,0.03,50,0.6,High,29,39029,18,14,15
Optimal,1.7993369102478027,,58444.32654435055,3650.0,54794.32654435055,35.0,1.0,1504.3265443504818,0.4093405562858454,0.11939099558337157,0.0,0.0,18.0,35.0,1.0,118.33333333333333,189.0,53250.0,1.7777777777777777,2.0,39,0.03,50,0.6,High,30,39030,18,14,15
Optimal,8.807944059371948,,35964.71197488441,3600.0,32364.711974884412,36.0,0.0,1164.711974884414,0.6272433774720193,0.19411866248073567,22.0,0.0,12.0,36.0,0.0,59.2,65.0,23680.0,2.9166666666666665,3.0,40,0.03,50,0.7,Low,1,40001,12,10,5
Optimal,1.7835381031036377,,36560.12565569501,3600.0,32960.12565569501,36.0,0.0,1040.1256556950325,0.627243372061344,0.1733542759491721,15.0,0.0,12.0,36.0,0.0,62.4,65.0,24960.0,2.75,3.0,40,0.03,50,0.7,Low,2,40002,12,10,5
Optimal,14.942509889602661,,34861.987644268855,3600.0,31261.987644268855,36.0,0.0,1101.9876442688644,0.6272433720613438,0.18366460737814408,20.0,0.0,12.0,36.0,0.0,58.2,62.0,23280.0,2.9166666666666665,3.0,40,0.03,50,0.7,Low,3,40003,12,10,5
Optimal,4.533250093460083,,35884.71197378873,3600.0,32284.711973788733,36.0,0.0,1164.7119738054018,0.627243372061344,0.1941186623009003,22.0,0.0,12.0,36.0,0.0,59.8,66.0,23920.0,2.9166666666666665,3.0,40,0.03,50,0.7,Low,4,40004,12,10,5
Optimal,9.414309978485107,,34558.09990288653,3600.0,30958.099902886534,36.0,0.0,1118.0999028865494,0.627243372061344,0.1863499838144249,19.0,0.0,12.0,36.0,0.0,57.8,64.0,23120.0,2.8333333333333335,3.0,40,0.03,50,0.7,Low,5,40005,12,10,5
Optimal,87.32506394386292,,35933.34981287192,3600.0,32333.349812871922,36.0,0.0,1133.3498128719316,0.6272433720613438,0.18889163547865528,21.0,0.0,12.0,36.0,0.0,58.4,66.0,23360.0,2.9166666666666665,3.0,40,0.03,50,0.7,Low,6,40006,12,10,5
Optimal,5.340017080307007,,35053.34979615332,3600.0,31453.34979615332,36.0,0.0,1133.349796153333,0.627243372061344,0.18889163269222217,21.0,0.0,12.0,36.0,0.0,59.6,65.0,23840.0,2.9166666666666665,3.0,40,0.03,50,0.7,Low,7,40007,12,10,5
Optimal,2.8212430477142334,,35469.4620714896,3600.0,31869.4620714896,36.0,0.0,1149.4620714896166,0.627243372061344,0.19157701191493612,20.0,0.0,12.0,36.0,0.0,59.0,64.0,23600.0,2.8333333333333335,3.0,40,0.03,50,0.7,Low,8,40008,12,10,5
Optimal,7.5881667137146,,34720.47494789385,3600.0,31120.474947893847,36.0,0.0,1110.4749478938566,0.6272433720613438,0.18507915798230942,18.0,0.0,12.0,36.0,0.0,58.6,61.0,23440.0,2.75,3.0,40,0.03,50,0.7,Low,9,40009,12,10,5
Optimal,4.531008958816528,,35295.3755656804,3600.0,31695.3755656804,36.0,0.0,1055.3755656804149,0.627243372061344,0.1758959276134025,17.0,0.0,12.0,36.0,0.0,57.0,59.0,22800.0,2.8333333333333335,3.0,40,0.03,50,0.7,Low,10,40010,12,10,5
Optimal,5.5167341232299805,,35549.46197406854,3600.0,31949.461974068538,36.0,0.0,1149.4620618353558,0.627243372061344,0.19157701030589264,20.0,0.0,12.0,36.0,0.0,59.59999970664884,65.0,23839.999882659537,2.8333333333333335,3.0,40,0.03,50,0.7,Low,11,40011,12,10,5
Optimal,66.64750123023987,,35118.09990288653,3600.0,31518.099902886534,36.0,0.0,1118.0999028865492,0.6272433720613438,0.18634998381442489,19.0,0.0,12.0,36.0,0.0,58.8,61.0,23520.0,2.8333333333333335,3.0,40,0.03,50,0.7,Low,12,40012,12,10,5
NO_SOLUTION,120.10064816474915,Solver timed out or no feasible solution found,,,,,,,,,,,,,,,,,,,40,0.03,50,0.7,Low,13,40013,12,10,5
Optimal,11.65552806854248,,35661.987644268855,3600.0,32061.987644268855,36.0,0.0,1101.9876442688644,0.627243372061344,0.18366460737814408,20.0,0.0,12.0,36.0,0.0,57.8,62.0,23120.0,2.9166666666666665,3.0,40,0.03,50,0.7,Low,14,40014,12,10,5
Optimal,1.3114900588989258,,36197.045408058715,3600.0,32597.045408058715,36.0,0.0,957.0454080587165,0.627243372061344,0.15950756800978608,15.0,0.0,12.0,36.0,0.0,59.8,63.0,23920.0,2.6666666666666665,3.0,40,0.03,50,0.7,Low,15,40015,12,10,5
Optimal,2.5365638732910156,,35759.26330706272,3600.0,32159.26330706272,36.0,0.0,1039.26330706273,0.627243372061344,0.1732105511771217,18.0,0.0,12.0,36.0,0.0,59.2,64.0,23680.0,2.9166666666666665,3.0,40,0.03,50,0.7,Low,16,40016,12,10,5
Optimal,4.0087339878082275,,34638.099923463036,3600.0,31038.099923463036,36.0,0.0,1118.0998920005413,0.6272434480209129,0.1863499820000902,19.0,0.0,12.0,36.0,0.0,57.8,65.0,23120.0,2.8333333333333335,3.0,40,0.03,50,0.7,Low,17,40017,12,10,5
Optimal,3.4075911045074463,,35102.849992901145,3600.0,31502.849992901145,36.0,0.0,1102.8499929011668,0.627243372061344,0.1838083321501945,17.0,0.0,12.0,36.0,0.0,58.2,63.0,23280.0,2.75,3.0,40,0.03,50,0.7,Low,18,40018,12,10,5
Optimal,2.0599541664123535,,35295.3755656804,3600.0,31695.3755656804,36.0,0.0,1055.3755656804149,0.627243372061344,0.1758959276134025,17.0,0.0,12.0,36.0,0.0,59.0,64.0,23600.0,2.8333333333333335,3.0,40,0.03,50,0.7,Low,19,40019,12,10,5
Optimal,2.358919143676758,,36866.388442084644,3600.0,33266.388442084644,36.0,0.0,1016.3884420846566,0.627243372061344,0.1693980736807761,15.0,0.0,12.0,36.0,0.0,60.8,63.0,24320.0,2.75,3.0,40,0.03,50,0.7,Low,20,40020,12,10,5
Optimal,1.349687099456787,,34850.78262166909,3600.0,31250.78262166909,36.0,0.0,980.7826216690925,0.627243372061344,0.1634637702781821,15.0,0.0,12.0,36.0,0.0,57.4,63.0,22960.0,2.6666666666666665,3.0,40,0.03,50,0.7,Low,21,40021,12,10,5
Optimal,3.394826889038086,,35022.849992901145,3600.0,31422.849992901145,36.0,0.0,1102.8499929011668,0.627243372061344,0.1838083321501945,17.0,0.0,12.0,36.0,0.0,57.8,63.0,23120.0,2.75,3.0,40,0.03,50,0.7,Low,22,40022,12,10,5
Optimal,3.133514881134033,,34302.849992901145,3600.0,30702.849992901145,36.0,0.0,1102.849992901167,0.627243372061344,0.18380833215019451,17.0,0.0,12.0,36.0,0.0,57.4,59.0,22960.0,2.75,3.0,40,0.03,50,0.7,Low,23,40023,12,10,5
NO_SOLUTION,120.09178328514099,Solver timed out or no feasible solution found,,,,,,,,,,,,,,,,,,,40,0.03,50,0.7,Low,24,40024,12,10,5
Optimal,3.177915096282959,,36174.21216150421,3600.0,32574.212161504212,36.0,0.0,1134.2121615042342,0.627243372061344,0.18903536025070572,18.0,0.0,12.0,36.0,0.0,59.8,67.0,23920.0,2.75,3.0,40,0.03,50,0.7,Low,25,40025,12,10,5
Optimal,115.14673399925232,,34415.72485787923,3600.0,30815.724857879228,36.0,0.0,1125.7248578792405,0.6272433720613438,0.18762080964654007,20.0,0.0,12.0,36.0,0.0,58.6,67.0,23440.0,2.8333333333333335,3.0,40,0.03,50,0.7,Low,26,40026,12,10,5
Optimal,8.723303318023682,,34849.11277929078,3600.0,31249.11277929078,36.0,0.0,1079.1127792907912,0.627243372061344,0.17985212988179852,17.0,0.0,12.0,36.0,0.0,57.8,61.0,23120.0,2.75,3.0,40,0.03,50,0.7,Low,27,40027,12,10,5
NO_SOLUTION,120.09829926490784,Solver timed out or no feasible solution found,,,,,,,,,,,,,,,,,,,40,0.03,50,0.7,Low,28,40028,12,10,5
Optimal,1.4195740222930908,,37676.38844208464,3600.0,34076.38844208464,36.0,0.0,1016.3884420846522,0.627243372061344,0.16939807368077536,15.0,0.0,12.0,36.0,0.0,61.8,65.0,24720.0,2.5833333333333335,3.0,40,0.03,50,0.7,Low,29,40029,12,10,5
Optimal,104.65299701690674,,33695.72485787924,3600.0,30095.724857879242,36.0,0.0,1125.7248578792405,0.6272433720613438,0.18762080964654007,20.0,0.0,12.0,36.0,0.0,54.6,57.0,21840.0,2.8333333333333335,3.0,40,0.03,50,0.7,Low,30,40030,12,10,5
Optimal,1.5801780223846436,,50796.92812544315,4500.0,46296.92812544315,45.0,0.0,2176.928125443202,0.6036653390540051,0.20732648813744783,45.0,0.0,15.0,45.0,0.0,92.3,125.0,36920.0,2.2666666666666666,3.0,41,0.03,50,0.7,Medium,1,41001,15,14,10
Optimal,1.5150790214538574,,49675.246196779546,4500.0,45175.246196779546,45.0,0.0,1815.246196779537,0.6036653390540051,0.17288059016947974,32.0,0.0,15.0,45.0,0.0,94.2,125.0,37680.0,2.4,3.0,41,0.03,50,0.7,Medium,2,41002,15,14,10
Optimal,1.4056520462036133,,47787.159290378964,4500.0,43287.159290378964,45.0,0.0,1827.1592903789647,0.6036653390540051,0.17401517051228235,37.0,0.0,15.0,45.0,0.0,89.8,124.0,35920.0,2.6666666666666665,3.0,41,0.03,50,0.7,Medium,3,41003,15,14,10
Optimal,1.5804712772369385,,49644.99496200727,4500.0,45144.99496200727,45.0,0.0,1914.9949620073078,0.6036653390540051,0.18238047257212453,37.0,0.0,15.0,45.0,0.0,93.8,128.0,37520.0,2.533333333333333,3.0,41,0.03,50,0.7,Medium,4,41004,15,14,10
Optimal,1.6993989944458008,,49203.36036465728,4500.0,44703.36036465728,45.0,0.0,1843.360364657285,0.6036653390540051,0.17555812996736045,37.0,0.0,15.0,45.0,0.0,93.1,119.0,37240.0,2.533333333333333,3.0,41,0.03,50,0.7,Medium,5,41005,15,14,10
Optimal,1.502453088760376,,50146.71488462849,4500.0,45646.71488462849,45.0,0.0,1856.7148846285163,0.6140108344287681,0.17682998901223965,39.0,0.0,15.0,45.0,0.0,92.6,126.0,37040.0,2.6,3.0,41,0.03,50,0.7,Medium,6,41006,15,14,10
Optimal,1.5974562168121338,,51554.660954191226,4500.0,47054.660954191226,45.0,0.0,1944.66095419127,0.6036653390540051,0.18520580516107332,39.0,0.0,15.0,45.0,0.0,98.9,133.0,39560.0,2.533333333333333,3.0,41,0.03,50,0.7,Medium,7,41007,15,14,10
Optimal,1.7517948150634766,,50242.11001469874,4500.0,45742.11001469874,45.0,0.0,1722.1101109215222,0.6036653390540051,0.1640104867544307,34.0,0.0,15.0,45.0,0.0,97.0999981578508,128.0,38839.99926314032,2.6666666666666665,3.0,41,0.03,50,0.7,Medium,8,41008,15,14,10
Optimal,2.6606667041778564,,49693.593878564396,4500.0,45193.593878564396,45.0,0.0,1853.593878564431,0.6036653390540051,0.1765327503394696,37.0,0.0,15.0,45.0,0.0,95.6,125.0,38240.0,2.533333333333333,3.0,41,0.03,50,0.7,Medium,9,41009,15,14,10
Optimal,1.598607063293457,,49044.52425311404,4500.0,44544.52425311404,45.0,0.0,1844.5242531140348,0.6140108344287681,0.17566897648705093,29.0,0.0,15.0,45.0,0.0,94.0,119.0,37600.0,2.3333333333333335,3.0,41,0.03,50,0.7,Medium,10,41010,15,14,10
Optimal,1.563046932220459,,49482.059775123256,4400.0,45082.059775123256,44.0,0.0,1742.0597751232992,0.6036653390540051,0.16591045477364755,35.0,0.0,15.0,44.0,0.0,97.0,129.0,38800.0,2.6,3.0,41,0.03,50,0.7,Medium,11,41011,15,14,10
Optimal,1.5341031551361084,,50601.72576730725,4500.0,46101.72576730725,45.0,0.0,1771.725767307262,0.6036653390540051,0.16873578736259637,37.0,0.0,15.0,45.0,0.0,97.0,126.0,38800.0,2.6666666666666665,3.0,41,0.03,50,0.7,Medium,12,41012,15,14,10
Optimal,1.6566431522369385,,49953.97813333492,4500.0,45453.97813333492,45.0,0.0,1803.9781333349151,0.6036653390540051,0.17180744126999192,34.0,0.0,15.0,45.0,0.0,95.6,124.0,38240.0,2.466666666666667,3.0,41,0.03,50,0.7,Medium,13,41013,15,14,10
Optimal,1.5541319847106934,,50268.31011770281,4500.0,45768.31011770281,45.0,0.0,1863.310117702839,0.6036653390540051,0.17745810644788942,38.0,0.0,15.0,45.0,0.0,96.2,127.0,38480.0,2.466666666666667,3.0,41,0.03,50,0.7,Medium,14,41014,15,14,10
Optimal,1.5073390007019043,,51121.085618032295,4550.0,46571.085618032295,44.0,1.0,1996.0856180323408,0.6036653390540051,0.19010339219355626,33.0,0.0,15.0,44.0,1.0,96.2,124.0,38480.0,2.2666666666666666,3.0,41,0.03,50,0.7,Medium,15,41015,15,14,10
Optimal,1.531426191329956,,50235.113176781255,4550.0,45685.113176781255,44.0,1.0,1765.113176781283,0.6036653390540051,0.16810601683631268,30.0,0.0,15.0,44.0,1.0,98.1,127.0,39240.0,2.2666666666666666,3.0,41,0.03,50,0.7,Medium,16,41016,15,14,10
Optimal,1.3928730487823486,,49004.01065942422,4500.0,44504.01065942422,45.0,0.0,1894.0106594242775,0.6036653390540051,0.1803819675642169,38.0,0.0,15.0,45.0,0.0,94.3,127.0,37720.0,2.6,3.0,41,0.03,50,0.7,Medium,17,41017,15,14,10
Optimal,1.4537627696990967,,49747.855787607994,4500.0,45247.855787607994,45.0,0.0,1917.855787607995,0.6036653390540051,0.18265293215314238,32.0,0.0,15.0,45.0,0.0,91.8,127.0,36720.0,2.1333333333333333,3.0,41,0.03,50,0.7,Medium,18,41018,15,14,10
Optimal,1.6660938262939453,,50924.44516114921,4500.0,46424.44516114921,45.0,0.0,1824.445161149207,0.6036653390540051,0.1737566820142102,34.0,0.0,15.0,45.0,0.0,95.3,133.0,38120.0,2.4,3.0,41,0.03,50,0.7,Medium,19,41019,15,14,10
Optimal,1.4503657817840576,,50716.81282631001,4500.0,46216.81282631001,45.0,0.0,2016.8128263100311,0.6036653390540051,0.19207741202952677,38.0,0.0,15.0,45.0,0.0,93.3,120.0,37320.0,2.466666666666667,3.0,41,0.03,50,0.7,Medium,20,41020,15,14,10
Optimal,1.4967360496520996,,50127.81246014901,4400.0,45727.81246014901,44.0,0.0,1697.8124601490063,0.6140108344287681,0.16169642477609583,29.0,0.0,15.0,44.0,0.0,97.0,130.0,38800.0,2.466666666666667,3.0,41,0.03,50,0.7,Medium,21,41021,15,14,10
Optimal,1.6604249477386475,,49940.35316546135,4500.0,45440.35316546135,45.0,0.0,1860.3531654613398,0.6036653390540051,0.17717649194869903,36.0,0.0,15.0,45.0,0.0,93.4,126.0,37360.0,2.6666666666666665,3.0,41,0.03,50,0.7,Medium,22,41022,15,14,10
Optimal,1.7121059894561768,,50726.47453253501,4500.0,46226.47453253501,45.0,0.0,1871.4745325350318,0.6036653390540051,0.17823566976524113,42.0,0.0,15.0,45.0,0.0,96.5,127.0,38600.0,2.7333333333333334,3.0,41,0.03,50,0.7,Medium,23,41023,15,14,10
Optimal,1.6356418132781982,,50229.5279334604,4500.0,45729.5279334604,45.0,0.0,1894.5279334604088,0.6036653390540051,0.18043123175813416,37.0,0.0,15.0,45.0,0.0,95.0,124.0,38000.0,2.4,3.0,41,0.03,50,0.7,Medium,24,41024,15,14,10
Optimal,1.657865047454834,,49699.10027065443,4500.0,45199.10027065443,45.0,0.0,1939.1002706544239,0.6036653390540051,0.18467621625280228,36.0,0.0,15.0,45.0,0.0,92.5,129.0,37000.0,2.6,3.0,41,0.03,50,0.7,Medium,25,41025,15,14,10
Optimal,1.516503095626831,,48164.27925164813,4500.0,43664.27925164813,45.0,0.0,1794.2792516481636,0.6036653390540051,0.17088373825220604,39.0,0.0,15.0,45.0,0.0,92.4,124.0,36960.0,2.6666666666666665,3.0,41,0.03,50,0.7,Medium,26,41026,15,14,10
Optimal,1.6487102508544922,,48562.893336842986,4500.0,44062.893336842986,45.0,0.0,1822.8933368429928,0.6036653390540051,0.17360888922314216,37.0,0.0,15.0,45.0,0.0,92.8,129.0,37120.0,2.533333333333333,3.0,41,0.03,50,0.7,Medium,27,41027,15,14,10
Optimal,1.5119149684906006,,51165.84624459204,4500.0,46665.84624459204,45.0,0.0,1885.8462445920838,0.6036653390540051,0.17960440424686513,34.0,0.0,15.0,45.0,0.0,97.3,126.0,38920.0,2.3333333333333335,3.0,41,0.03,50,0.7,Medium,28,41028,15,14,10
Optimal,1.485417127609253,,49454.81169505457,4500.0,44954.81169505457,45.0,0.0,1884.8116950546075,0.6036653390540051,0.17950587571948642,36.0,0.0,15.0,45.0,0.0,92.5,124.0,37000.0,2.533333333333333,3.0,41,0.03,50,0.7,Medium,29,41029,15,14,10
Optimal,1.5592350959777832,,50874.5061688355,4550.0,46324.5061688355,44.0,1.0,2064.5061688355245,0.6036653390540051,0.1966196351271928,37.0,0.0,15.0,44.0,1.0,92.7,125.0,37080.0,2.2,3.0,41,0.03,50,0.7,Medium,30,41030,15,14,10
Optimal,2.3451130390167236,,52261.94195201422,5400.0,46861.94195201422,54.0,0.0,2501.9419520142546,0.6036653390540051,0.1985668215884329,58.0,0.0,18.0,54.0,0.0,98.53333333333333,180.0,44340.0,2.7777777777777777,3.0,42,0.03,50,0.7,High,1,42001,18,14,15
Optimal,2.088667869567871,,52277.62266536571,5400.0,46877.62266536571,54.0,0.0,2517.6226653657786,0.6140108344287681,0.19981132264807766,51.0,0.0,18.0,54.0,0.0,98.4,183.0,44280.0,2.4444444444444446,3.0,42,0.03,50,0.7,High,2,42002,18,14,15
Optimal,2.138037919998169,,52506.256065318725,5300.0,47206.256065318725,53.0,0.0,2296.2560653187174,0.6036653390540051,0.18224254486656488,44.0,0.0,18.0,53.0,0.0,99.73333333333333,186.0,44880.0,2.5555555555555554,3.0,42,0.03,50,0.7,High,3,42003,18,14,15
Optimal,2.4406070709228516,,52342.459219847435,5400.0,46942.459219847435,54.0,0.0,2502.4592198474543,0.6036653390540051,0.1986078745910678,57.0,0.0,18.0,54.0,0.0,98.73333333333333,188.0,44430.0,2.8333333333333335,3.0,42,0.03,50,0.7,High,4,42004,18,14,15
Optimal,2.1661038398742676,,51364.498147884144,5400.0,45964.498147884144,54.0,0.0,2774.498147884199,0.6036653390540051,0.22019826570509518,57.0,0.0,18.0,54.0,0.0,95.86666666666666,187.0,43140.0,2.5,3.0,42,0.03,50,0.7,High,5,42005,18,14,15
Optimal,3.0698740482330322,,52261.314277474536,5400.0,46861.314277474536,54.0,0.0,2501.3142774745597,0.6036653390540051,0.19851700614877457,57.0,0.0,18.0,54.0,0.0,98.53333333333333,185.0,44340.0,2.7777777777777777,3.0,42,0.03,50,0.7,High,6,42006,18,14,15
Optimal,2.175799608230591,,53599.74509755323,5400.0,48199.74509755323,54.0,0.0,2499.745097553235,0.6036653390540051,0.19839246805978059,54.0,0.0,18.0,54.0,0.0,101.53333333333333,184.0,45690.0,2.6666666666666665,3.0,42,0.03,50,0.7,High,7,42007,18,14,15
Optimal,2.263947010040283,,52082.981766163866,5400.0,46682.981766163866,54.0,0.0,2552.981766163918,0.6036653390540051,0.20261760048919986,50.0,0.0,18.0,54.0,0.0,97.8,187.0,44010.0,2.2777777777777777,3.0,42,0.03,50,0.7,High,8,42008,18,14,15
Optimal,2.214360237121582,,53914.56866878682,5400.0,48514.56866878682,54.0,0.0,2444.5686687868724,0.6036653390540051,0.19401338641165655,48.0,0.0,18.0,54.0,0.0,102.26666666666667,184.0,46020.0,2.5555555555555554,3.0,42,0.03,50,0.7,High,9,42009,18,14,15
Optimal,2.262860059738159,,52686.04139419269,5400.0,47286.04139419269,54.0,0.0,2426.0413941927213,0.6036653390540051,0.19254296779307314,58.0,0.0,18.0,54.0,0.0,99.66666666666667,189.0,44850.0,2.7777777777777777,3.0,42,0.03,50,0.7,High,10,42010,18,14,15
Optimal,2.761370897293091,,53262.31375053178,5400.0,47862.31375053178,54.0,0.0,2612.3137505318427,0.6036653390540051,0.2073264881374478,54.0,0.0,18.0,54.0,0.0,100.46666666666667,183.0,45210.0,2.5555555555555554,3.0,42,0.03,50,0.7,High,11,42011,18,14,15
Optimal,2.018665075302124,,52977.29602966674,5400.0,47577.29602966674,54.0,0.0,2722.2960296667593,0.6036653390540051,0.2160552404497428,59.0,0.0,18.0,54.0,0.0,99.53333333333333,181.0,44790.0,2.4444444444444446,3.0,42,0.03,50,0.7,High,12,42012,18,14,15
Optimal,2.082054853439331,,53970.627413962335,5400.0,48570.627413962335,54.0,0.0,2420.627413962343,0.6036653390540051,0.19211328682240816,47.0,0.0,18.0,54.0,0.0,102.33333333333333,188.0,46050.0,2.3333333333333335,3.0,42,0.03,50,0.7,High,13,42013,18,14,15
Optimal,1.9817099571228027,,54770.610056510704,5400.0,49370.610056510704,54.0,0.0,2420.6100565106867,0.6036653390540051,0.19211190924687988,41.0,0.0,18.0,54.0,0.0,104.2,189.0,46890.0,2.388888888888889,3.0,42,0.03,50,0.7,High,14,42014,18,14,15
Optimal,1.9808518886566162,,53775.10111141457,5400.0,48375.10111141457,54.0,0.0,2535.101111414593,0.6036653390540051,0.20119850090592012,45.0,0.0,18.0,54.0,0.0,101.8,190.0,45810.0,2.5,3.0,42,0.03,50,0.7,High,15,42015,18,14,15
Optimal,2.890105962753296,,53506.286039180704,5400.0,48106.286039180704,54.0,0.0,2586.286039180704,0.6140108344287681,0.20526079676037334,52.0,0.0,18.0,54.0,0.0,101.0,186.0,45450.0,2.388888888888889,3.0,42,0.03,50,0.7,High,16,42016,18,14,15
Optimal,2.3603198528289795,,52237.82672547053,5400.0,46837.82672547053,54.0,0.0,2437.826725470544,0.6036653390540051,0.19347831154528125,55.0,0.0,18.0,54.0,0.0,98.6,186.0,44370.0,2.7222222222222223,3.0,42,0.03,50,0.7,High,17,42017,18,14,15
Optimal,2.0275959968566895,,52392.08023662465,5400.0,46992.08023662465,54.0,0.0,2602.080236624696,0.6140108344287681,0.2065143044940235,55.0,0.0,18.0,54.0,0.0,98.46666666666667,193.0,44310.0,2.4444444444444446,3.0,42,0.03,50,0.7,High,18,42018,18,14,15
Optimal,2.0701959133148193,,54098.70431470936,5400.0,48698.70431470936,54.0,0.0,2648.7043147094005,0.6140108344287681,0.21021462815153974,48.0,0.0,18.0,54.0,0.0,102.13333333333334,189.0,45960.0,2.2777777777777777,3.0,42,0.03,50,0.7,High,19,42019,18,14,15
Optimal,1.9894611835479736,,52544.184414016345,5400.0,47144.184414016345,54.0,0.0,2494.184414016389,0.6036653390540051,0.19795114396955465,51.0,0.0,18.0,54.0,0.0,99.06666666666666,178.0,44580.0,2.3333333333333335,3.0,42,0.03,50,0.7,High,20,42020,18,14,15
Optimal,2.0064280033111572,,52317.333901677375,5400.0,46917.333901677375,54.0,0.0,2647.3339016774266,0.6036653390540051,0.21010586521249416,50.0,0.0,18.0,54.0,0.0,98.13333333333334,188.0,44160.0,2.2777777777777777,3.0,42,0.03,50,0.7,High,21,42021,18,14,15
Optimal,2.0208239555358887,,53014.95037132998,5400.0,47614.95037132998,54.0,0.0,2594.9503713299796,0.6140108344287681,0.20594844216904598,49.0,0.0,18.0,54.0,0.0,99.93333333333334,183.0,44970.0,2.4444444444444446,3.0,42,0.03,50,0.7,High,22,42022,18,14,15
Optimal,1.971344232559204,,52547.65712844271,5400.0,47147.65712844271,54.0,0.0,2422.657128442718,0.6140108344287681,0.1922743752732316,48.0,0.0,18.0,54.0,0.0,99.2,184.0,44640.0,2.4444444444444446,3.0,42,0.03,50,0.7,High,23,42023,18,14,15
Optimal,2.04449200630188,,52158.30489056864,5400.0,46758.30489056864,54.0,0.0,2608.304890568604,0.6036653390540051,0.2070083246483019,48.0,0.0,18.0,54.0,0.0,98.0,191.0,44100.0,2.4444444444444446,3.0,42,0.03,50,0.7,High,24,42024,18,14,15
Optimal,3.1638331413269043,,53396.58811582822,5300.0,48096.58811582822,53.0,0.0,2516.5881158283023,0.6140108344287681,0.19972921554192877,51.0,0.0,18.0,53.0,0.0,101.06666666666666,186.0,45480.0,2.3333333333333335,3.0,42,0.03,50,0.7,High,25,42025,18,14,15
Optimal,2.8684160709381104,,52418.40792356644,5400.0,47018.40792356644,54.0,0.0,2368.4079235664035,0.6036653390540051,0.18796888282273042,43.0,0.0,18.0,54.0,0.0,99.2,183.0,44640.0,2.5555555555555554,3.0,42,0.03,50,0.7,High,26,42026,18,14,15
Optimal,2.0000290870666504,,52125.369704417215,5450.0,46675.369704417215,53.0,1.0,2435.3697044172027,0.6036653390540051,0.19328330987438117,46.0,0.0,18.0,53.0,1.0,98.26666666666667,189.0,44220.0,2.5555555555555554,3.0,42,0.03,50,0.7,High,27,42027,18,14,15
Optimal,2.0958549976348877,,52889.64982761879,5400.0,47489.64982761879,54.0,0.0,2719.6498276187763,0.6036653390540051,0.21584522441418857,47.0,0.0,18.0,54.0,0.0,99.26666666666667,184.0,44670.0,2.1666666666666665,3.0,42,0.03,50,0.7,High,28,42028,18,14,15
Optimal,2.0970568656921387,,52749.19125220271,5400.0,47349.19125220271,54.0,0.0,2469.1912522027264,0.6036653390540051,0.19596755969862906,46.0,0.0,18.0,54.0,0.0,99.53333333333333,184.0,44790.0,2.2222222222222223,3.0,42,0.03,50,0.7,High,29,42029,18,14,15
Optimal,2.044389009475708,,52394.38284960672,5400.0,46994.38284960672,54.0,0.0,2614.382849606795,0.6036653390540051,0.20749070234974565,50.0,0.0,18.0,54.0,0.0,98.53333333333333,187.0,44340.0,2.5,3.0,42,0.03,50,0.7,High,30,42030,18,14,15
NO_SOLUTION,120.086590051651,Solver timed out or no feasible solution found,,,,,,,,,,,,,,,,,,,43,0.03,50,0.8,Low,1,43001,12,10,5
NO_SOLUTION,120.10643601417542,Solver timed out or no feasible solution found,,,,,,,,,,,,,,,,,,,43,0.03,50,0.8,Low,2,43002,12,10,5
NO_SOLUTION,120.11888599395752,Solver timed out or no feasible solution found,,,,,,,,,,,,,,,,,,,43,0.03,50,0.8,Low,3,43003,12,10,5
NO_SOLUTION,120.10236883163452,Solver timed out or no feasible solution found,,,,,,,,,,,,,,,,,,,43,0.03,50,0.8,Low,4,43004,12,10,5
NO_SOLUTION,120.10017037391663,Solver timed out or no feasible solution found,,,,,,,,,,,,,,,,,,,43,0.03,50,0.8,Low,5,43005,12,10,5
NO_SOLUTION,120.10930633544922,Solver timed out or no feasible solution found,,,,,,,,,,,,,,,,,,,43,0.03,50,0.8,Low,6,43006,12,10,5
NO_SOLUTION,120.25131511688232,Solver timed out or no feasible solution found,,,,,,,,,,,,,,,,,,,43,0.03,50,0.8,Low,7,43007,12,10,5
NO_SOLUTION,120.12369012832642,Solver timed out or no feasible solution found,,,,,,,,,,,,,,,,,,,43,0.03,50,0.8,Low,8,43008,12,10,5
NO_SOLUTION,120.26882314682007,Solver timed out or no feasible solution found,,,,,,,,,,,,,,,,,,,43,0.03,50,0.8,Low,9,43009,12,10,5
NO_SOLUTION,120.10467720031738,Solver timed out or no feasible solution found,,,,,,,,,,,,,,,,,,,43,0.03,50,0.8,Low,10,43010,12,10,5
NO_SOLUTION,120.1076180934906,Solver timed out or no feasible solution found,,,,,,,,,,,,,,,,,,,43,0.03,50,0.8,Low,11,43011,12,10,5
NO_SOLUTION,120.11482167243958,Solver timed out or no feasible solution found,,,,,,,,,,,,,,,,,,,43,0.03,50,0.8,Low,12,43012,12,10,5
NO_SOLUTION,120.26123189926147,Solver timed out or no feasible solution found,,,,,,,,,,,,,,,,,,,43,0.03,50,0.8,Low,13,43013,12,10,5
NO_SOLUTION,120.37190818786621,Solver timed out or no feasible solution found,,,,,,,,,,,,,,,,,,,43,0.03,50,0.8,Low,14,43014,12,10,5
NO_SOLUTION,120.16418099403381,Solver timed out or no feasible solution found,,,,,,,,,,,,,,,,,,,43,0.03,50,0.8,Low,15,43015,12,10,5
NO_SOLUTION,120.28848910331726,Solver timed out or no feasible solution found,,,,,,,,,,,,,,,,,,,43,0.03,50,0.8,Low,16,43016,12,10,5
NO_SOLUTION,120.11163187026978,Solver timed out or no feasible solution found,,,,,,,,,,,,,,,,,,,43,0.03,50,0.8,Low,17,43017,12,10,5
NO_SOLUTION,120.10172700881958,Solver timed out or no feasible solution found,,,,,,,,,,,,,,,,,,,43,0.03,50,0.8,Low,18,43018,12,10,5
NO_SOLUTION,120.15745997428894,Solver timed out or no feasible solution found,,,,,,,,,,,,,,,,,,,43,0.03,50,0.8,Low,19,43019,12,10,5
NO_SOLUTION,120.16062831878662,Solver timed out or no feasible solution found,,,,,,,,,,,,,,,,,,,43,0.03,50,0.8,Low,20,43020,12,10,5
NO_SOLUTION,120.17641592025757,Solver timed out or no feasible solution found,,,,,,,,,,,,,,,,,,,43,0.03,50,0.8,Low,21,43021,12,10,5
NO_SOLUTION,120.1057960987091,Solver timed out or no feasible solution found,,,,,,,,,,,,,,,,,,,43,0.03,50,0.8,Low,22,43022,12,10,5
NO_SOLUTION,120.10588502883911,Solver timed out or no feasible solution found,,,,,,,,,,,,,,,,,,,43,0.03,50,0.8,Low,23,43023,12,10,5
NO_SOLUTION,120.2621340751648,Solver timed out or no feasible solution found,,,,,,,,,,,,,,,,,,,43,0.03,50,0.8,Low,24,43024,12,10,5
NO_SOLUTION,120.14291024208069,Solver timed out or no feasible solution found,,,,,,,,,,,,,,,,,,,43,0.03,50,0.8,Low,25,43025,12,10,5
NO_SOLUTION,120.09865403175354,Solver timed out or no feasible solution found,,,,,,,,,,,,,,,,,,,43,0.03,50,0.8,Low,26,43026,12,10,5
NO_SOLUTION,120.19618678092957,Solver timed out or no feasible solution found,,,,,,,,,,,,,,,,,,,43,0.03,50,0.8,Low,27,43027,12,10,5
NO_SOLUTION,120.11295509338379,Solver timed out or no feasible solution found,,,,,,,,,,,,,,,,,,,43,0.03,50,0.8,Low,28,43028,12,10,5
NO_SOLUTION,120.10070705413818,Solver timed out or no feasible solution found,,,,,,,,,,,,,,,,,,,43,0.03,50,0.8,Low,29,43029,12,10,5
NO_SOLUTION,120.11969876289368,Solver timed out or no feasible solution found,,,,,,,,,,,,,,,,,,,43,0.03,50,0.8,Low,30,43030,12,10,5
Optimal,2.7211968898773193,,47401.46300181039,6100.0,41301.46300181039,58.0,2.0,2751.463001810527,0.712671051102727,0.2620440954105264,66.0,0.0,15.0,58.0,2.0,82.2,129.0,32880.0,3.2,4.0,44,0.03,50,0.8,Medium,1,44001,15,14,10
Optimal,3.816840887069702,,47894.153278496735,6000.0,41894.153278496735,60.0,0.0,2734.1532784968404,0.712671051102727,0.2603955503330324,58.0,0.0,15.0,60.0,0.0,84.6,125.0,33840.0,2.8,4.0,44,0.03,50,0.8,Medium,2,44002,15,14,10
Optimal,4.342031717300415,,46326.99640999902,6000.0,40326.99640999902,60.0,0.0,2716.9964099991225,0.712671051102727,0.2587615628570593,57.0,0.0,15.0,60.0,0.0,80.6,120.0,32240.0,2.8666666666666667,4.0,44,0.03,50,0.8,Medium,3,44003,15,14,10
Optimal,3.596418857574463,,45733.446508648856,6000.0,39733.446508648856,60.0,0.0,2783.446508648954,0.7542266071183438,0.26509014368085276,57.0,0.0,15.0,60.0,0.0,79.3,123.0,31720.0,2.533333333333333,4.0,44,0.03,50,0.8,Medium,4,44004,15,14,10
Optimal,2.2239859104156494,,45834.53659525172,6000.0,39834.53659525172,60.0,0.0,2679.5365952518514,0.712671051102727,0.25519396145255724,59.0,0.0,15.0,60.0,0.0,79.5,121.0,31800.0,3.1333333333333333,4.0,44,0.03,50,0.8,Medium,5,44005,15,14,10
Optimal,4.005122184753418,,44534.739511188876,6000.0,38534.739511188876,60.0,0.0,2949.7395111890232,0.7453737477502635,0.2809275724941927,65.0,0.0,15.0,60.0,0.0,76.0,121.0,30400.0,2.8666666666666667,4.0,44,0.03,50,0.8,Medium,6,44006,15,14,10
Optimal,4.6589438915252686,,46579.59382027148,6000.0,40579.59382027148,60.0,0.0,2739.593820271609,0.7453737477502635,0.26091369716872465,63.0,0.0,15.0,60.0,0.0,81.1,130.0,32440.0,3.533333333333333,4.0,44,0.03,50,0.8,Medium,7,44007,15,14,10
Optimal,2.1021881103515625,,46767.50779846798,6000.0,40767.50779846798,60.0,0.0,2747.5077984680697,0.712671051102727,0.26166740937791144,58.0,0.0,15.0,60.0,0.0,80.9,126.0,32360.0,2.8,4.0,44,0.03,50,0.8,Medium,8,44008,15,14,10
Optimal,3.575321674346924,,45077.67864980552,6000.0,39077.67864980552,60.0,0.0,2807.6786498056313,0.712671051102727,0.26739796664815535,57.0,0.0,15.0,60.0,0.0,76.0,122.0,30400.0,2.8,4.0,44,0.03,50,0.8,Medium,9,44009,15,14,10
Optimal,3.4491498470306396,,47038.021028744304,6000.0,41038.021028744304,60.0,0.0,2808.021028744401,0.712671051102727,0.2674305741661334,58.0,0.0,15.0,60.0,0.0,83.2,127.0,33280.0,2.8666666666666667,4.0,44,0.03,50,0.8,Medium,10,44010,15,14,10
Optimal,2.344480276107788,,46760.64460872841,6000.0,40760.64460872841,60.0,0.0,2760.64460872854,0.712671051102727,0.26291853416462285,60.0,0.0,15.0,60.0,0.0,81.9,129.0,32760.0,3.0,4.0,44,0.03,50,0.8,Medium,11,44011,15,14,10
Optimal,2.569206953048706,,46684.88010659377,6000.0,40684.88010659377,60.0,0.0,2659.8801065938997,0.7453737477502635,0.2533219149137047,61.0,0.0,15.0,60.0,0.0,82.6,125.0,33040.0,3.1333333333333333,4.0,44,0.03,50,0.8,Medium,12,44012,15,14,10
Optimal,2.826481819152832,,46802.806279860866,6000.0,40802.806279860866,60.0,0.0,2882.8062798609585,0.7453737477502635,0.27455297903437703,61.0,0.0,15.0,60.0,0.0,80.3,128.0,32120.0,2.7333333333333334,4.0,44,0.03,50,0.8,Medium,13,44013,15,14,10
Optimal,3.6665608882904053,,46380.68399332299,6000.0,40380.68399332299,60.0,0.0,2760.683993323119,0.712671051102727,0.26292228507839227,63.0,0.0,15.0,60.0,0.0,79.9,127.0,31960.0,3.2,4.0,44,0.03,50,0.8,Medium,14,44014,15,14,10
Optimal,4.163361072540283,,46020.99326625387,6000.0,40020.99326625387,60.0,0.0,2820.9932662539654,0.7453737477502635,0.2686660253575205,62.0,0.0,15.0,60.0,0.0,78.3,129.0,31320.0,2.8666666666666667,4.0,44,0.03,50,0.8,Medium,15,44015,15,14,10
Optimal,3.133918046951294,,45839.869644733415,6000.0,39839.869644733415,60.0,0.0,2709.86964473354,0.712671051102727,0.2580828233079562,60.0,0.0,15.0,60.0,0.0,80.4,124.0,32160.0,2.8666666666666667,4.0,44,0.03,50,0.8,Medium,16,44016,15,14,10
Optimal,3.3517508506774902,,46000.09438701831,6000.0,40000.09438701831,60.0,0.0,2660.0943870184446,0.7453737477502634,0.2533423225731852,63.0,0.0,15.0,60.0,0.0,80.1,125.0,32040.0,3.4,4.0,44,0.03,50,0.8,Medium,17,44017,15,14,10
Optimal,3.4516007900238037,,46530.276478667576,6000.0,40530.276478667576,60.0,0.0,2840.2764786676657,0.712671051102727,0.27050252177787293,59.0,0.0,15.0,60.0,0.0,80.8,130.0,32320.0,2.6666666666666665,4.0,44,0.03,50,0.8,Medium,18,44018,15,14,10
Optimal,3.724825859069824,,45853.70397154754,6000.0,39853.70397154754,60.0,0.0,2603.7039715476317,0.712671051102727,0.24797180681406014,56.0,0.0,15.0,60.0,0.0,80.8,121.0,32320.0,2.933333333333333,4.0,44,0.03,50,0.8,Medium,19,44019,15,14,10
Optimal,3.3031089305877686,,46476.421448720765,6000.0,40476.421448720765,60.0,0.0,2776.421448720876,0.712671051102727,0.26442109035436917,59.0,0.0,15.0,60.0,0.0,81.1,126.0,32440.0,2.6666666666666665,4.0,44,0.03,50,0.8,Medium,20,44020,15,14,10
Optimal,2.8187060356140137,,47657.54718306254,6000.0,41657.54718306254,60.0,0.0,2747.5471830626498,0.712671051102727,0.2616711602916809,56.0,0.0,15.0,60.0,0.0,82.8,127.0,33120.0,2.8666666666666667,4.0,44,0.03,50,0.8,Medium,21,44021,15,14,10
Optimal,3.594219207763672,,46484.970118323414,6000.0,40484.970118323414,60.0,0.0,2734.9701183235543,0.712671051102727,0.26047334460224325,59.0,0.0,15.0,60.0,0.0,81.6,127.0,32640.0,2.8666666666666667,4.0,44,0.03,50,0.8,Medium,22,44022,15,14,10
Optimal,3.5603280067443848,,46404.97501856238,6000.0,40404.97501856238,60.0,0.0,2894.9750185625153,0.712671051102727,0.27571190652976335,67.0,0.0,15.0,60.0,0.0,80.5,127.0,32200.0,2.933333333333333,4.0,44,0.03,50,0.8,Medium,23,44023,15,14,10
Optimal,2.1812872886657715,,46993.47787042878,6000.0,40993.47787042878,60.0,0.0,2683.4778704288683,0.712671051102727,0.25556932099322555,56.0,0.0,15.0,60.0,0.0,83.2,128.0,33280.0,2.466666666666667,4.0,44,0.03,50,0.8,Medium,24,44024,15,14,10
Optimal,2.808560848236084,,46875.95527761284,6000.0,40875.95527761284,60.0,0.0,2975.9552776129362,0.712671051102727,0.283424312153613,58.0,0.0,15.0,60.0,0.0,81.4,124.0,32560.0,2.466666666666667,4.0,44,0.03,50,0.8,Medium,25,44025,15,14,10
Optimal,3.6720900535583496,,47524.20942562199,6000.0,41524.20942562199,60.0,0.0,2684.2094256221517,0.712671051102727,0.25563899291639536,57.0,0.0,15.0,60.0,0.0,83.3,124.0,33320.0,2.8666666666666667,4.0,44,0.03,50,0.8,Medium,26,44026,15,14,10
Optimal,2.409932851791382,,45304.45484765507,6050.0,39254.45484765507,59.0,1.0,2809.4548476551845,0.7453737477502635,0.2675671283481128,65.0,0.0,15.0,59.0,1.0,77.7,127.0,31080.0,3.3333333333333335,4.0,44,0.03,50,0.8,Medium,27,44027,15,14,10
Optimal,2.8542871475219727,,45656.540195660586,6000.0,39656.540195660586,60.0,0.0,2821.54019566069,0.7453737477502635,0.26871811387244665,59.0,0.0,15.0,60.0,0.0,77.7,121.0,31080.0,2.466666666666667,4.0,44,0.03,50,0.8,Medium,28,44028,15,14,10
Optimal,3.7064101696014404,,46002.501857625706,6000.0,40002.501857625706,60.0,0.0,2862.5018576258412,0.712671051102727,0.2726192245357944,60.0,0.0,15.0,60.0,0.0,79.3,121.0,31720.0,2.933333333333333,4.0,44,0.03,50,0.8,Medium,29,44029,15,14,10
Optimal,4.2915709018707275,,47028.74981704395,5900.0,41128.74981704395,59.0,0.0,2688.749817044044,0.712671051102727,0.2560714111470518,58.0,0.0,15.0,59.0,0.0,81.1,130.0,32440.0,3.1333333333333333,4.0,44,0.03,50,0.8,Medium,30,44030,15,14,10
Optimal,5.168258905410767,,48712.496138860966,7200.0,41512.496138860966,72.0,0.0,3972.4961388611546,0.712671051102727,0.3152774713381869,89.0,0.0,18.0,72.0,0.0,83.4,182.0,37530.0,2.8333333333333335,4.0,45,0.03,50,0.8,High,1,45001,18,14,15
Optimal,3.732516050338745,,48524.6930002575,7200.0,41324.6930002575,72.0,0.0,3974.6930002577124,0.712671051102727,0.31545182541727873,94.0,0.0,18.0,72.0,0.0,83.0,184.0,37350.0,3.0555555555555554,4.0,45,0.03,50,0.8,High,2,45002,18,14,15
Optimal,4.868654012680054,,48038.99865583565,7200.0,40838.99865583565,72.0,0.0,3938.9986558357946,0.7453737477502635,0.3126189409393488,89.0,0.0,18.0,72.0,0.0,82.0,184.0,36900.0,3.1666666666666665,4.0,45,0.03,50,0.8,High,3,45003,18,14,15
Optimal,4.991030931472778,,47782.35265527116,7200.0,40582.35265527116,72.0,0.0,4012.3526552713074,0.7453737477502635,0.31844068692629424,88.0,0.0,18.0,72.0,0.0,81.26666666666667,181.0,36570.0,2.6666666666666665,4.0,45,0.03,50,0.8,High,4,45004,18,14,15
Optimal,5.386222839355469,,48650.23038215028,7200.0,41450.23038215028,72.0,0.0,3870.2303821504165,0.7453737477502635,0.30716114144050927,86.0,0.0,18.0,72.0,0.0,83.46666666666667,185.0,37560.0,2.9444444444444446,4.0,45,0.03,50,0.8,High,5,45005,18,14,15
Optimal,6.09511661529541,,46546.81916415442,7200.0,39346.81916415442,72.0,0.0,3996.819164154571,0.7126710511027269,0.31720787017099766,85.0,0.0,18.0,72.0,0.0,78.53333333333333,180.0,35340.0,2.5,4.0,45,0.03,50,0.8,High,6,45006,18,14,15
Optimal,6.068234920501709,,47865.235731455454,7200.0,40665.235731455454,72.0,0.0,3975.235731455589,0.712671051102727,0.31549489932187214,83.0,0.0,18.0,72.0,0.0,81.53333333333333,179.0,36690.0,2.388888888888889,4.0,45,0.03,50,0.8,High,7,45007,18,14,15
Optimal,3.879877805709839,,48442.21521930028,7200.0,41242.21521930028,72.0,0.0,3932.2152193003953,0.712671051102727,0.3120805729603488,80.0,0.0,18.0,72.0,0.0,82.86666666666666,189.0,37290.0,2.5555555555555554,4.0,45,0.03,50,0.8,High,8,45008,18,14,15
Optimal,5.499320983886719,,48200.189610302514,7200.0,41000.189610302514,72.0,0.0,3720.1896103026706,0.7126710511027269,0.29525314367481514,82.0,0.0,18.0,72.0,0.0,82.8,189.0,37260.0,2.6666666666666665,4.0,45,0.03,50,0.8,High,9,45009,18,14,15
Optimal,5.790272951126099,,47891.36295449896,7200.0,40691.36295449896,72.0,0.0,4031.362954499096,0.7453737477502635,0.3199494408332616,85.0,0.0,18.0,72.0,0.0,81.46666666666667,186.0,36660.0,2.888888888888889,4.0,45,0.03,50,0.8,High,10,45010,18,14,15
Optimal,5.475971221923828,,49397.3994003863,7200.0,42197.3994003863,72.0,0.0,3977.3994003863945,0.7453737477502635,0.3156666190782853,84.0,0.0,18.0,72.0,0.0,84.93333333333334,187.0,38220.0,2.7222222222222223,4.0,45,0.03,50,0.8,High,11,45011,18,14,15
Optimal,6.1485679149627686,,48211.14218251233,7200.0,41011.14218251233,72.0,0.0,4021.142182512449,0.712671051102727,0.31913826845336896,81.0,0.0,18.0,72.0,0.0,82.2,179.0,36990.0,2.4444444444444446,4.0,45,0.03,50,0.8,High,12,45012,18,14,15
Optimal,5.097666025161743,,47385.28896469315,7200.0,40185.28896469315,72.0,0.0,3915.2889646933163,0.7453737477502635,0.31073721942010446,87.0,0.0,18.0,72.0,0.0,80.6,179.0,36270.0,2.888888888888889,4.0,45,0.03,50,0.8,High,13,45013,18,14,15
Optimal,3.9642250537872314,,49079.81215166582,7200.0,41879.81215166582,72.0,0.0,3829.812151665991,0.712671051102727,0.30395334537031676,85.0,0.0,18.0,72.0,0.0,84.53333333333333,191.0,38040.0,3.0,4.0,45,0.03,50,0.8,High,14,45014,18,14,15
Optimal,5.962038993835449,,48162.28084266353,7200.0,40962.28084266353,72.0,0.0,3912.2808426636902,0.7453737477502635,0.31049847957648335,86.0,0.0,18.0,72.0,0.0,82.33333333333333,183.0,37050.0,3.3333333333333335,4.0,45,0.03,50,0.8,High,15,45015,18,14,15
Optimal,3.6516079902648926,,47188.53464178371,7250.0,39938.53464178371,71.0,1.0,3968.534641783863,0.7453737477502633,0.3149630668082431,83.0,0.0,18.0,71.0,1.0,79.8,184.0,35910.0,2.5555555555555554,4.0,45,0.03,50,0.8,High,16,45016,18,14,15
Optimal,4.974074840545654,,48402.676247068935,7200.0,41202.676247068935,72.0,0.0,3942.6762470690455,0.7453737477502635,0.3129108132594481,81.0,0.0,18.0,72.0,0.0,82.8,186.0,37260.0,2.6666666666666665,4.0,45,0.03,50,0.8,High,17,45017,18,14,15
Optimal,5.498759984970093,,47654.696372105216,7200.0,40454.696372105216,72.0,0.0,3854.6963721053608,0.7453737477502635,0.30592828350042545,85.0,0.0,18.0,72.0,0.0,81.33333333333333,184.0,36600.0,2.9444444444444446,4.0,45,0.03,50,0.8,High,18,45018,18,14,15
Optimal,5.240573167800903,,47945.13288322498,7200.0,40745.13288322498,72.0,0.0,3875.132883225188,0.7453737477502635,0.30755022882739586,91.0,0.0,18.0,72.0,0.0,81.93333333333334,186.0,36870.0,3.0555555555555554,4.0,45,0.03,50,0.8,High,19,45019,18,14,15
Optimal,5.829555988311768,,48720.540282573,7200.0,41520.540282573,72.0,0.0,3650.540282573118,0.7453737477502635,0.28972541925183476,76.0,0.0,18.0,72.0,0.0,84.13333333333334,182.0,37860.0,2.7777777777777777,4.0,45,0.03,50,0.8,High,20,45020,18,14,15
Optimal,3.7610690593719482,,47843.54938956942,7200.0,40643.54938956942,72.0,0.0,4048.549389569573,0.7453737477502635,0.3213134436166328,86.0,0.0,18.0,72.0,0.0,81.13333333333334,190.0,36510.0,2.611111111111111,4.0,45,0.03,50,0.8,High,21,45021,18,14,15
Optimal,3.9458580017089844,,48905.20028418516,7200.0,41705.20028418516,72.0,0.0,3925.2002841853277,0.7453737477502635,0.3115238320782006,83.0,0.0,18.0,72.0,0.0,83.8,182.0,37710.0,2.611111111111111,4.0,45,0.03,50,0.8,High,22,45022,18,14,15
Optimal,6.58605694770813,,47981.9204980025,7200.0,40781.9204980025,72.0,0.0,3971.920498002611,0.7453737477502635,0.3152317855557628,79.0,0.0,18.0,72.0,0.0,81.73333333333333,182.0,36780.0,2.6666666666666665,4.0,45,0.03,50,0.8,High,23,45023,18,14,15
Optimal,5.769066095352173,,47565.578633668665,7200.0,40365.578633668665,72.0,0.0,4055.5786336687624,0.7453737477502635,0.32187132013244146,90.0,0.0,18.0,72.0,0.0,80.66666666666667,180.0,36300.0,2.9444444444444446,4.0,45,0.03,50,0.8,High,24,45024,18,14,15
Optimal,6.106464147567749,,48379.60819570153,7200.0,41179.60819570153,72.0,0.0,3829.608195701676,0.7453737477502635,0.3039371583890219,83.0,0.0,18.0,72.0,0.0,83.0,183.0,37350.0,2.888888888888889,4.0,45,0.03,50,0.8,High,25,45025,18,14,15
Optimal,3.9874532222747803,,47962.042414207936,7200.0,40762.042414207936,72.0,0.0,3852.042414208055,0.7453737477502634,0.3057176519212742,80.0,0.0,18.0,72.0,0.0,81.86666666666666,181.0,36840.0,2.3333333333333335,3.0,45,0.03,50,0.8,High,26,45026,18,14,15
Optimal,6.7463579177856445,,47353.647606914186,7200.0,40153.647606914186,72.0,0.0,3923.647606914402,0.7453737477502635,0.3114006037233652,95.0,0.0,18.0,72.0,0.0,80.46666666666667,179.0,36210.0,3.4444444444444446,4.0,45,0.03,50,0.8,High,27,45027,18,14,15
Optimal,5.8081419467926025,,47669.530805698734,7200.0,40469.530805698734,72.0,0.0,3779.530805698866,0.7453737477502635,0.2999627623570528,81.0,0.0,18.0,72.0,0.0,81.53333333333333,191.0,36690.0,2.6666666666666665,4.0,45,0.03,50,0.8,High,28,45028,18,14,15
Optimal,3.8790152072906494,,47612.931103728275,7200.0,40412.931103728275,72.0,0.0,4092.931103728467,0.7453737477502631,0.32483580188321165,91.0,0.0,18.0,72.0,0.0,80.53333333333333,185.0,36240.0,2.6666666666666665,4.0,45,0.03,50,0.8,High,29,45029,18,14,15
Optimal,5.57128119468689,,48253.38678800998,7200.0,41053.38678800998,72.0,0.0,4003.3867880101275,0.7453737477502635,0.3177291101595339,86.0,0.0,18.0,72.0,0.0,82.33333333333333,195.0,37050.0,2.8333333333333335,4.0,45,0.03,50,0.8,High,30,45030,18,14,15
Optimal,0.7887358665466309,,38235.5499190852,2400.0,35835.5499190852,24.0,0.0,835.5499190852363,0.47474427220752063,0.08703644990471211,0.0,0.0,12.0,24.0,0.0,61.2,63.0,24480.0,1.6666666666666667,2.0,46,0.03,80,0.6,Low,1,46001,12,10,5
Optimal,0.5954229831695557,,38964.5396899735,2400.0,36564.5396899735,24.0,0.0,854.5396899735372,0.47474427220752063,0.08901455103891012,0.0,0.0,12.0,24.0,0.0,60.0,63.0,24000.0,1.75,2.0,46,0.03,80,0.6,Low,2,46002,12,10,5
Optimal,0.6337459087371826,,38791.5090026384,2400.0,36391.5090026384,24.0,0.0,911.5090026384395,0.47474427220752063,0.09494885444150411,0.0,0.0,12.0,24.0,0.0,59.4,61.0,23760.0,1.6666666666666667,2.0,46,0.03,80,0.6,Low,3,46003,12,10,5
Optimal,0.6297242641448975,,39553.5294608618,2400.0,37153.5294608618,24.0,0.0,873.529460861838,0.47474427220752063,0.09099265217310812,0.0,0.0,12.0,24.0,0.0,61.6,63.0,24640.0,1.6666666666666667,2.0,46,0.03,80,0.6,Low,4,46004,12,10,5
Optimal,0.628648042678833,,38635.5499190852,2400.0,36235.5499190852,24.0,0.0,835.5499190852363,0.47474427220752063,0.08703644990471211,0.0,0.0,12.0,24.0,0.0,58.2,63.0,23280.0,1.6666666666666667,2.0,46,0.03,80,0.6,Low,5,46005,12,10,5
Optimal,0.6896591186523438,,39322.5192317501,2400.0,36922.5192317501,24.0,0.0,892.5192317501388,0.47474427220752063,0.09297075330730613,0.0,0.0,12.0,24.0,0.0,62.6,69.0,25040.0,1.75,2.0,46,0.03,80,0.6,Low,6,46006,12,10,5
Optimal,0.609860897064209,,38711.5090026384,2400.0,36311.5090026384,24.0,0.0,911.5090026384395,0.47474427220752063,0.09494885444150411,0.0,0.0,12.0,24.0,0.0,59.6,62.0,23840.0,1.6666666666666667,2.0,46,0.03,80,0.6,Low,7,46007,12,10,5
Optimal,0.6268832683563232,,37553.5294608618,2400.0,35153.5294608618,24.0,0.0,873.529460861838,0.47474427220752063,0.09099265217310812,0.0,0.0,12.0,24.0,0.0,58.0,59.0,23200.0,1.6666666666666667,2.0,46,0.03,80,0.6,Low,8,46008,12,10,5
Optimal,0.7681441307067871,,39195.5499190852,2400.0,36795.5499190852,24.0,0.0,835.5499190852363,0.47474427220752063,0.08703644990471211,0.0,0.0,12.0,24.0,0.0,59.4,63.0,23760.0,1.6666666666666667,2.0,46,0.03,80,0.6,Low,9,46009,12,10,5
Optimal,0.6144170761108398,,40602.5192317501,2400.0,38202.5192317501,24.0,0.0,892.5192317501387,0.47474427220752063,0.09297075330730611,0.0,0.0,12.0,24.0,0.0,64.6,67.0,25840.0,1.75,2.0,46,0.03,80,0.6,Low,10,46010,12,10,5
Optimal,0.5707430839538574,,38071.5090026384,2400.0,35671.5090026384,24.0,0.0,911.5090026384395,0.4747442722075206,0.09494885444150411,0.0,0.0,12.0,24.0,0.0,59.8,66.0,23920.0,1.6666666666666667,2.0,46,0.03,80,0.6,Low,11,46011,12,10,5
Optimal,0.6560518741607666,,38193.5294608618,2400.0,35793.5294608618,24.0,0.0,873.5294608618378,0.47474427220752063,0.0909926521731081,0.0,0.0,12.0,24.0,0.0,60.0,66.0,24000.0,1.6666666666666667,2.0,46,0.03,80,0.6,Low,12,46012,12,10,5
Optimal,0.6224613189697266,,38311.5090026384,2400.0,35911.5090026384,24.0,0.0,911.5090026384394,0.4747442722075206,0.0949488544415041,0.0,0.0,12.0,24.0,0.0,59.6,65.0,23840.0,1.6666666666666667,2.0,46,0.03,80,0.6,Low,13,46013,12,10,5
Optimal,0.6346962451934814,,38353.5294608618,2400.0,35953.5294608618,24.0,0.0,873.529460861837,0.47474427220752063,0.09099265217310802,0.0,0.0,12.0,24.0,0.0,57.6,63.0,23040.0,1.6666666666666667,2.0,46,0.03,80,0.6,Low,14,46014,12,10,5
Optimal,0.5724949836730957,,39802.5192317501,2400.0,37402.5192317501,24.0,0.0,892.5192317501387,0.47474427220752063,0.09297075330730611,0.0,0.0,12.0,24.0,0.0,62.4,65.0,24960.0,1.75,2.0,46,0.03,80,0.6,Low,15,46015,12,10,5
Optimal,0.5902400016784668,,39802.5192317501,2400.0,37402.5192317501,24.0,0.0,892.5192317501385,0.47474427220752063,0.09297075330730609,0.0,0.0,12.0,24.0,0.0,60.8,63.0,24320.0,1.75,2.0,46,0.03,80,0.6,Low,16,46016,12,10,5
Optimal,0.7367830276489258,,38951.5090026384,2400.0,36551.5090026384,24.0,0.0,911.5090026384389,0.47474427220752063,0.09494885444150405,0.0,0.0,12.0,24.0,0.0,61.6,66.0,24640.0,1.6666666666666667,2.0,46,0.03,80,0.6,Low,17,46017,12,10,5
Optimal,0.7959649562835693,,39191.5090026384,2400.0,36791.5090026384,24.0,0.0,911.5090026384395,0.47474427220752063,0.09494885444150411,0.0,0.0,12.0,24.0,0.0,62.4,68.0,24960.0,1.6666666666666667,2.0,46,0.03,80,0.6,Low,18,46018,12,10,5
Optimal,0.8976569175720215,,40775.5499190852,2400.0,38375.5499190852,24.0,0.0,835.5499190852362,0.47474427220752063,0.0870364499047121,0.0,0.0,12.0,24.0,0.0,61.2,66.0,24480.0,1.8333333333333333,2.0,46,0.03,80,0.6,Low,19,46019,12,10,5
Optimal,0.5471470355987549,,37953.5294608618,2400.0,35553.5294608618,24.0,0.0,873.5294608618378,0.4747442722075206,0.0909926521731081,0.0,0.0,12.0,24.0,0.0,54.6,60.0,21840.0,1.6666666666666667,2.0,46,0.03,80,0.6,Low,20,46020,12,10,5
Optimal,0.6378989219665527,,39844.5396899735,2400.0,37444.5396899735,24.0,0.0,854.5396899735372,0.47474427220752063,0.08901455103891012,0.0,0.0,12.0,24.0,0.0,62.8,69.0,25120.0,1.75,2.0,46,0.03,80,0.6,Low,21,46021,12,10,5
Optimal,0.6228830814361572,,41271.5090026384,2400.0,38871.5090026384,24.0,0.0,911.5090026384395,0.47474427220752063,0.09494885444150411,0.0,0.0,12.0,24.0,0.0,63.0,67.0,25200.0,1.6666666666666667,2.0,46,0.03,80,0.6,Low,22,46022,12,10,5
Optimal,0.6162271499633789,,40004.5396899735,2400.0,37604.5396899735,24.0,0.0,854.5396899735372,0.47474427220752063,0.08901455103891012,0.0,0.0,12.0,24.0,0.0,60.4,65.0,24160.0,1.75,2.0,46,0.03,80,0.6,Low,23,46023,12,10,5
Optimal,0.6060380935668945,,39364.5396899735,2400.0,36964.5396899735,24.0,0.0,854.5396899735368,0.47474427220752063,0.08901455103891008,0.0,0.0,12.0,24.0,0.0,60.0,62.0,24000.0,1.75,2.0,46,0.03,80,0.6,Low,24,46024,12,10,5
Optimal,0.5817959308624268,,38231.5090026384,2400.0,35831.5090026384,24.0,0.0,911.5090026384395,0.47474427220752063,0.09494885444150411,0.0,0.0,12.0,24.0,0.0,58.0,64.0,23200.0,1.6666666666666667,2.0,46,0.03,80,0.6,Low,25,46025,12,10,5
Optimal,0.6441390514373779,,37882.5192317501,2400.0,35482.5192317501,24.0,0.0,892.5192317501387,0.47474427220752063,0.09297075330730611,0.0,0.0,12.0,24.0,0.0,61.2,64.0,24480.0,1.75,2.0,46,0.03,80,0.6,Low,26,46026,12,10,5
Optimal,0.9201838970184326,,37511.5090026384,2400.0,35111.5090026384,24.0,0.0,911.5090026384396,0.47474427220752063,0.09494885444150412,0.0,0.0,12.0,24.0,0.0,57.0,60.0,22800.0,1.6666666666666667,2.0,46,0.03,80,0.6,Low,27,46027,12,10,5
Optimal,0.5629491806030273,,38871.5090026384,2400.0,36471.5090026384,24.0,0.0,911.5090026384395,0.47474427220752063,0.09494885444150411,0.0,0.0,12.0,24.0,0.0,59.2,63.0,23680.0,1.6666666666666667,2.0,46,0.03,80,0.6,Low,28,46028,12,10,5
Optimal,0.7361648082733154,,39073.5294608618,2400.0,36673.5294608618,24.0,0.0,873.5294608618376,0.47474427220752063,0.09099265217310809,0.0,0.0,12.0,24.0,0.0,59.4,65.0,23760.0,1.6666666666666667,2.0,46,0.03,80,0.6,Low,29,46029,12,10,5
Optimal,0.6462912559509277,,39953.5294608618,2400.0,37553.5294608618,24.0,0.0,873.529460861838,0.47474427220752063,0.09099265217310812,0.0,0.0,12.0,24.0,0.0,62.6,69.0,25040.0,1.6666666666666667,2.0,46,0.03,80,0.6,Low,30,46030,12,10,5
Optimal,1.2582242488861084,,53475.87875812623,3000.0,50475.87875812623,30.0,0.0,1440.8787581261752,0.4093405562858454,0.08576659274560566,0.0,0.0,15.0,30.0,0.0,109.9,133.0,43960.0,1.8666666666666667,2.0,47,0.03,80,0.6,Medium,1,47001,15,14,10
Optimal,1.4150898456573486,,53914.505135874795,3000.0,50914.505135874795,30.0,0.0,1424.5051358747412,0.4093405562858454,0.0847919723734965,0.0,0.0,15.0,30.0,0.0,111.0,125.0,44400.0,1.8666666666666667,2.0,47,0.03,80,0.6,Medium,2,47002,15,14,10
Optimal,1.334641933441162,,54321.757891371926,3000.0,51321.757891371926,30.0,0.0,1391.7578913718744,0.4093405562858454,0.08284273162927824,0.0,0.0,15.0,30.0,0.0,110.0,127.0,44000.0,1.7333333333333334,2.0,47,0.03,80,0.6,Medium,3,47003,15,14,10
Optimal,1.3265130519866943,,54633.6260026291,3000.0,51633.6260026291,30.0,0.0,1473.626002629043,0.4093405562858454,0.08771583348982398,0.0,0.0,15.0,30.0,0.0,111.0,131.0,44400.0,1.9333333333333333,2.0,47,0.03,80,0.6,Medium,4,47004,15,14,10
Optimal,1.396677017211914,,53524.99962488053,3000.0,50524.99962488053,30.0,0.0,1489.9996248804746,0.4093405562858454,0.08869045386193301,0.0,0.0,15.0,30.0,0.0,108.3,121.0,43320.0,1.8666666666666667,2.0,47,0.03,80,0.6,Medium,5,47005,15,14,10
Optimal,1.3527801036834717,,53201.757891371926,3000.0,50201.757891371926,30.0,0.0,1391.7578913718735,0.4093405562858454,0.08284273162927817,0.0,0.0,15.0,30.0,0.0,108.2,129.0,43280.0,1.6666666666666667,2.0,47,0.03,80,0.6,Medium,6,47006,15,14,10
Optimal,1.3949570655822754,,52843.6260026291,3000.0,49843.6260026291,30.0,0.0,1473.6260026290436,0.4093405562858454,0.08771583348982402,0.0,0.0,15.0,30.0,0.0,106.3,119.0,42520.0,1.7333333333333334,2.0,47,0.03,80,0.6,Medium,7,47007,15,14,10
Optimal,1.3234198093414307,,54118.13151362336,2900.0,51218.13151362336,29.0,0.0,1408.1315136233081,0.4093405562858454,0.08381735200138739,0.0,0.0,15.0,29.0,0.0,109.9,128.0,43960.0,1.5333333333333334,2.0,47,0.03,80,0.6,Medium,8,47008,15,14,10
Optimal,1.3622479438781738,,54370.87875812623,3000.0,51370.87875812623,30.0,0.0,1440.8787581261759,0.4093405562858454,0.08576659274560572,0.0,0.0,15.0,30.0,0.0,109.7,128.0,43880.0,1.9333333333333333,2.0,47,0.03,80,0.6,Medium,9,47009,15,14,10
Optimal,1.4561409950256348,,52836.37324713197,3000.0,49836.37324713197,30.0,0.0,1506.3732471319104,0.4093405562858454,0.0896650742340423,0.0,0.0,15.0,30.0,0.0,107.8,127.0,43120.0,1.7333333333333334,2.0,47,0.03,80,0.6,Medium,10,47010,15,14,10
Optimal,1.310608148574829,,53406.757891371926,3000.0,50406.757891371926,30.0,0.0,1391.7578913718737,0.4093405562858454,0.08284273162927819,0.0,0.0,15.0,30.0,0.0,110.7,130.0,44280.0,2.0,2.0,47,0.03,80,0.6,Medium,11,47011,15,14,10
Optimal,1.3852980136871338,,52783.6260026291,3000.0,49783.6260026291,30.0,0.0,1473.6260026290427,0.4093405562858454,0.08771583348982397,0.0,0.0,15.0,30.0,0.0,107.0,125.0,42800.0,1.6666666666666667,2.0,47,0.03,80,0.6,Medium,12,47012,15,14,10
Optimal,1.4068138599395752,,54362.63702461762,2800.0,51562.63702461762,28.0,0.0,1342.6370246175727,0.4093405562858454,0.07991887051295075,0.0,0.0,15.0,28.0,0.0,109.4,127.0,43760.0,1.6,2.0,47,0.03,80,0.6,Medium,13,47013,15,14,10
Optimal,1.3096880912780762,,52828.6260026291,3000.0,49828.6260026291,30.0,0.0,1473.626002629043,0.4093405562858454,0.08771583348982398,0.0,0.0,15.0,30.0,0.0,104.6,126.0,41840.0,1.8666666666666667,2.0,47,0.03,80,0.6,Medium,14,47014,15,14,10
Optimal,1.4131207466125488,,53698.13151362336,3050.0,50648.13151362336,29.0,1.0,1408.1315136233081,0.4093405562858454,0.08381735200138739,0.0,0.0,15.0,29.0,1.0,108.2,126.0,43280.0,1.8,2.0,47,0.03,80,0.6,Medium,15,47015,15,14,10
Optimal,1.4110097885131836,,53004.18775080099,3000.0,50004.18775080099,30.0,0.0,1644.1877508009366,0.49465962700528326,0.09786831850005576,0.0,0.0,15.0,30.0,0.0,103.5,123.0,41400.0,1.7333333333333334,2.0,47,0.03,80,0.6,Medium,16,47016,15,14,10
Optimal,1.367927074432373,,54857.252380377664,3000.0,51857.252380377664,30.0,0.0,1457.252380377609,0.4093405562858454,0.08674121311771482,0.0,0.0,15.0,30.0,0.0,111.3,129.0,44520.0,1.8,2.0,47,0.03,80,0.6,Medium,17,47017,15,14,10
Optimal,1.3363540172576904,,53859.99962488053,3050.0,50809.99962488053,29.0,1.0,1489.999624880477,0.4093405562858454,0.08869045386193317,0.0,0.0,15.0,29.0,1.0,107.8,127.0,43120.0,1.6,2.0,47,0.03,80,0.6,Medium,18,47018,15,14,10
Optimal,1.5731768608093262,,53798.13151362336,3000.0,50798.13151362336,30.0,0.0,1408.1315136233081,0.4093405562858454,0.08381735200138739,0.0,0.0,15.0,30.0,0.0,111.8,131.0,44720.0,1.8,2.0,47,0.03,80,0.6,Medium,19,47019,15,14,10
Optimal,1.7634508609771729,,53411.3668568345,3000.0,50411.3668568345,30.0,0.0,1511.3668568344472,0.4093405562858454,0.08996231290681232,0.0,0.0,15.0,30.0,0.0,108.7,126.0,43480.0,1.6666666666666667,2.0,47,0.03,80,0.6,Medium,20,47020,15,14,10
Optimal,1.8904430866241455,,54411.757891371926,3000.0,51411.757891371926,30.0,0.0,1391.757891371874,0.4093405562858454,0.08284273162927822,0.0,0.0,15.0,30.0,0.0,110.1,129.0,44040.0,1.8666666666666667,2.0,47,0.03,80,0.6,Medium,21,47021,15,14,10
Optimal,1.396740198135376,,54136.37324713197,3050.0,51086.37324713197,29.0,1.0,1506.373247131911,0.4093405562858454,0.08966507423404232,0.0,0.0,15.0,29.0,1.0,109.7,126.0,43880.0,1.6666666666666667,2.0,47,0.03,80,0.6,Medium,22,47022,15,14,10
Optimal,1.3737878799438477,,52986.483091897746,3050.0,49936.483091897746,29.0,1.0,1686.483091897683,0.4093405562858454,0.10038589832724304,0.0,0.0,15.0,29.0,1.0,105.5,123.0,42200.0,1.8666666666666667,2.0,47,0.03,80,0.6,Medium,23,47023,15,14,10
Optimal,1.3942580223083496,,54799.889780114754,3000.0,51799.889780114754,30.0,0.0,1309.8897801147045,0.4093405562858454,0.07796962976873242,0.0,0.0,15.0,30.0,0.0,112.1,131.0,44840.0,1.9333333333333333,2.0,47,0.03,80,0.6,Medium,24,47024,15,14,10
Optimal,1.3424828052520752,,54295.38426912049,3000.0,51295.38426912049,30.0,0.0,1375.3842691204397,0.4093405562858454,0.08186811125716903,0.0,0.0,15.0,30.0,0.0,111.4,125.0,44560.0,1.7333333333333334,2.0,47,0.03,80,0.6,Medium,25,47025,15,14,10
Optimal,1.5013649463653564,,55797.252380377664,3000.0,52797.252380377664,30.0,0.0,1457.252380377607,0.4093405562858454,0.08674121311771471,0.0,0.0,15.0,30.0,0.0,113.0,137.0,45200.0,1.6,2.0,47,0.03,80,0.6,Medium,26,47026,15,14,10
Optimal,1.5024778842926025,,53161.757891371926,2900.0,50261.757891371926,29.0,0.0,1391.7578913718742,0.4093405562858454,0.08284273162927823,0.0,0.0,15.0,29.0,0.0,106.1,122.0,42440.0,1.7333333333333334,2.0,47,0.03,80,0.6,Medium,27,47027,15,14,10
Optimal,1.3534016609191895,,55246.757891371926,3000.0,52246.757891371926,30.0,0.0,1391.757891371874,0.4093405562858454,0.08284273162927822,0.0,0.0,15.0,30.0,0.0,112.2,130.0,44880.0,2.0,2.0,47,0.03,80,0.6,Medium,28,47028,15,14,10
Optimal,1.341076135635376,,53177.252380377664,2900.0,50277.252380377664,29.0,0.0,1457.2523803776096,0.4093405562858454,0.08674121311771486,0.0,0.0,15.0,29.0,0.0,107.0,126.0,42800.0,1.6,2.0,47,0.03,80,0.6,Medium,29,47029,15,14,10
Optimal,1.5137031078338623,,54597.47206990922,3000.0,51597.47206990922,30.0,0.0,1817.4720699091538,0.4093405562858454,0.10818286130411629,0.0,0.0,15.0,30.0,0.0,107.0,123.0,42800.0,1.6,2.0,47,0.03,80,0.6,Medium,30,47030,15,14,10
Optimal,1.7773551940917969,,58874.06538169221,3600.0,55274.06538169221,36.0,0.0,2194.0653816921313,0.4093405562858454,0.10883260821885572,0.0,0.0,18.0,36.0,0.0,117.86666666666666,190.0,53040.0,1.7777777777777777,2.0,48,0.03,80,0.6,High,1,48001,18,14,15
Optimal,1.8503170013427734,,58816.592936663525,3550.0,55266.592936663525,34.0,1.0,1866.5929366634543,0.4093405562858454,0.09258893535036976,0.0,0.0,18.0,34.0,1.0,118.6,188.0,53370.0,1.8333333333333333,2.0,48,0.03,80,0.6,High,2,48002,18,14,15
Optimal,1.803642988204956,,58916.81262619508,3600.0,55316.81262619508,36.0,0.0,2226.812626194999,0.4093405562858454,0.11045697550570431,0.0,0.0,18.0,36.0,0.0,117.93333333333334,189.0,53070.0,1.8333333333333333,2.0,48,0.03,80,0.6,High,3,48003,18,14,15
Optimal,1.8939788341522217,,57747.80160420656,3600.0,54147.80160420656,36.0,0.0,2357.801604206469,0.4093405562858454,0.11695444465309866,0.0,0.0,18.0,36.0,0.0,115.0,182.0,51750.0,1.7777777777777777,2.0,48,0.03,80,0.6,High,4,48004,18,14,15
Optimal,1.8523569107055664,,58772.581914675,3600.0,55172.581914675,36.0,0.0,1997.5819146749247,0.4093405562858454,0.09908640449776412,0.0,0.0,18.0,36.0,0.0,118.0,187.0,53100.0,1.7777777777777777,2.0,48,0.03,80,0.6,High,5,48005,18,14,15
Optimal,1.8704252243041992,,58803.955536926434,3500.0,55303.955536926434,35.0,0.0,2013.9555369263596,0.4093405562858454,0.09989858814118847,0.0,0.0,18.0,35.0,0.0,118.33333333333333,190.0,53250.0,1.7777777777777777,2.0,48,0.03,80,0.6,High,6,48006,18,14,15
Optimal,1.9074270725250244,,59215.82364818361,3600.0,55615.82364818361,36.0,0.0,2095.8236481835283,0.4093405562858454,0.10395950635830994,0.0,0.0,18.0,36.0,0.0,118.86666666666666,183.0,53490.0,1.7777777777777777,2.0,48,0.03,80,0.6,High,7,48007,18,14,15
Optimal,1.836609125137329,,58723.4610479207,3500.0,55223.4610479207,35.0,0.0,1948.4610479206233,0.4093405562858454,0.09664985356749124,0.0,0.0,18.0,35.0,0.0,118.26666666666667,187.0,53220.0,1.7777777777777777,2.0,48,0.03,80,0.6,High,8,48008,18,14,15
Optimal,1.8846731185913086,,58277.08742566926,3650.0,54627.08742566926,35.0,1.0,1932.0874256691902,0.4093405562858454,0.09583766992406698,0.0,0.0,18.0,35.0,1.0,116.93333333333334,182.0,52620.0,1.7222222222222223,2.0,48,0.03,80,0.6,High,9,48009,18,14,15
Optimal,1.707016944885254,,59488.4610479207,3600.0,55888.4610479207,36.0,0.0,1948.4610479206235,0.4093405562858454,0.09664985356749126,0.0,0.0,18.0,36.0,0.0,119.8,195.0,53910.0,1.8333333333333333,2.0,48,0.03,80,0.6,High,10,48010,18,14,15
Optimal,1.7051019668579102,,58315.82364818361,3600.0,54715.82364818361,36.0,0.0,2095.8236481835283,0.4093405562858454,0.10395950635830994,0.0,0.0,18.0,36.0,0.0,116.8,186.0,52560.0,1.7222222222222223,2.0,48,0.03,80,0.6,High,11,48011,18,14,15
Optimal,1.753952980041504,,59127.80160420656,3600.0,55527.80160420656,36.0,0.0,2357.8016042064696,0.4093405562858454,0.11695444465309869,0.0,0.0,18.0,36.0,0.0,118.13333333333334,185.0,53160.0,1.8888888888888888,2.0,48,0.03,80,0.6,High,12,48012,18,14,15
Optimal,1.7862329483032227,,58858.35120315492,3600.0,55258.35120315492,36.0,0.0,1768.351203154852,0.4093405562858454,0.08771583348982401,0.0,0.0,18.0,36.0,0.0,118.6,195.0,53370.0,1.5,2.0,48,0.03,80,0.6,High,13,48013,18,14,15
Optimal,1.9129583835601807,,59322.30711520082,3600.0,55722.30711520082,36.0,0.0,2292.307115200734,0.4093405562858454,0.11370571007940151,0.0,0.0,18.0,36.0,0.0,118.66666666666667,189.0,53400.0,1.7777777777777777,2.0,48,0.03,80,0.6,High,14,48014,18,14,15
Optimal,1.8898038864135742,,58719.45002593217,3600.0,55119.45002593217,36.0,0.0,2079.450025932095,0.4093405562858454,0.10314732271488565,0.0,0.0,18.0,36.0,0.0,117.73333333333333,192.0,52980.0,1.7777777777777777,2.0,48,0.03,80,0.6,High,15,48015,18,14,15
Optimal,1.7587940692901611,,59230.32915917787,3600.0,55630.32915917787,36.0,0.0,2030.3291591777925,0.4093405562858454,0.10071077178461271,0.0,0.0,18.0,36.0,0.0,119.06666666666666,190.0,53580.0,1.8888888888888888,2.0,48,0.03,80,0.6,High,16,48016,18,14,15
Optimal,1.7821197509765625,,58053.845692160656,3600.0,54453.845692160656,36.0,0.0,1833.8456921605873,0.4093405562858454,0.0909645680635212,0.0,0.0,18.0,36.0,0.0,116.8,182.0,52560.0,1.7222222222222223,2.0,48,0.03,80,0.6,High,17,48017,18,14,15
Optimal,1.7547168731689453,,58857.69175944078,3600.0,55257.69175944078,36.0,0.0,2177.6917594406978,0.4093405562858454,0.10802042457543143,0.0,0.0,18.0,36.0,0.0,117.86666666666666,186.0,53040.0,1.7777777777777777,2.0,48,0.03,80,0.6,High,18,48018,18,14,15
Optimal,1.9784581661224365,,58131.318137189344,3600.0,54531.318137189344,36.0,0.0,2161.318137189264,0.4093405562858454,0.10720824093200712,0.0,0.0,18.0,36.0,0.0,116.2,182.0,52290.0,1.6666666666666667,2.0,48,0.03,80,0.6,High,19,48019,18,14,15
Optimal,1.8178701400756836,,59529.55987069795,3600.0,55929.55987069795,36.0,0.0,2259.5598706978667,0.4093405562858454,0.11208134279255291,0.0,0.0,18.0,36.0,0.0,119.13333333333334,190.0,53610.0,1.7222222222222223,2.0,48,0.03,80,0.6,High,20,48020,18,14,15
Optimal,2.0201427936553955,,59261.70954296275,3600.0,55661.70954296275,36.0,0.0,2031.7095429626997,0.49465962700528326,0.10077924320251487,0.0,0.0,18.0,36.0,0.0,119.06666666666666,194.0,53580.0,1.7222222222222223,2.0,48,0.03,80,0.6,High,21,48021,18,14,15
Optimal,1.9498870372772217,,58961.7027814293,3600.0,55361.7027814293,36.0,0.0,2046.7027814292271,0.4093405562858454,0.10152295542803706,0.0,0.0,18.0,36.0,0.0,118.26666666666667,182.0,53220.0,1.6111111111111112,2.0,48,0.03,80,0.6,High,22,48022,18,14,15
Optimal,1.790497064590454,,58403.955536926434,3500.0,54903.955536926434,35.0,0.0,2013.955536926358,0.4093405562858454,0.0998985881411884,0.0,0.0,18.0,35.0,0.0,117.46666666666667,185.0,52860.0,1.7777777777777777,2.0,48,0.03,80,0.6,High,23,48023,18,14,15
Optimal,2.1637110710144043,,59776.92247096086,3600.0,56176.92247096086,36.0,0.0,2406.922470960771,0.4093405562858454,0.11939099558337157,0.0,0.0,18.0,36.0,0.0,119.46666666666667,184.0,53760.0,1.8333333333333333,2.0,48,0.03,80,0.6,High,24,48024,18,14,15
Optimal,2.1054189205169678,,57716.7027814293,3600.0,54116.7027814293,36.0,0.0,2046.702781429226,0.4093405562858454,0.101522955428037,0.0,0.0,18.0,36.0,0.0,115.66666666666667,184.0,52050.0,1.8888888888888888,2.0,48,0.03,80,0.6,High,25,48025,18,14,15
Optimal,1.8221030235290527,,57229.45002593217,3500.0,53729.45002593217,35.0,0.0,2079.450025932095,0.4093405562858454,0.10314732271488565,0.0,0.0,18.0,35.0,0.0,114.73333333333333,180.0,51630.0,1.8888888888888888,2.0,48,0.03,80,0.6,High,26,48026,18,14,15
Optimal,2.0708160400390625,,60140.21931441209,3600.0,56540.21931441209,36.0,0.0,1850.219314412021,0.4093405562858454,0.09177675170694549,0.0,0.0,18.0,36.0,0.0,121.46666666666667,187.0,54660.0,1.8333333333333333,2.0,48,0.03,80,0.6,High,27,48027,18,14,15
Optimal,1.8656010627746582,,58923.18624844652,3600.0,55323.18624844652,36.0,0.0,2243.1862484464327,0.4093405562858454,0.11126915914912862,0.0,0.0,18.0,36.0,0.0,117.8,187.0,53010.0,1.6666666666666667,2.0,48,0.03,80,0.6,High,28,48028,18,14,15
Optimal,1.8331630229949951,,58818.07640368074,3500.0,55318.07640368074,35.0,0.0,2063.0764036806595,0.4093405562858454,0.10233513907146127,0.0,0.0,18.0,35.0,0.0,118.2,188.0,53190.0,1.6666666666666667,2.0,48,0.03,80,0.6,High,29,48029,18,14,15
Optimal,1.9912467002868652,,57652.08742566926,3600.0,54052.08742566926,36.0,0.0,1932.08742566919,0.4093405562858454,0.09583766992406696,0.0,0.0,18.0,36.0,0.0,115.73333333333333,189.0,52080.0,1.7777777777777777,2.0,48,0.03,80,0.6,High,30,48030,18,14,15
NO_SOLUTION,120.09484124183655,Solver timed out or no feasible solution found,,,,,,,,,,,,,,,,,,,49,0.03,80,0.7,Low,1,49001,12,10,5
Optimal,55.454702854156494,,36981.339242371694,3600.0,33381.339242371694,36.0,0.0,1851.3392423716923,0.6272433720613438,0.19284783774705128,21.0,0.0,12.0,36.0,0.0,60.4,65.0,24160.0,2.8333333333333335,3.0,49,0.03,80,0.7,Low,2,49002,12,10,5
NO_SOLUTION,120.18228793144226,Solver timed out or no feasible solution found,,,,,,,,,,,,,,,,,,,49,0.03,80,0.7,Low,3,49003,12,10,5
Optimal,11.080790758132935,,34608.95983668781,3600.0,31008.959836687813,36.0,0.0,1788.959836687817,0.627243372061344,0.18634998298831426,19.0,0.0,12.0,36.0,0.0,56.0,61.0,22400.0,2.75,3.0,49,0.03,80,0.7,Low,4,49004,12,10,5
Optimal,2.095668315887451,,37575.21127276585,3600.0,33975.21127276585,36.0,0.0,1645.2112727658678,0.627243372061344,0.17137617424644455,15.0,0.0,12.0,36.0,0.0,60.4,64.0,24160.0,2.6666666666666665,3.0,49,0.03,80,0.7,Low,5,49005,12,10,5
Optimal,5.112154960632324,,34396.58043915159,3600.0,30796.580439151592,36.0,0.0,1726.580439268146,0.627243372061344,0.17985212909043188,17.0,0.0,12.0,36.0,0.0,58.0,60.0,23200.0,2.6666666666666665,3.0,49,0.03,80,0.7,Low,6,49006,12,10,5
NO_SOLUTION,120.1021180152893,Solver timed out or no feasible solution found,,,,,,,,,,,,,,,,,,,49,0.03,80,0.7,Low,7,49007,12,10,5
NO_SOLUTION,120.1106960773468,Solver timed out or no feasible solution found,,,,,,,,,,,,,,,,,,,49,0.03,80,0.7,Low,8,49008,12,10,5
NO_SOLUTION,120.09440422058105,Solver timed out or no feasible solution found,,,,,,,,,,,,,,,,,,,49,0.03,80,0.7,Low,9,49009,12,10,5
Optimal,4.5886993408203125,,35414.380487938084,3600.0,31814.380487938084,36.0,0.0,1714.3804879464094,0.627243372061344,0.17858130082775098,16.0,0.0,12.0,36.0,0.0,59.2,66.0,23680.0,2.6666666666666665,3.0,49,0.03,80,0.7,Low,10,49010,12,10,5
Optimal,10.272682905197144,,36554.739435283,3600.0,32954.739435283,36.0,0.0,1814.7394437665525,0.627243372061344,0.18903535872568256,18.0,0.0,12.0,36.0,0.0,60.2,62.0,24080.0,2.6666666666666665,3.0,49,0.03,80,0.7,Low,11,49011,12,10,5
NO_SOLUTION,120.10449194908142,Solver timed out or no feasible solution found,,,,,,,,,,,,,,,,,,,49,0.03,80,0.7,Low,12,49012,12,10,5
Optimal,13.38796591758728,,38218.780374853566,3600.0,34618.780374853566,36.0,0.0,1738.7803748535714,0.6272433720613438,0.18112295571391368,18.0,0.0,12.0,36.0,0.0,63.6,68.0,25440.0,2.8333333333333335,3.0,49,0.03,80,0.7,Low,13,49013,12,10,5
Optimal,2.0183610916137695,,34923.01135023543,3600.0,31323.01135023543,36.0,0.0,1633.011350235445,0.627243372061344,0.17010534898285887,14.0,0.0,12.0,36.0,0.0,56.8,61.0,22720.0,2.5833333333333335,3.0,49,0.03,80,0.7,Low,14,49014,12,10,5
Optimal,4.453165054321289,,37282.36004220803,3600.0,33682.36004220803,36.0,0.0,1752.3600422080317,0.627243372061344,0.18253750439667,16.0,0.0,12.0,36.0,0.0,62.6,65.0,25040.0,2.6666666666666665,3.0,49,0.03,80,0.7,Low,15,49015,12,10,5
Optimal,4.328607082366943,,34612.53952056246,3600.0,31012.53952056246,36.0,0.0,1802.5395205624727,0.627243372061344,0.18776453339192425,17.0,0.0,12.0,36.0,0.0,58.0,63.0,23200.0,2.6666666666666665,3.0,49,0.03,80,0.7,Low,16,49016,12,10,5
Optimal,3.0941178798675537,,35872.18058324977,3600.0,32272.18058324977,36.0,0.0,1702.1805832497867,0.627243372061344,0.17731047742185277,15.0,0.0,12.0,36.0,0.0,59.4,62.0,23760.0,2.6666666666666665,3.0,49,0.03,80,0.7,Low,17,49017,12,10,5
NO_SOLUTION,120.1167209148407,Solver timed out or no feasible solution found,,,,,,,,,,,,,,,,,,,49,0.03,80,0.7,Low,18,49018,12,10,5
Optimal,2.8128440380096436,,36009.98066290033,3600.0,32409.98066290033,36.0,0.0,1689.980662900348,0.627243372061344,0.17603965238545294,14.0,0.0,12.0,36.0,0.0,59.6,65.0,23840.0,2.6666666666666665,3.0,49,0.03,80,0.7,Low,19,49019,12,10,5
NO_SOLUTION,120.0908420085907,Solver timed out or no feasible solution found,,,,,,,,,,,,,,,,,,,49,0.03,80,0.7,Low,20,49020,12,10,5
NO_SOLUTION,120.11869621276855,Solver timed out or no feasible solution found,,,,,,,,,,,,,,,,,,,49,0.03,80,0.7,Low,21,49021,12,10,5
Optimal,10.454087018966675,,36396.939386395075,3600.0,32796.939386395075,36.0,0.0,1826.9393863950804,0.627243372061344,0.19030618608282088,19.0,0.0,12.0,36.0,0.0,59.8,63.0,23920.0,2.75,3.0,49,0.03,80,0.7,Low,22,49022,12,10,5
Optimal,2.629126787185669,,36081.82156586034,3600.0,32481.821565860337,36.0,0.0,1601.8215658770043,0.627243372061344,0.16685641311218796,13.0,0.0,12.0,36.0,0.0,59.2,64.0,23680.0,2.6666666666666665,3.0,49,0.03,80,0.7,Low,23,49023,12,10,5
NO_SOLUTION,120.0947368144989,Solver timed out or no feasible solution found,,,,,,,,,,,,,,,,,,,49,0.03,80,0.7,Low,24,49024,12,10,5
Optimal,11.283893823623657,,36374.38051887695,3600.0,32774.38051887695,36.0,0.0,1714.3805188769597,0.6272433720613438,0.17858130404968328,16.0,0.0,12.0,36.0,0.0,62.4,68.0,24960.0,2.6666666666666665,3.0,49,0.03,80,0.7,Low,25,49025,12,10,5
Optimal,6.8909220695495605,,36134.38048803664,3600.0,32534.380488036637,36.0,0.0,1714.3804880366351,0.627243372061344,0.1785813008371495,16.0,0.0,12.0,36.0,0.0,59.6,63.0,23840.0,2.6666666666666665,3.0,49,0.03,80,0.7,Low,26,49026,12,10,5
NO_SOLUTION,120.12489604949951,Solver timed out or no feasible solution found,,,,,,,,,,,,,,,,,,,49,0.03,80,0.7,Low,27,49027,12,10,5
Optimal,3.401810884475708,,37574.380492614415,3600.0,33974.380492614415,36.0,0.0,1714.3804926144194,0.627243372061344,0.17858130131400202,16.0,0.0,12.0,36.0,0.0,62.0,65.0,24800.0,2.6666666666666665,3.0,49,0.03,80,0.7,Low,28,49028,12,10,5
NO_SOLUTION,120.09519982337952,Solver timed out or no feasible solution found,,,,,,,,,,,,,,,,,,,49,0.03,80,0.7,Low,29,49029,12,10,5
Optimal,39.1010627746582,,35916.58044686526,3600.0,32316.580446865257,36.0,0.0,1726.5804468652655,0.6272433720613438,0.1798521298817985,17.0,0.0,12.0,36.0,0.0,60.2,61.0,24080.0,2.6666666666666665,3.0,49,0.03,80,0.7,Low,30,49030,12,10,5
Optimal,1.5448591709136963,,51385.56146663494,4500.0,46885.56146663494,45.0,0.0,2825.56146663496,0.6036653390540051,0.16818818253779524,30.0,0.0,15.0,45.0,0.0,97.3,125.0,38920.0,2.2666666666666666,3.0,50,0.03,80,0.7,Medium,1,50001,15,14,10
Optimal,1.3687679767608643,,50808.490012034126,4500.0,46308.490012034126,45.0,0.0,2628.490012034154,0.6036653390540051,0.15645773881155678,34.0,0.0,15.0,45.0,0.0,97.7,137.0,39080.0,2.8,3.0,50,0.03,80,0.7,Medium,2,50002,15,14,10
Optimal,1.6584608554840088,,50371.43383834719,4500.0,45871.43383834719,45.0,0.0,2791.433838347185,0.6036653390540051,0.16615677609209437,30.0,0.0,15.0,45.0,0.0,94.0,123.0,37600.0,2.4,3.0,50,0.03,80,0.7,Medium,3,50003,15,14,10
Optimal,1.808048963546753,,50586.554156974235,4500.0,46086.554156974235,45.0,0.0,2646.5541569742236,0.6036653390540051,0.15753298553418,27.0,0.0,15.0,45.0,0.0,96.2,123.0,38480.0,2.3333333333333335,3.0,50,0.03,80,0.7,Medium,4,50004,15,14,10
Optimal,1.6489200592041016,,50429.668714321444,4500.0,45929.668714321444,45.0,0.0,2609.6687143214513,0.6036653390540051,0.15533742347151497,32.0,0.0,15.0,45.0,0.0,95.9,123.0,38360.0,2.8,3.0,50,0.03,80,0.7,Medium,5,50005,15,14,10
Optimal,1.5512020587921143,,51939.49051178122,4550.0,47389.49051178122,44.0,1.0,2809.4905117812314,0.6036653390540051,0.16723157808221614,34.0,0.0,15.0,44.0,1.0,99.4,124.0,39760.0,2.533333333333333,3.0,50,0.03,80,0.7,Medium,6,50006,15,14,10
Optimal,1.5476629734039307,,51417.90830134741,4500.0,46917.90830134741,45.0,0.0,2817.908301347424,0.6140108344287681,0.1677326369849657,32.0,0.0,15.0,45.0,0.0,97.7,135.0,39080.0,2.3333333333333335,3.0,50,0.03,80,0.7,Medium,7,50007,15,14,10
Optimal,1.4517230987548828,,51537.984468529656,4500.0,47037.984468529656,45.0,0.0,2797.9844685296853,0.6036653390540051,0.1665466945553384,32.0,0.0,15.0,45.0,0.0,99.7,125.0,39880.0,2.466666666666667,3.0,50,0.03,80,0.7,Medium,8,50008,15,14,10
Optimal,1.4646389484405518,,50283.0717818271,4500.0,45783.0717818271,45.0,0.0,2838.071781827103,0.6036653390540051,0.16893284415637522,33.0,0.0,15.0,45.0,0.0,94.0,124.0,37600.0,2.3333333333333335,3.0,50,0.03,80,0.7,Medium,9,50009,15,14,10
Optimal,1.6070928573608398,,49693.065395914076,4500.0,45193.065395914076,45.0,0.0,2843.065395914078,0.6036653390540051,0.16923008309012372,33.0,0.0,15.0,45.0,0.0,91.2,127.0,36480.0,2.466666666666667,3.0,50,0.03,80,0.7,Medium,10,50010,15,14,10
Optimal,1.753626823425293,,51081.69816396011,4500.0,46581.69816396011,45.0,0.0,2821.6981639601095,0.6036653390540051,0.16795822404524463,33.0,0.0,15.0,45.0,0.0,95.9,125.0,38360.0,2.466666666666667,3.0,50,0.03,80,0.7,Medium,11,50011,15,14,10
Optimal,1.5151410102844238,,50988.77784993864,4400.0,46588.77784993864,44.0,0.0,2508.7778499386895,0.6036653390540051,0.14933201487730297,27.0,0.0,15.0,44.0,0.0,100.2,127.0,40080.0,2.6666666666666665,3.0,50,0.03,80,0.7,Medium,12,50012,15,14,10
Optimal,1.7047028541564941,,52301.96248957302,4500.0,47801.96248957302,45.0,0.0,2851.962489573034,0.6036653390540051,0.16975967199839487,36.0,0.0,15.0,45.0,0.0,100.8,128.0,40320.0,2.533333333333333,3.0,50,0.03,80,0.7,Medium,13,50013,15,14,10
Optimal,1.5512142181396484,,49195.898796823894,4400.0,44795.898796823894,44.0,0.0,2735.8987968238725,0.6036653390540051,0.16285111885856385,24.0,0.0,15.0,44.0,0.0,93.1,121.0,37240.0,2.4,3.0,50,0.03,80,0.7,Medium,14,50014,15,14,10
Optimal,1.5828320980072021,,49394.87107245738,4500.0,44894.87107245738,45.0,0.0,3014.871072457391,0.6140108344287681,0.1794566114557971,38.0,0.0,15.0,45.0,0.0,91.5,125.0,36600.0,2.533333333333333,3.0,50,0.03,80,0.7,Medium,15,50015,15,14,10
Optimal,1.584357738494873,,51829.05390668866,4500.0,47329.05390668866,45.0,0.0,2689.053906688677,0.6036653390540051,0.16006273254099268,35.0,0.0,15.0,45.0,0.0,99.3,125.0,39720.0,2.8666666666666667,3.0,50,0.03,80,0.7,Medium,16,50016,15,14,10
Optimal,1.7681212425231934,,50210.81903071441,4500.0,45710.81903071441,45.0,0.0,2870.819030714411,0.6036653390540051,0.17088208516157208,33.0,0.0,15.0,45.0,0.0,93.6,124.0,37440.0,2.533333333333333,3.0,50,0.03,80,0.7,Medium,17,50017,15,14,10
Optimal,2.416214942932129,,49499.888403853,4500.0,44999.888403853,45.0,0.0,2969.8884038529945,0.6140108344287681,0.17677907165791634,36.0,0.0,15.0,45.0,0.0,90.7,123.0,36280.0,2.1333333333333333,3.0,50,0.03,80,0.7,Medium,18,50018,15,14,10
Optimal,1.6381311416625977,,50716.86997620286,4500.0,46216.86997620286,45.0,0.0,2626.8699762028655,0.6036653390540051,0.1563613081073134,31.0,0.0,15.0,45.0,0.0,97.6,123.0,39040.0,2.533333333333333,3.0,50,0.03,80,0.7,Medium,19,50019,15,14,10
Optimal,1.5326430797576904,,51744.68604571706,4400.0,47344.68604571706,44.0,0.0,2564.686045717055,0.6140108344287681,0.15265988367363423,30.0,0.0,15.0,44.0,0.0,101.6,129.0,40640.0,2.533333333333333,3.0,50,0.03,80,0.7,Medium,20,50020,15,14,10
Optimal,1.5544557571411133,,49926.646670344395,4500.0,45426.646670344395,45.0,0.0,2871.646670344392,0.6036653390540051,0.17093134942526145,32.0,0.0,15.0,45.0,0.0,93.7,121.0,37480.0,2.3333333333333335,3.0,50,0.03,80,0.7,Medium,21,50021,15,14,10
Optimal,1.5835247039794922,,52072.577297205804,4500.0,47572.577297205804,45.0,0.0,2772.577297205808,0.6036653390540051,0.16503436292891716,33.0,0.0,15.0,45.0,0.0,98.1,131.0,39240.0,2.2666666666666666,3.0,50,0.03,80,0.7,Medium,22,50022,15,14,10
Optimal,1.5885329246520996,,51469.80941354974,4500.0,46969.80941354974,45.0,0.0,2714.809413549773,0.6140108344287681,0.16159579842558172,29.0,0.0,15.0,45.0,0.0,100.2,126.0,40080.0,2.4,3.0,50,0.03,80,0.7,Medium,23,50023,15,14,10
Optimal,1.5191140174865723,,51385.93934934145,4400.0,46985.93934934145,44.0,0.0,2725.93934934145,0.6036653390540051,0.16225829460365773,30.0,0.0,15.0,44.0,0.0,97.3,133.0,38920.0,2.466666666666667,3.0,50,0.03,80,0.7,Medium,24,50024,15,14,10
Optimal,1.8540589809417725,,51728.48061938147,4500.0,47228.48061938147,45.0,0.0,2958.4806193814475,0.6140108344287681,0.1761000368679433,27.0,0.0,15.0,45.0,0.0,96.3,127.0,38520.0,2.1333333333333333,3.0,50,0.03,80,0.7,Medium,25,50025,15,14,10
Optimal,1.4975709915161133,,51024.153682163414,4500.0,46524.153682163414,45.0,0.0,2814.153682163412,0.6140108344287681,0.16750914774782216,31.0,0.0,15.0,45.0,0.0,94.3,124.0,37720.0,2.466666666666667,3.0,50,0.03,80,0.7,Medium,26,50026,15,14,10
Optimal,1.6150600910186768,,50872.3644652086,4500.0,46372.3644652086,45.0,0.0,2692.3644652086014,0.6036653390540051,0.16025978959575007,31.0,0.0,15.0,45.0,0.0,97.3,123.0,38920.0,2.466666666666667,3.0,50,0.03,80,0.7,Medium,27,50027,15,14,10
Optimal,1.6271460056304932,,49389.21139999694,4500.0,44889.21139999694,45.0,0.0,3009.211399997016,0.6036653390540051,0.1791197261902986,39.0,0.0,15.0,45.0,0.0,92.4,121.0,36960.0,2.6,3.0,50,0.03,80,0.7,Medium,28,50028,15,14,10
Optimal,1.545030117034912,,50542.63564835587,4550.0,45992.63564835587,44.0,1.0,3002.6356483558625,0.6036653390540051,0.17872831240213466,32.0,0.0,15.0,44.0,1.0,93.6,119.0,37440.0,2.4,3.0,50,0.03,80,0.7,Medium,29,50029,15,14,10
Optimal,1.55409574508667,,50763.14061122287,4500.0,46263.14061122287,45.0,0.0,2743.140611222865,0.6036653390540051,0.16328217923945623,29.0,0.0,15.0,45.0,0.0,97.5,129.0,39000.0,2.4,3.0,50,0.03,80,0.7,Medium,30,50030,15,14,10
Optimal,2.1693270206451416,,54643.981899253056,5400.0,49243.981899253056,54.0,0.0,4043.9818992530772,0.6036653390540051,0.20059434024072806,52.0,0.0,18.0,54.0,0.0,100.33333333333333,187.0,45150.0,2.5555555555555554,3.0,51,0.03,80,0.7,High,1,51001,18,14,15
Optimal,2.0019948482513428,,54262.374063379255,5400.0,48862.374063379255,54.0,0.0,3942.3740633792513,0.6140108344287681,0.19555426901682793,46.0,0.0,18.0,54.0,0.0,99.73333333333333,189.0,44880.0,2.5,3.0,51,0.03,80,0.7,High,2,51002,18,14,15
Optimal,2.0695929527282715,,54594.747104169175,5400.0,49194.747104169175,54.0,0.0,4134.7471041692015,0.6036653390540051,0.20509658254807547,55.0,0.0,18.0,54.0,0.0,100.06666666666666,190.0,45030.0,2.611111111111111,3.0,51,0.03,80,0.7,High,3,51003,18,14,15
Optimal,2.6311681270599365,,54388.2903327037,5400.0,48988.2903327037,54.0,0.0,4053.2903327037156,0.6140108344287681,0.2010560680904621,50.0,0.0,18.0,54.0,0.0,99.6,195.0,44820.0,2.388888888888889,3.0,51,0.03,80,0.7,High,4,51004,18,14,15
Optimal,2.1680469512939453,,54435.64811961118,5400.0,49035.64811961118,54.0,0.0,4005.648119611181,0.6036653390540051,0.19869286307595144,45.0,0.0,18.0,54.0,0.0,99.86666666666666,187.0,44940.0,2.2222222222222223,3.0,51,0.03,80,0.7,High,5,51005,18,14,15
Optimal,1.9583361148834229,,55208.9367945575,5400.0,49808.9367945575,54.0,0.0,4088.936794557515,0.6036653390540051,0.2028242457617815,51.0,0.0,18.0,54.0,0.0,101.53333333333333,185.0,45690.0,2.5555555555555554,3.0,51,0.03,80,0.7,High,6,51006,18,14,15
Optimal,2.1976709365844727,,54423.2982999432,5400.0,49023.2982999432,54.0,0.0,3848.298299943204,0.6036653390540051,0.19088781249718273,45.0,0.0,18.0,54.0,0.0,100.2,188.0,45090.0,2.388888888888889,3.0,51,0.03,80,0.7,High,7,51007,18,14,15
Optimal,2.106985092163086,,54172.917705932785,5400.0,48772.917705932785,54.0,0.0,4012.9177059328226,0.6036653390540051,0.19905345763555668,56.0,0.0,18.0,54.0,0.0,99.4,182.0,44730.0,2.611111111111111,3.0,51,0.03,80,0.7,High,8,51008,18,14,15
Optimal,2.034158229827881,,54452.80381093746,5400.0,49052.80381093746,54.0,0.0,3782.803810937469,0.6036653390540051,0.18763907792348555,45.0,0.0,18.0,54.0,0.0,100.4,186.0,45180.0,2.2777777777777777,3.0,51,0.03,80,0.7,High,9,51009,18,14,15
Optimal,2.0324459075927734,,54277.58050507899,5400.0,48877.58050507899,54.0,0.0,4027.580505078995,0.6036653390540051,0.19978077902177555,46.0,0.0,18.0,54.0,0.0,99.53333333333333,190.0,44790.0,2.4444444444444446,3.0,51,0.03,80,0.7,High,10,51010,18,14,15
Optimal,1.926011085510254,,53907.57364754464,5400.0,48507.57364754464,54.0,0.0,3747.5736475446583,0.6036653390540051,0.18589154997741358,48.0,0.0,18.0,54.0,0.0,99.33333333333333,182.0,44700.0,2.5555555555555554,3.0,51,0.03,80,0.7,High,11,51011,18,14,15
Optimal,2.0451247692108154,,53050.58337816365,5400.0,47650.58337816365,54.0,0.0,3780.583378163661,0.6036653390540051,0.18752893740891177,46.0,0.0,18.0,54.0,0.0,97.4,176.0,43830.0,2.5,3.0,51,0.03,80,0.7,High,12,51012,18,14,15
Optimal,2.1486599445343018,,53706.89640519799,5400.0,48306.89640519799,54.0,0.0,3916.896405198026,0.6036653390540051,0.1942904962895846,55.0,0.0,18.0,54.0,0.0,98.6,192.0,44370.0,2.6666666666666665,3.0,51,0.03,80,0.7,High,13,51013,18,14,15
Optimal,1.9896659851074219,,54743.51752223787,5400.0,49343.51752223787,54.0,0.0,3923.517522237874,0.6036653390540051,0.19461892471418027,47.0,0.0,18.0,54.0,0.0,100.8,186.0,45360.0,2.5,3.0,51,0.03,80,0.7,High,14,51014,18,14,15
Optimal,1.9768240451812744,,54058.69220603556,5400.0,48658.69220603556,54.0,0.0,4088.692206035552,0.6140108344287681,0.20281211339462063,47.0,0.0,18.0,54.0,0.0,98.93333333333334,187.0,44520.0,2.5555555555555554,3.0,51,0.03,80,0.7,High,15,51015,18,14,15
Optimal,2.1444780826568604,,54063.998763411786,5300.0,48763.998763411786,53.0,0.0,3713.998763411808,0.6036653390540051,0.18422612913749048,49.0,0.0,18.0,53.0,0.0,100.06666666666666,183.0,45030.0,2.6666666666666665,3.0,51,0.03,80,0.7,High,16,51016,18,14,15
Optimal,2.2127580642700195,,54033.631450567445,5400.0,48633.631450567445,54.0,0.0,3783.6314505674495,0.6036653390540051,0.18768013147655999,44.0,0.0,18.0,54.0,0.0,99.53333333333333,185.0,44790.0,2.388888888888889,3.0,51,0.03,80,0.7,High,17,51017,18,14,15
Optimal,3.0233588218688965,,53948.86748149287,5400.0,48548.86748149287,54.0,0.0,3898.8674814929077,0.6036653390540051,0.19339620443913233,57.0,0.0,18.0,54.0,0.0,99.2,189.0,44640.0,2.7777777777777777,3.0,51,0.03,80,0.7,High,18,51018,18,14,15
Optimal,2.0712521076202393,,53281.52113621101,5450.0,47831.52113621101,53.0,1.0,4191.521136211038,0.6036653390540051,0.2079127547723729,54.0,0.0,18.0,53.0,1.0,96.93333333333334,185.0,43620.0,2.5555555555555554,3.0,51,0.03,80,0.7,High,19,51019,18,14,15
Optimal,1.8488390445709229,,54343.016642934665,5400.0,48943.016642934665,54.0,0.0,3863.016642934676,0.6036653390540051,0.19161788903445812,47.0,0.0,18.0,54.0,0.0,100.06666666666666,186.0,45030.0,2.4444444444444446,3.0,51,0.03,80,0.7,High,20,51020,18,14,15
Optimal,1.820613145828247,,52788.86750368659,5400.0,47388.86750368659,54.0,0.0,3898.8675036866307,0.6036653390540051,0.19339620554001144,57.0,0.0,18.0,54.0,0.0,96.6,184.0,43470.0,2.7222222222222223,3.0,51,0.03,80,0.7,High,21,51021,18,14,15
Optimal,2.1426169872283936,,53968.33523771732,5300.0,48668.33523771732,53.0,0.0,3908.335237717375,0.6140108344287681,0.1938658352042349,46.0,0.0,18.0,53.0,0.0,99.33333333333333,181.0,44700.0,2.3333333333333335,3.0,51,0.03,80,0.7,High,22,51022,18,14,15
Optimal,2.2836506366729736,,54901.59791736498,5400.0,49501.59791736498,54.0,0.0,3891.597917364988,0.6036653390540051,0.19303561098040614,46.0,0.0,18.0,54.0,0.0,101.2,191.0,45540.0,2.4444444444444446,3.0,51,0.03,80,0.7,High,23,51023,18,14,15
Optimal,1.95420503616333,,55212.876879763615,5400.0,49812.876879763615,54.0,0.0,3792.8768797636235,0.6140108344287681,0.1881387341152591,42.0,0.0,18.0,54.0,0.0,102.13333333333334,190.0,45960.0,2.3333333333333335,3.0,51,0.03,80,0.7,High,24,51024,18,14,15
Optimal,2.360508918762207,,55468.85065066839,5400.0,50068.85065066839,54.0,0.0,3858.850650668398,0.6036653390540051,0.19141124259267847,46.0,0.0,18.0,54.0,0.0,102.53333333333333,195.0,46140.0,2.388888888888889,3.0,51,0.03,80,0.7,High,25,51025,18,14,15
Optimal,1.9815597534179688,,54519.9704433619,5300.0,49219.9704433619,53.0,0.0,3519.9704433618963,0.6036653390540051,0.17460170850009404,40.0,0.0,18.0,53.0,0.0,101.4,187.0,45630.0,2.388888888888889,3.0,51,0.03,80,0.7,High,26,51026,18,14,15
Optimal,2.180900812149048,,54094.34924543165,5400.0,48694.34924543165,54.0,0.0,3604.349245431659,0.6036653390540051,0.1787871649519672,43.0,0.0,18.0,54.0,0.0,100.06666666666666,189.0,45030.0,2.4444444444444446,3.0,51,0.03,80,0.7,High,27,51027,18,14,15
Optimal,2.6569459438323975,,54835.78801370086,5400.0,49435.78801370086,54.0,0.0,3465.7880137008415,0.6140108344287681,0.17191408798119254,37.0,0.0,18.0,54.0,0.0,102.0,192.0,45900.0,2.388888888888889,3.0,51,0.03,80,0.7,High,28,51028,18,14,15
Optimal,2.3542230129241943,,54126.06926613915,5400.0,48726.06926613915,54.0,0.0,3831.0692661391386,0.6140108344287681,0.19003319772515567,41.0,0.0,18.0,54.0,0.0,99.46666666666667,191.0,44760.0,2.1666666666666665,3.0,51,0.03,80,0.7,High,29,51029,18,14,15
Optimal,2.029731273651123,,53013.289553761606,5400.0,47613.289553761606,54.0,0.0,3863.289553761655,0.6140108344287681,0.19163142627785987,42.0,0.0,18.0,54.0,0.0,97.0,185.0,43650.0,2.1666666666666665,3.0,51,0.03,80,0.7,High,30,51030,18,14,15
NO_SOLUTION,120.08937692642212,Solver timed out or no feasible solution found,,,,,,,,,,,,,,,,,,,52,0.03,80,0.8,Low,1,52001,12,10,5
NO_SOLUTION,120.10597562789917,Solver timed out or no feasible solution found,,,,,,,,,,,,,,,,,,,52,0.03,80,0.8,Low,2,52002,12,10,5
NO_SOLUTION,120.13209891319275,Solver timed out or no feasible solution found,,,,,,,,,,,,,,,,,,,52,0.03,80,0.8,Low,3,52003,12,10,5
NO_SOLUTION,120.1019401550293,Solver timed out or no feasible solution found,,,,,,,,,,,,,,,,,,,52,0.03,80,0.8,Low,4,52004,12,10,5
NO_SOLUTION,120.09824585914612,Solver timed out or no feasible solution found,,,,,,,,,,,,,,,,,,,52,0.03,80,0.8,Low,5,52005,12,10,5
NO_SOLUTION,120.0975911617279,Solver timed out or no feasible solution found,,,,,,,,,,,,,,,,,,,52,0.03,80,0.8,Low,6,52006,12,10,5
NO_SOLUTION,120.09822630882263,Solver timed out or no feasible solution found,,,,,,,,,,,,,,,,,,,52,0.03,80,0.8,Low,7,52007,12,10,5
NO_SOLUTION,120.2404637336731,Solver timed out or no feasible solution found,,,,,,,,,,,,,,,,,,,52,0.03,80,0.8,Low,8,52008,12,10,5
NO_SOLUTION,120.2283182144165,Solver timed out or no feasible solution found,,,,,,,,,,,,,,,,,,,52,0.03,80,0.8,Low,9,52009,12,10,5
NO_SOLUTION,120.15744805335999,Solver timed out or no feasible solution found,,,,,,,,,,,,,,,,,,,52,0.03,80,0.8,Low,10,52010,12,10,5
NO_SOLUTION,120.28121089935303,Solver timed out or no feasible solution found,,,,,,,,,,,,,,,,,,,52,0.03,80,0.8,Low,11,52011,12,10,5
NO_SOLUTION,120.15693593025208,Solver timed out or no feasible solution found,,,,,,,,,,,,,,,,,,,52,0.03,80,0.8,Low,12,52012,12,10,5
NO_SOLUTION,120.15639233589172,Solver timed out or no feasible solution found,,,,,,,,,,,,,,,,,,,52,0.03,80,0.8,Low,13,52013,12,10,5
NO_SOLUTION,120.1819269657135,Solver timed out or no feasible solution found,,,,,,,,,,,,,,,,,,,52,0.03,80,0.8,Low,14,52014,12,10,5
NO_SOLUTION,120.14855074882507,Solver timed out or no feasible solution found,,,,,,,,,,,,,,,,,,,52,0.03,80,0.8,Low,15,52015,12,10,5
NO_SOLUTION,120.15611696243286,Solver timed out or no feasible solution found,,,,,,,,,,,,,,,,,,,52,0.03,80,0.8,Low,16,52016,12,10,5
NO_SOLUTION,120.1631371974945,Solver timed out or no feasible solution found,,,,,,,,,,,,,,,,,,,52,0.03,80,0.8,Low,17,52017,12,10,5
NO_SOLUTION,120.1599371433258,Solver timed out or no feasible solution found,,,,,,,,,,,,,,,,,,,52,0.03,80,0.8,Low,18,52018,12,10,5
NO_SOLUTION,120.29025506973267,Solver timed out or no feasible solution found,,,,,,,,,,,,,,,,,,,52,0.03,80,0.8,Low,19,52019,12,10,5
NO_SOLUTION,120.18917608261108,Solver timed out or no feasible solution found,,,,,,,,,,,,,,,,,,,52,0.03,80,0.8,Low,20,52020,12,10,5
NO_SOLUTION,120.27258396148682,Solver timed out or no feasible solution found,,,,,,,,,,,,,,,,,,,52,0.03,80,0.8,Low,21,52021,12,10,5
NO_SOLUTION,120.1492760181427,Solver timed out or no feasible solution found,,,,,,,,,,,,,,,,,,,52,0.03,80,0.8,Low,22,52022,12,10,5
NO_SOLUTION,120.29052901268005,Solver timed out or no feasible solution found,,,,,,,,,,,,,,,,,,,52,0.03,80,0.8,Low,23,52023,12,10,5
NO_SOLUTION,120.2835648059845,Solver timed out or no feasible solution found,,,,,,,,,,,,,,,,,,,52,0.03,80,0.8,Low,24,52024,12,10,5
NO_SOLUTION,120.19342994689941,Solver timed out or no feasible solution found,,,,,,,,,,,,,,,,,,,52,0.03,80,0.8,Low,25,52025,12,10,5
NO_SOLUTION,120.15889024734497,Solver timed out or no feasible solution found,,,,,,,,,,,,,,,,,,,52,0.03,80,0.8,Low,26,52026,12,10,5
NO_SOLUTION,120.15991115570068,Solver timed out or no feasible solution found,,,,,,,,,,,,,,,,,,,52,0.03,80,0.8,Low,27,52027,12,10,5
NO_SOLUTION,120.16574692726135,Solver timed out or no feasible solution found,,,,,,,,,,,,,,,,,,,52,0.03,80,0.8,Low,28,52028,12,10,5
NO_SOLUTION,120.2819881439209,Solver timed out or no feasible solution found,,,,,,,,,,,,,,,,,,,52,0.03,80,0.8,Low,29,52029,12,10,5
NO_SOLUTION,120.15574884414673,Solver timed out or no feasible solution found,,,,,,,,,,,,,,,,,,,52,0.03,80,0.8,Low,30,52030,12,10,5
Optimal,4.174188137054443,,47037.18758090903,6000.0,41037.18758090903,60.0,0.0,4492.187580909012,0.712671051102727,0.2673921179112507,62.0,0.0,15.0,60.0,0.0,78.7,122.0,31480.0,2.8,4.0,53,0.03,80,0.8,Medium,1,53001,15,14,10
Optimal,6.189020872116089,,47432.03933010833,6000.0,41432.03933010833,60.0,0.0,4212.039330108292,0.712671051102727,0.2507166267921603,56.0,0.0,15.0,60.0,0.0,81.1,124.0,32440.0,2.933333333333333,4.0,53,0.03,80,0.8,Medium,2,53002,15,14,10
Optimal,4.164473056793213,,47212.46862392727,6000.0,41212.46862392727,60.0,0.0,4237.468623927256,0.7453737477502635,0.25223027523376523,61.0,0.0,15.0,60.0,0.0,80.7,124.0,32280.0,3.4,4.0,53,0.03,80,0.8,Medium,3,53003,15,14,10
Optimal,3.5167899131774902,,48603.685722904855,6000.0,42603.685722904855,60.0,0.0,4023.685722904809,0.7453737477502635,0.2395051025538577,55.0,0.0,15.0,60.0,0.0,84.5,122.0,33800.0,3.0,4.0,53,0.03,80,0.8,Medium,4,53004,15,14,10
Optimal,7.165459156036377,,47060.99800600211,6000.0,41060.99800600211,60.0,0.0,4130.99800600207,0.7453737477502635,0.24589273845250414,54.0,0.0,15.0,60.0,0.0,80.4,128.0,32160.0,2.8,4.0,53,0.03,80,0.8,Medium,5,53005,15,14,10
Optimal,4.395447015762329,,48403.26149383699,6000.0,42403.26149383699,60.0,0.0,4273.261493836952,0.7453737477502634,0.25436080320458043,59.0,0.0,15.0,60.0,0.0,82.5,127.0,33000.0,3.066666666666667,4.0,53,0.03,80,0.8,Medium,6,53006,15,14,10
Optimal,4.30796217918396,,47258.99821282326,6000.0,41258.99821282326,60.0,0.0,4248.99821282323,0.712671051102727,0.252916560287097,55.0,0.0,15.0,60.0,0.0,82.6,131.0,33040.0,2.6,4.0,53,0.03,80,0.8,Medium,7,53007,15,14,10
Optimal,6.3051440715789795,,47865.148695233336,6000.0,41865.148695233336,60.0,0.0,4265.148695233289,0.7453737477502635,0.253877898525791,61.0,0.0,15.0,60.0,0.0,83.3,124.0,33320.0,3.0,4.0,53,0.03,80,0.8,Medium,8,53008,15,14,10
Optimal,6.863728761672974,,46839.7512791982,6000.0,40839.7512791982,60.0,0.0,4119.751279198173,0.7453737477502635,0.24522329042846264,59.0,0.0,15.0,60.0,0.0,79.6,125.0,31840.0,3.2666666666666666,4.0,53,0.03,80,0.8,Medium,9,53009,15,14,10
Optimal,3.988189935684204,,47965.61892930892,6000.0,41965.61892930892,60.0,0.0,4215.618929308895,0.7453737477502635,0.25092969817314853,62.0,0.0,15.0,60.0,0.0,82.4,126.0,32960.0,3.466666666666667,4.0,53,0.03,80,0.8,Medium,10,53010,15,14,10
Optimal,5.899173974990845,,49186.471182234956,6000.0,43186.471182234956,60.0,0.0,4046.4711822349227,0.712671051102727,0.24086137989493586,56.0,0.0,15.0,60.0,0.0,86.1,131.0,34440.0,3.2666666666666666,4.0,53,0.03,80,0.8,Medium,11,53011,15,14,10
Optimal,3.8934409618377686,,48691.038938565725,6050.0,42641.038938565725,59.0,1.0,4181.038938565697,0.7453737477502635,0.2488713653908153,60.0,0.0,15.0,59.0,1.0,83.1,126.0,33240.0,3.3333333333333335,4.0,53,0.03,80,0.8,Medium,12,53012,15,14,10
Optimal,5.857409238815308,,47637.684620967644,6000.0,41637.684620967644,60.0,0.0,4067.6846209676073,0.712671051102727,0.2421240845814052,57.0,0.0,15.0,60.0,0.0,81.0,125.0,32400.0,2.8666666666666667,4.0,53,0.03,80,0.8,Medium,13,53013,15,14,10
Optimal,5.524600028991699,,47251.53062803224,6000.0,41251.53062803224,60.0,0.0,4381.530628032195,0.7453737477502635,0.2608053945257259,59.0,0.0,15.0,60.0,0.0,79.4,131.0,31760.0,3.066666666666667,4.0,53,0.03,80,0.8,Medium,14,53014,15,14,10
Optimal,5.485659837722778,,46604.77719935822,6000.0,40604.77719935822,60.0,0.0,4084.7771993581828,0.712671051102727,0.2431414999617966,56.0,0.0,15.0,60.0,0.0,80.3,119.0,32120.0,2.8666666666666667,4.0,53,0.03,80,0.8,Medium,15,53015,15,14,10
Optimal,3.563927173614502,,48431.01828720894,6000.0,42431.01828720894,60.0,0.0,4301.018287208912,0.712671051102727,0.25601299328624477,56.0,0.0,15.0,60.0,0.0,85.1,130.0,34040.0,2.533333333333333,4.0,53,0.03,80,0.8,Medium,16,53016,15,14,10
Optimal,6.386319875717163,,48165.85328026979,6000.0,42165.85328026979,60.0,0.0,4155.85328026975,0.712671051102727,0.2473722190636756,55.0,0.0,15.0,60.0,0.0,82.8,127.0,33120.0,3.0,4.0,53,0.03,80,0.8,Medium,17,53017,15,14,10
Optimal,3.959372043609619,,48432.0912149292,6000.0,42432.0912149292,60.0,0.0,4372.091214929154,0.7453737477502635,0.260243524698164,56.0,0.0,15.0,60.0,0.0,81.9,127.0,32760.0,3.066666666666667,4.0,53,0.03,80,0.8,Medium,18,53018,15,14,10
Optimal,6.592461109161377,,46985.17420380667,6000.0,40985.17420380667,60.0,0.0,4295.174203806637,0.712671051102727,0.2556651311789665,58.0,0.0,15.0,60.0,0.0,79.3,128.0,31720.0,3.0,4.0,53,0.03,80,0.8,Medium,19,53019,15,14,10
Optimal,4.377703905105591,,46372.72689958141,6000.0,40372.72689958141,60.0,0.0,4282.726899581377,0.712671051102727,0.25492422021317723,57.0,0.0,15.0,60.0,0.0,78.9,122.0,31560.0,2.8,4.0,53,0.03,80,0.8,Medium,20,53020,15,14,10
Optimal,5.734219074249268,,47717.168443350885,6000.0,41717.168443350885,60.0,0.0,4137.168443350842,0.712671051102727,0.24626002638993105,55.0,0.0,15.0,60.0,0.0,81.0,123.0,32400.0,2.933333333333333,4.0,53,0.03,80,0.8,Medium,21,53021,15,14,10
Optimal,7.386943101882935,,47743.68181767651,6000.0,41743.68181767651,60.0,0.0,4223.681817676466,0.712671051102727,0.2514096320045516,56.0,0.0,15.0,60.0,0.0,81.4,128.0,32560.0,2.933333333333333,4.0,53,0.03,80,0.8,Medium,22,53022,15,14,10
Optimal,4.339789152145386,,47406.08558374395,6050.0,41356.08558374395,59.0,1.0,4136.085583743933,0.7453737477502635,0.24619557046094842,57.0,0.0,15.0,59.0,1.0,81.6,124.0,32640.0,3.0,4.0,53,0.03,80,0.8,Medium,23,53023,15,14,10
Optimal,6.730585813522339,,47843.81801053523,6000.0,41843.81801053523,60.0,0.0,3993.8180105351944,0.712671051102727,0.2377272625318568,52.0,0.0,15.0,60.0,0.0,84.4,129.0,33760.0,2.933333333333333,4.0,53,0.03,80,0.8,Medium,24,53024,15,14,10
Optimal,4.641360759735107,,47336.08440091637,6000.0,41336.08440091637,60.0,0.0,4271.084400916343,0.712671051102727,0.2542312143402585,59.0,0.0,15.0,60.0,0.0,80.5,121.0,32200.0,2.8666666666666667,4.0,53,0.03,80,0.8,Medium,25,53025,15,14,10
Optimal,7.240730047225952,,46050.2464008257,6000.0,40050.2464008257,60.0,0.0,4400.246400825687,0.712671051102727,0.2619194286205766,66.0,0.0,15.0,60.0,0.0,76.8,122.0,30720.0,3.2,4.0,53,0.03,80,0.8,Medium,26,53026,15,14,10
Optimal,8.785303115844727,,47081.41290315556,6000.0,41081.41290315556,60.0,0.0,4481.412903155525,0.7126710511027269,0.2667507680449717,63.0,0.0,15.0,60.0,0.0,76.7,127.0,30680.0,3.2666666666666666,4.0,53,0.03,80,0.8,Medium,27,53027,15,14,10
Optimal,6.1157238483428955,,48890.84997229032,6000.0,42890.84997229032,60.0,0.0,4130.849972290294,0.712671051102727,0.2458839269220413,58.0,0.0,15.0,60.0,0.0,84.8,122.0,33920.0,3.2,4.0,53,0.03,80,0.8,Medium,28,53028,15,14,10
Optimal,7.711389064788818,,47463.79477189524,6000.0,41463.79477189524,60.0,0.0,4373.794771895206,0.712671051102727,0.2603449268985242,59.0,0.0,15.0,60.0,0.0,82.3,129.0,32920.0,3.066666666666667,4.0,53,0.03,80,0.8,Medium,29,53029,15,14,10
Optimal,6.225393056869507,,48310.08352993329,6000.0,42310.08352993329,60.0,0.0,4100.083529933255,0.712671051102727,0.2440525910674556,56.0,0.0,15.0,60.0,0.0,83.2,122.0,33280.0,3.066666666666667,4.0,53,0.03,80,0.8,Medium,30,53030,15,14,10
Optimal,9.802103042602539,,51288.087478641224,7200.0,44088.087478641224,72.0,0.0,5798.087478641162,0.712671051102727,0.28760354556751794,75.0,0.0,18.0,72.0,0.0,85.06666666666666,182.0,38280.0,3.111111111111111,4.0,54,0.03,80,0.8,High,1,54001,18,14,15
Optimal,13.683850288391113,,48731.08105495575,7200.0,41531.08105495575,72.0,0.0,6101.081054955703,0.7126710511027269,0.30263298883708845,91.0,0.0,18.0,72.0,0.0,78.73333333333333,184.0,35430.0,3.2777777777777777,4.0,54,0.03,80,0.8,High,2,54002,18,14,15
Optimal,14.272409915924072,,49758.75929838006,7200.0,42558.75929838006,72.0,0.0,5758.759298380014,0.7126710511027269,0.2856527429751991,84.0,0.0,18.0,72.0,0.0,81.73333333333333,184.0,36780.0,3.2777777777777777,4.0,54,0.03,80,0.8,High,3,54003,18,14,15
Optimal,6.528743267059326,,51024.77225478673,7200.0,43824.77225478673,72.0,0.0,6024.7722547866815,0.712671051102727,0.2988478300985457,80.0,0.0,18.0,72.0,0.0,83.86666666666666,186.0,37740.0,2.8333333333333335,4.0,54,0.03,80,0.8,High,4,54004,18,14,15
Optimal,11.70638394355774,,49792.71049937425,7200.0,42592.71049937425,72.0,0.0,5892.710499374189,0.7126710511027269,0.2922971477864181,84.0,0.0,18.0,72.0,0.0,81.53333333333333,184.0,36690.0,3.388888888888889,4.0,54,0.03,80,0.8,High,5,54005,18,14,15
Optimal,12.45475721359253,,49867.21541863418,7200.0,42667.21541863418,72.0,0.0,5737.215418634125,0.7126710511027269,0.284584098146534,82.0,0.0,18.0,72.0,0.0,82.06666666666666,182.0,36930.0,2.9444444444444446,4.0,54,0.03,80,0.8,High,6,54006,18,14,15
Optimal,6.104036092758179,,50066.19190648188,7200.0,42866.19190648188,72.0,0.0,5676.19190648183,0.7453737477502635,0.28155713821834477,79.0,0.0,18.0,72.0,0.0,82.6,180.0,37170.0,2.9444444444444446,4.0,54,0.03,80,0.8,High,7,54007,18,14,15
Optimal,9.065630912780762,,49798.904686498136,7200.0,42598.904686498136,72.0,0.0,5898.904686498085,0.7453737477502635,0.29260439913184944,86.0,0.0,18.0,72.0,0.0,81.53333333333333,180.0,36690.0,2.9444444444444446,4.0,54,0.03,80,0.8,High,8,54008,18,14,15
Optimal,9.457592010498047,,49791.08552856691,7200.0,42591.08552856691,72.0,0.0,5991.08552856686,0.7453737477502635,0.2971768615360546,86.0,0.0,18.0,72.0,0.0,81.33333333333333,187.0,36600.0,3.111111111111111,4.0,54,0.03,80,0.8,High,9,54009,18,14,15
Optimal,6.7828590869903564,,49947.37967703631,7200.0,42747.37967703631,72.0,0.0,5957.379677036261,0.7453737477502635,0.29550494429743357,81.0,0.0,18.0,72.0,0.0,81.73333333333333,191.0,36780.0,3.0555555555555554,4.0,54,0.03,80,0.8,High,10,54010,18,14,15
Optimal,5.960479021072388,,49854.951801538846,7200.0,42654.951801538846,72.0,0.0,6114.951801538809,0.7453737477502635,0.30332102190172666,83.0,0.0,18.0,72.0,0.0,81.2,182.0,36540.0,2.611111111111111,4.0,54,0.03,80,0.8,High,11,54011,18,14,15
Optimal,8.736272811889648,,49798.59941870781,7200.0,42598.59941870781,72.0,0.0,5898.599418707754,0.7453737477502635,0.29258925688034493,76.0,0.0,18.0,72.0,0.0,81.53333333333333,180.0,36690.0,2.611111111111111,4.0,54,0.03,80,0.8,High,12,54012,18,14,15
Optimal,8.793540239334106,,50614.55179058224,7200.0,43414.55179058224,72.0,0.0,6054.5517905821835,0.7126710511027269,0.3003249896122115,84.0,0.0,18.0,72.0,0.0,83.0,190.0,37350.0,2.6666666666666665,4.0,54,0.03,80,0.8,High,13,54013,18,14,15
Optimal,10.619658946990967,,50047.66733313716,7200.0,42847.66733313716,72.0,0.0,5727.667333137108,0.7126710511027269,0.2841104827944994,83.0,0.0,18.0,72.0,0.0,82.46666666666667,185.0,37110.0,3.3333333333333335,4.0,54,0.03,80,0.8,High,14,54014,18,14,15
Optimal,11.670131206512451,,50335.051937184515,7200.0,43135.051937184515,72.0,0.0,5875.0519371844575,0.7453737477502635,0.2914212270428798,78.0,0.0,18.0,72.0,0.0,82.8,183.0,37260.0,2.8333333333333335,4.0,54,0.03,80,0.8,High,15,54015,18,14,15
Optimal,5.844645023345947,,49000.19748689,7200.0,41800.19748689,72.0,0.0,6165.197486889934,0.7453737477502635,0.30581336740525467,85.0,0.0,18.0,72.0,0.0,79.13333333333334,176.0,35610.0,2.7222222222222223,4.0,54,0.03,80,0.8,High,16,54016,18,14,15
Optimal,17.732829809188843,,48099.218639957995,7200.0,40899.218639957995,72.0,0.0,6119.218639957939,0.7126710511027269,0.30353267063283423,85.0,0.0,18.0,72.0,0.0,77.26666666666667,175.0,34770.0,2.9444444444444446,4.0,54,0.03,80,0.8,High,17,54017,18,14,15
Optimal,14.28933310508728,,49743.51306086746,7200.0,42543.51306086746,72.0,0.0,6243.513060867395,0.7126710511027269,0.30969806849540654,90.0,0.0,18.0,72.0,0.0,80.66666666666667,181.0,36300.0,2.9444444444444446,4.0,54,0.03,80,0.8,High,18,54018,18,14,15
Optimal,9.538443088531494,,50189.03723773215,7200.0,42989.03723773215,72.0,0.0,5339.037237732101,0.7453737477502635,0.26483319631607644,76.0,0.0,18.0,72.0,0.0,83.66666666666667,188.0,37650.0,3.388888888888889,4.0,54,0.03,80,0.8,High,19,54019,18,14,15
Optimal,5.743177890777588,,49242.61569278661,7200.0,42042.61569278661,72.0,0.0,6342.615692786577,0.712671051102727,0.31461387365012783,94.0,0.0,18.0,72.0,0.0,79.26666666666667,179.0,35670.0,2.888888888888889,4.0,54,0.03,80,0.8,High,20,54020,18,14,15
Optimal,5.14975905418396,,49211.223881972976,7200.0,42011.223881972976,72.0,0.0,5971.223881972926,0.7453737477502635,0.2961916608121491,86.0,0.0,18.0,72.0,0.0,80.0,186.0,36000.0,2.9444444444444446,4.0,54,0.03,80,0.8,High,21,54021,18,14,15
Optimal,12.5088529586792,,49770.0258528831,7200.0,42570.0258528831,72.0,0.0,6240.025852883038,0.7126710511027269,0.3095250919088809,91.0,0.0,18.0,72.0,0.0,80.73333333333333,186.0,36330.0,3.1666666666666665,4.0,54,0.03,80,0.8,High,22,54022,18,14,15
Optimal,8.660835981369019,,51517.752294934915,7200.0,44317.752294934915,72.0,0.0,5777.7522949348795,0.712671051102727,0.2865948558995476,83.0,0.0,18.0,72.0,0.0,85.6,195.0,38520.0,2.7777777777777777,4.0,54,0.03,80,0.8,High,23,54023,18,14,15
Optimal,8.060786962509155,,48899.7887055783,7200.0,41699.7887055783,72.0,0.0,5869.788705578243,0.7179727074344718,0.29116015404653983,77.0,0.0,18.0,72.0,0.0,79.53333333333333,183.0,35790.0,2.6666666666666665,4.0,54,0.03,80,0.8,High,24,54024,18,14,15
Optimal,9.164448022842407,,49317.86778910967,7200.0,42117.86778910967,72.0,0.0,5437.867789109619,0.7126710511027269,0.26973550541218344,75.0,0.0,18.0,72.0,0.0,81.46666666666667,185.0,36660.0,3.2222222222222223,4.0,54,0.03,80,0.8,High,25,54025,18,14,15
Optimal,10.10319995880127,,50460.72073459899,7200.0,43260.72073459899,72.0,0.0,5940.720734598932,0.7453737477502635,0.2946786078670105,83.0,0.0,18.0,72.0,0.0,82.93333333333334,190.0,37320.0,2.888888888888889,4.0,54,0.03,80,0.8,High,26,54026,18,14,15
Optimal,10.876834869384766,,51069.91759246831,7200.0,43869.91759246831,72.0,0.0,5499.917592468259,0.7453737477502635,0.27281337264227473,75.0,0.0,18.0,72.0,0.0,85.26666666666667,182.0,38370.0,2.9444444444444446,4.0,54,0.03,80,0.8,High,27,54027,18,14,15
Optimal,5.805335998535156,,50059.713250551875,7200.0,42859.713250551875,72.0,0.0,6264.713250551839,0.7453737477502634,0.3107496652059444,93.0,0.0,18.0,72.0,0.0,81.2,180.0,36540.0,3.0,4.0,54,0.03,80,0.8,High,28,54028,18,14,15
Optimal,11.001672983169556,,49698.23413671547,7200.0,42498.23413671547,72.0,0.0,5878.234136715415,0.7453737477502635,0.29157907424183604,82.0,0.0,18.0,72.0,0.0,81.26666666666667,184.0,36570.0,2.7777777777777777,4.0,54,0.03,80,0.8,High,29,54029,18,14,15
Optimal,10.577463150024414,,49543.97153104608,7200.0,42343.97153104608,72.0,0.0,5623.971531046023,0.7453737477502635,0.2789668418177591,80.0,0.0,18.0,72.0,0.0,81.6,178.0,36720.0,3.0,4.0,54,0.03,80,0.8,High,30,54030,18,14,15
Optimal,0.9375441074371338,,38517.66914230976,2400.0,36117.66914230976,24.0,0.0,427.66914230973225,0.5590446304702382,0.11879698397492562,0.0,0.0,12.0,24.0,0.0,61.6,64.0,24640.0,1.9166666666666667,2.0,55,0.04,30,0.6,Low,1,55001,12,10,5
Optimal,1.0151169300079346,,38582.5121339386,2400.0,36182.5121339386,24.0,0.0,402.5121339385715,0.5590446304702382,0.11180892609404763,0.0,0.0,12.0,24.0,0.0,58.4,61.0,23360.0,1.8333333333333333,2.0,55,0.04,30,0.6,Low,2,55002,12,10,5
Optimal,0.9110851287841797,,37860.89780339565,2400.0,35460.89780339565,24.0,0.0,410.89780339562503,0.5590446304702382,0.11413827872100696,0.0,0.0,12.0,24.0,0.0,57.0,61.0,22800.0,1.9166666666666667,2.0,55,0.04,30,0.6,Low,3,55003,12,10,5
Optimal,0.8840770721435547,,37956.05481176681,2400.0,35556.05481176681,24.0,0.0,436.05481176678575,0.5590446304702382,0.12112633660188493,0.0,0.0,12.0,24.0,0.0,60.2,65.0,24080.0,2.0,2.0,55,0.04,30,0.6,Low,4,55004,12,10,5
Optimal,0.8519039154052734,,38339.2834728527,2400.0,35939.2834728527,24.0,0.0,419.2834728526787,0.5590446304702382,0.1164676313479663,0.0,0.0,12.0,24.0,0.0,61.6,63.0,24640.0,2.0,2.0,55,0.04,30,0.6,Low,5,55005,12,10,5
Optimal,0.9042031764984131,,37700.89780339565,2400.0,35300.89780339565,24.0,0.0,410.89780339562503,0.5590446304702382,0.11413827872100696,0.0,0.0,12.0,24.0,0.0,58.2,65.0,23280.0,1.9166666666666667,2.0,55,0.04,30,0.6,Low,6,55006,12,10,5
Optimal,0.8868789672851562,,38996.05481176681,2400.0,36596.05481176681,24.0,0.0,436.0548117667858,0.5590446304702382,0.12112633660188495,0.0,0.0,12.0,24.0,0.0,60.8,65.0,24320.0,2.0,2.0,55,0.04,30,0.6,Low,7,55007,12,10,5
Optimal,1.0724647045135498,,38182.5121339386,2400.0,35782.5121339386,24.0,0.0,402.5121339385715,0.5590446304702382,0.11180892609404763,0.0,0.0,12.0,24.0,0.0,58.6,63.0,23440.0,1.8333333333333333,2.0,55,0.04,30,0.6,Low,8,55008,12,10,5
Optimal,0.8915309906005859,,40084.126464481546,2400.0,37684.126464481546,24.0,0.0,394.1264644815179,0.5590446304702382,0.10947957346708832,0.0,0.0,12.0,24.0,0.0,60.4,66.0,24160.0,1.9166666666666667,2.0,55,0.04,30,0.6,Low,9,55009,12,10,5
Optimal,0.9087128639221191,,36837.66914230976,2400.0,34437.66914230976,24.0,0.0,427.66914230973225,0.5590446304702382,0.11879698397492562,0.0,0.0,12.0,24.0,0.0,57.6,61.0,23040.0,1.9166666666666667,2.0,55,0.04,30,0.6,Low,10,55010,12,10,5
Optimal,0.8570170402526855,,38562.512133938595,2400.0,36162.512133938595,24.0,0.0,402.5121339385715,0.5590446304702382,0.11180892609404763,0.0,0.0,12.0,24.0,0.0,60.6,64.0,24240.0,2.0,2.0,55,0.04,30,0.6,Low,11,55011,12,10,5
Optimal,0.876666784286499,,38916.27073850073,2400.0,36516.27073850073,24.0,0.0,436.27073850070974,0.5662421882677056,0.12118631625019716,0.0,0.0,12.0,24.0,0.0,59.8,63.0,23920.0,2.0,2.0,55,0.04,30,0.6,Low,12,55012,12,10,5
Optimal,0.9815511703491211,,39061.54558359742,2400.0,36661.54558359742,24.0,0.0,411.5455835973971,0.5662421882677056,0.11431821766594365,0.0,0.0,12.0,24.0,0.0,60.8,67.0,24320.0,1.9166666666666667,2.0,55,0.04,30,0.6,Low,13,55013,12,10,5
Optimal,0.9122147560119629,,37221.113730129575,2400.0,34821.113730129575,24.0,0.0,411.1137301295491,0.5662421882677056,0.1141982583693192,0.0,0.0,12.0,24.0,0.0,58.6,62.0,23440.0,1.9166666666666667,2.0,55,0.04,30,0.6,Low,14,55014,12,10,5
Optimal,0.9527418613433838,,38805.740795024496,2400.0,36405.740795024496,24.0,0.0,385.74079502446426,0.5590446304702382,0.10715022084012896,0.0,0.0,12.0,24.0,0.0,60.4,65.0,24160.0,1.8333333333333333,2.0,55,0.04,30,0.6,Low,15,55015,12,10,5
Optimal,0.9193217754364014,,38004.126464481546,2400.0,35604.126464481546,24.0,0.0,394.1264644815179,0.5590446304702382,0.10947957346708832,0.0,0.0,12.0,24.0,0.0,59.8,68.0,23920.0,1.9166666666666667,2.0,55,0.04,30,0.6,Low,16,55016,12,10,5
Optimal,0.8967411518096924,,37427.35512556744,2400.0,35027.35512556744,24.0,0.0,377.3551255674108,0.5590446304702382,0.10482086821316967,0.0,0.0,12.0,24.0,0.0,59.8,66.0,23920.0,1.9166666666666667,2.0,55,0.04,30,0.6,Low,17,55017,12,10,5
Optimal,0.8782501220703125,,38802.512133938595,2400.0,36402.512133938595,24.0,0.0,402.5121339385715,0.5590446304702382,0.11180892609404763,0.0,0.0,12.0,24.0,0.0,61.6,66.0,24640.0,2.0,2.0,55,0.04,30,0.6,Low,18,55018,12,10,5
Optimal,0.8891830444335938,,39060.89780339565,2400.0,36660.89780339565,24.0,0.0,410.8978033956251,0.5590446304702382,0.11413827872100697,0.0,0.0,12.0,24.0,0.0,61.6,65.0,24640.0,1.9166666666666667,2.0,55,0.04,30,0.6,Low,19,55019,12,10,5
Optimal,0.852957010269165,,36276.27073850073,2400.0,33876.27073850073,24.0,0.0,436.2707385007098,0.5662421882677056,0.12118631625019717,0.0,0.0,12.0,24.0,0.0,58.4,67.0,23360.0,2.0,2.0,55,0.04,30,0.6,Low,20,55020,12,10,5
Optimal,0.8865506649017334,,39940.89780339565,2400.0,37540.89780339565,24.0,0.0,410.8978033956251,0.5590446304702382,0.11413827872100697,0.0,0.0,12.0,24.0,0.0,63.4,66.0,25360.0,1.9166666666666667,2.0,55,0.04,30,0.6,Low,21,55021,12,10,5
Optimal,0.9347319602966309,,39379.2834728527,2400.0,36979.2834728527,24.0,0.0,419.2834728526787,0.5590446304702382,0.1164676313479663,0.0,0.0,12.0,24.0,0.0,60.2,66.0,24080.0,2.0,2.0,55,0.04,30,0.6,Low,22,55022,12,10,5
Optimal,0.8942348957061768,,37716.05481176681,2400.0,35316.05481176681,24.0,0.0,436.0548117667858,0.5590446304702382,0.12112633660188495,0.0,0.0,12.0,24.0,0.0,59.6,68.0,23840.0,2.0,2.0,55,0.04,30,0.6,Low,23,55023,12,10,5
Optimal,0.888120174407959,,38085.740795024496,2400.0,35685.740795024496,24.0,0.0,385.7407950244644,0.5590446304702382,0.10715022084012898,0.0,0.0,12.0,24.0,0.0,57.8,64.0,23120.0,1.8333333333333333,2.0,55,0.04,30,0.6,Low,24,55024,12,10,5
Optimal,0.8413817882537842,,37202.512133938595,2400.0,34802.512133938595,24.0,0.0,402.5121339385715,0.5590446304702382,0.11180892609404763,0.0,0.0,12.0,24.0,0.0,58.0,62.0,23200.0,2.0,2.0,55,0.04,30,0.6,Low,25,55025,12,10,5
Optimal,0.9216399192810059,,38036.27073850073,2400.0,35636.27073850073,24.0,0.0,436.2707385007098,0.5662421882677056,0.12118631625019717,0.0,0.0,12.0,24.0,0.0,59.2,64.0,23680.0,2.0,2.0,55,0.04,30,0.6,Low,26,55026,12,10,5
Optimal,0.9068388938903809,,37382.5121339386,2400.0,34982.5121339386,24.0,0.0,402.5121339385713,0.5590446304702382,0.11180892609404759,0.0,0.0,12.0,24.0,0.0,58.0,64.0,23200.0,1.8333333333333333,2.0,55,0.04,30,0.6,Low,27,55027,12,10,5
Optimal,0.8965089321136475,,37636.05481176681,2400.0,35236.05481176681,24.0,0.0,436.0548117667858,0.5590446304702382,0.12112633660188495,0.0,0.0,12.0,24.0,0.0,58.8,62.0,23520.0,2.0,2.0,55,0.04,30,0.6,Low,28,55028,12,10,5
Optimal,0.8976888656616211,,38980.89780339565,2400.0,36580.89780339565,24.0,0.0,410.8978033956251,0.5590446304702382,0.11413827872100697,0.0,0.0,12.0,24.0,0.0,59.6,65.0,23840.0,1.9166666666666667,2.0,55,0.04,30,0.6,Low,29,55029,12,10,5
Optimal,1.0152242183685303,,38245.95672175842,2400.0,35845.95672175842,24.0,0.0,385.9567217583884,0.5662421882677056,0.10721020048844122,0.0,0.0,12.0,24.0,0.0,60.4,65.0,24160.0,1.8333333333333333,2.0,55,0.04,30,0.6,Low,30,55030,12,10,5
Optimal,1.6745820045471191,,52921.60371685733,3000.0,49921.60371685733,30.0,0.0,701.6037168572399,0.5933788277623165,0.11136566934241904,0.0,0.0,15.0,30.0,0.0,107.3,131.0,42920.0,1.7333333333333334,2.0,56,0.04,30,0.6,Medium,1,56001,15,14,10
Optimal,1.863393783569336,,52840.68042399286,3000.0,49840.68042399286,30.0,0.0,620.6804239927928,0.46492915654890854,0.09852070222107821,0.0,0.0,15.0,30.0,0.0,109.0,126.0,43600.0,1.6666666666666667,2.0,56,0.04,30,0.6,Medium,2,56002,15,14,10
Optimal,1.6363880634307861,,52792.43114434197,3000.0,49792.43114434197,30.0,0.0,712.4311443418758,0.5933788277623165,0.11308430862569457,0.0,0.0,15.0,30.0,0.0,108.9,130.0,43560.0,1.7333333333333334,2.0,56,0.04,30,0.6,Medium,3,56003,15,14,10
Optimal,1.5736360549926758,,53854.72416406915,3000.0,50854.72416406915,30.0,0.0,704.7241640690713,0.5933788277623165,0.1118609784236621,0.0,0.0,15.0,30.0,0.0,109.5,133.0,43800.0,1.8,2.0,56,0.04,30,0.6,Medium,4,56004,15,14,10
Optimal,1.7582881450653076,,54530.93011700723,3000.0,51530.93011700723,30.0,0.0,795.9301170071313,0.5933788277623165,0.12633811381065577,0.0,0.0,15.0,30.0,0.0,110.6,128.0,44240.0,1.8,2.0,56,0.04,30,0.6,Medium,5,56005,15,14,10
Optimal,1.6902110576629639,,53676.92279923628,3000.0,50676.92279923628,30.0,0.0,686.9227992362019,0.5933788277623165,0.10903536495812728,0.0,0.0,15.0,30.0,0.0,110.4,129.0,44160.0,1.8666666666666667,2.0,56,0.04,30,0.6,Medium,6,56006,15,14,10
Optimal,2.441051959991455,,54304.62829868932,3000.0,51304.62829868932,30.0,0.0,634.6282986892601,0.46492915654890854,0.10073465058559683,0.0,0.0,15.0,30.0,0.0,109.2,124.0,43680.0,1.8,2.0,56,0.04,30,0.6,Medium,7,56007,15,14,10
Optimal,1.8818800449371338,,54178.57617338578,3000.0,51178.57617338578,30.0,0.0,648.5761733857272,0.46492915654890854,0.10294859895011543,0.0,0.0,15.0,30.0,0.0,109.3,128.0,43720.0,1.8,2.0,56,0.04,30,0.6,Medium,8,56008,15,14,10
Optimal,1.7141029834747314,,53296.09537175164,3000.0,50296.09537175164,30.0,0.0,676.095371751566,0.5933788277623165,0.10731672567485175,0.0,0.0,15.0,30.0,0.0,110.5,130.0,44200.0,1.8666666666666667,2.0,56,0.04,30,0.6,Medium,9,56009,15,14,10
Optimal,1.8984670639038086,,53557.654361341076,3000.0,50557.654361341076,30.0,0.0,627.6543613410265,0.46492915654890854,0.09962767640333753,0.0,0.0,15.0,30.0,0.0,108.3,123.0,43320.0,1.8,2.0,56,0.04,30,0.6,Medium,10,56010,15,14,10
Optimal,2.022186040878296,,53308.83679990348,2900.0,50408.83679990348,29.0,0.0,578.8367999033911,0.46492915654890854,0.0918788571275224,0.0,0.0,15.0,29.0,0.0,108.0,124.0,43200.0,1.6,2.0,56,0.04,30,0.6,Medium,11,56011,15,14,10
Optimal,1.8906381130218506,,52584.62829868931,3000.0,49584.62829868931,30.0,0.0,634.6282986892601,0.46492915654890854,0.10073465058559683,0.0,0.0,15.0,30.0,0.0,105.9,126.0,42360.0,1.8666666666666667,2.0,56,0.04,30,0.6,Medium,12,56012,15,14,10
Optimal,1.6004271507263184,,53383.069309099876,3000.0,50383.069309099876,30.0,0.0,683.0693090997995,0.5933788277623165,0.10842369985711103,0.0,0.0,15.0,30.0,0.0,109.3,127.0,43720.0,1.8666666666666667,2.0,56,0.04,30,0.6,Medium,13,56013,15,14,10
Optimal,1.7231101989746094,,54299.68922258356,3000.0,51299.68922258356,30.0,0.0,789.6892225834686,0.5933788277623165,0.1253474956481696,0.0,0.0,15.0,30.0,0.0,110.5,129.0,44200.0,1.8666666666666667,2.0,56,0.04,30,0.6,Medium,14,56014,15,14,10
Optimal,1.9576401710510254,,53563.5761733858,3000.0,50563.5761733858,30.0,0.0,648.5761733857274,0.46492915654890854,0.10294859895011546,0.0,0.0,15.0,30.0,0.0,108.0,128.0,43200.0,1.6666666666666667,2.0,56,0.04,30,0.6,Medium,15,56015,15,14,10
Optimal,2.3740580081939697,,53492.26888522522,3000.0,50492.26888522522,30.0,0.0,612.2688852251471,0.46492915654890854,0.09718553733732493,0.0,0.0,15.0,30.0,0.0,110.2,130.0,44080.0,1.7333333333333334,2.0,56,0.04,30,0.6,Medium,16,56016,15,14,10
Optimal,2.1120669841766357,,53649.75861194816,3000.0,50649.75861194816,30.0,0.0,599.7586119480919,0.46492915654890854,0.09519977967430031,0.0,0.0,15.0,30.0,0.0,111.2,124.0,44480.0,1.7333333333333334,2.0,56,0.04,30,0.6,Medium,17,56017,15,14,10
Optimal,1.6130211353302002,,54008.87789301169,3000.0,51008.87789301169,30.0,0.0,628.8778930116056,0.46492915654890854,0.09982188777961994,0.0,0.0,15.0,30.0,0.0,111.3,125.0,44520.0,1.4666666666666666,2.0,56,0.04,30,0.6,Medium,18,56018,15,14,10
Optimal,2.183422803878784,,53519.75861194815,3000.0,50519.75861194815,30.0,0.0,599.7586119480919,0.46492915654890854,0.09519977967430031,0.0,0.0,15.0,30.0,0.0,110.2,130.0,44080.0,1.7333333333333334,2.0,56,0.04,30,0.6,Medium,19,56019,15,14,10
Optimal,2.049199104309082,,54447.78467459992,3000.0,51447.78467459992,30.0,0.0,592.7846745998582,0.46492915654890854,0.09409280549204099,0.0,0.0,15.0,30.0,0.0,113.5,133.0,45400.0,1.7333333333333334,2.0,56,0.04,30,0.6,Medium,20,56020,15,14,10
Optimal,1.9571001529693604,,54394.62829868934,3200.0,51194.62829868934,26.0,4.0,634.6282986892602,0.46492915654890854,0.10073465058559684,0.0,0.0,15.0,26.0,4.0,110.0,126.0,44000.0,1.4666666666666666,2.0,56,0.04,30,0.6,Medium,21,56021,15,14,10
Optimal,1.629103183746338,,53550.96555209942,3000.0,50550.96555209942,30.0,0.0,730.965552099316,0.5933788277623165,0.11602627811100255,0.0,0.0,15.0,30.0,0.0,109.0,126.0,43600.0,1.6,2.0,56,0.04,30,0.6,Medium,22,56022,15,14,10
Optimal,1.6984889507293701,,53881.603716857324,3000.0,50881.603716857324,30.0,0.0,701.6037168572399,0.5933788277623165,0.11136566934241904,0.0,0.0,15.0,30.0,0.0,111.4,129.0,44560.0,1.8666666666666667,2.0,56,0.04,30,0.6,Medium,23,56023,15,14,10
Optimal,1.6252100467681885,,53678.38839147884,3000.0,50678.38839147884,30.0,0.0,668.3883914787615,0.5933788277623165,0.10609339547281928,0.0,0.0,15.0,30.0,0.0,111.3,126.0,44520.0,1.8,2.0,56,0.04,30,0.6,Medium,24,56024,15,14,10
Optimal,1.8646190166473389,,53155.28948421642,3000.0,50155.28948421642,30.0,0.0,725.2894842162973,0.46492915654890854,0.11512531495496782,0.0,0.0,15.0,30.0,0.0,106.4,125.0,42560.0,1.7333333333333334,2.0,56,0.04,30,0.6,Medium,25,56025,15,14,10
Optimal,1.7014479637145996,,52904.72416406915,3000.0,49904.72416406915,30.0,0.0,704.7241640690713,0.5933788277623165,0.1118609784236621,0.0,0.0,15.0,30.0,0.0,108.2,127.0,43280.0,1.8,2.0,56,0.04,30,0.6,Medium,26,56026,15,14,10
Optimal,1.5690281391143799,,53311.60371685733,3000.0,50311.60371685733,30.0,0.0,701.6037168572399,0.5933788277623165,0.11136566934241904,0.0,0.0,15.0,30.0,0.0,110.8,131.0,44320.0,1.7333333333333334,2.0,56,0.04,30,0.6,Medium,27,56027,15,14,10
Optimal,1.9453010559082031,,53054.758611948164,3000.0,50054.758611948164,30.0,0.0,599.7586119480919,0.46492915654890854,0.09519977967430031,0.0,0.0,15.0,30.0,0.0,110.7,124.0,44280.0,1.6,2.0,56,0.04,30,0.6,Medium,28,56028,15,14,10
Optimal,1.7358767986297607,,53003.89673658451,3000.0,50003.89673658451,30.0,0.0,693.8967365844354,0.5933788277623165,0.11014233914038657,0.0,0.0,15.0,30.0,0.0,108.4,130.0,43360.0,1.8666666666666667,2.0,56,0.04,30,0.6,Medium,29,56029,15,14,10
Optimal,1.728010892868042,,53889.94886188806,3000.0,50889.94886188806,30.0,0.0,679.9488618879682,0.5933788277623165,0.10792839077586797,0.0,0.0,15.0,30.0,0.0,109.0,127.0,43600.0,1.7333333333333334,2.0,56,0.04,30,0.6,Medium,30,56030,15,14,10
Optimal,2.2473580837249756,,57661.93389928894,3600.0,54061.93389928894,36.0,0.0,1011.9338992888257,0.5933788277623165,0.1338536903821198,0.0,0.0,18.0,36.0,0.0,117.8,184.0,53010.0,1.8333333333333333,2.0,57,0.04,30,0.6,High,1,57001,18,14,15
Optimal,2.2326948642730713,,58356.74216852928,3600.0,54756.74216852928,36.0,0.0,871.7421685292035,0.46492915654890854,0.11530981065201104,0.0,0.0,18.0,36.0,0.0,119.53333333333333,189.0,53790.0,1.7222222222222223,2.0,57,0.04,30,0.6,High,2,57002,18,14,15
Optimal,2.709106922149658,,57147.794293832805,3600.0,53547.794293832805,36.0,0.0,857.7942938327362,0.46492915654890854,0.11346485368157887,0.0,0.0,18.0,36.0,0.0,116.86666666666666,187.0,52590.0,1.7222222222222223,2.0,57,0.04,30,0.6,High,3,57003,18,14,15
Optimal,2.157137155532837,,57302.92460709164,3500.0,53802.92460709164,35.0,0.0,822.9246070915681,0.46492915654890854,0.10885246125549843,0.0,0.0,18.0,35.0,0.0,117.6,186.0,52920.0,1.7222222222222223,2.0,57,0.04,30,0.6,High,4,57004,18,14,15
Optimal,2.7921881675720215,,57567.79429383284,3600.0,53967.79429383284,36.0,0.0,857.7942938327363,0.46492915654890854,0.11346485368157888,0.0,0.0,18.0,36.0,0.0,117.8,192.0,53010.0,1.6111111111111112,2.0,57,0.04,30,0.6,High,5,57005,18,14,15
Optimal,3.646183967590332,,57563.84641913634,3600.0,53963.84641913634,36.0,0.0,843.8464191362689,0.46492915654890854,0.11161989671114667,0.0,0.0,18.0,36.0,0.0,117.93333333333334,187.0,53070.0,1.7777777777777777,2.0,57,0.04,30,0.6,High,6,57006,18,14,15
Optimal,2.0608608722686768,,57557.15859710783,3500.0,54057.15859710783,35.0,0.0,987.1585971077227,0.5933788277623165,0.13057653400895802,0.0,0.0,18.0,35.0,0.0,117.86666666666666,188.0,53040.0,1.8333333333333333,2.0,57,0.04,30,0.6,High,7,57007,18,14,15
Optimal,2.258568048477173,,57000.82035648455,3600.0,53400.82035648455,36.0,0.0,850.8203564845027,0.46492915654890854,0.11254237519636277,0.0,0.0,18.0,36.0,0.0,116.73333333333333,188.0,52530.0,1.8888888888888888,2.0,57,0.04,30,0.6,High,8,57008,18,14,15
Optimal,2.5204150676727295,,57554.76823118104,3600.0,53954.76823118104,36.0,0.0,864.7682311809698,0.46492915654890854,0.11438733216679495,0.0,0.0,18.0,36.0,0.0,117.86666666666666,182.0,53040.0,1.7777777777777777,2.0,57,0.04,30,0.6,High,9,57009,18,14,15
Optimal,2.7295219898223877,,57709.76823118103,3600.0,54109.76823118103,36.0,0.0,864.7682311809698,0.46492915654890854,0.11438733216679495,0.0,0.0,18.0,36.0,0.0,118.2,187.0,53190.0,1.8333333333333333,2.0,57,0.04,30,0.6,High,10,57010,18,14,15
Optimal,2.5641262531280518,,57894.76823118106,3600.0,54294.76823118106,36.0,0.0,864.7682311809698,0.46492915654890854,0.11438733216679495,0.0,0.0,18.0,36.0,0.0,118.6,189.0,53370.0,1.7222222222222223,2.0,57,0.04,30,0.6,High,11,57011,18,14,15
Optimal,2.6372928619384766,,57068.97673239518,3600.0,53468.97673239518,36.0,0.0,808.9767323951007,0.46492915654890854,0.10700750428506624,0.0,0.0,18.0,36.0,0.0,116.86666666666666,191.0,52590.0,1.6666666666666667,2.0,57,0.04,30,0.6,High,12,57012,18,14,15
Optimal,2.7638099193573,,56780.82035648458,3600.0,53180.82035648458,36.0,0.0,850.8203564845027,0.46492915654890854,0.11254237519636277,0.0,0.0,18.0,36.0,0.0,116.13333333333334,191.0,52260.0,1.7222222222222223,2.0,57,0.04,30,0.6,High,13,57013,18,14,15
Optimal,2.8387949466705322,,57626.87248178813,3600.0,54026.87248178813,36.0,0.0,836.8724817880353,0.46492915654890854,0.1106974182259306,0.0,0.0,18.0,36.0,0.0,118.06666666666666,183.0,53130.0,1.7222222222222223,2.0,57,0.04,30,0.6,High,14,57014,18,14,15
Optimal,2.1632330417633057,,57647.79429383282,3600.0,54047.79429383282,36.0,0.0,857.7942938327362,0.46492915654890854,0.11346485368157887,0.0,0.0,18.0,36.0,0.0,118.06666666666666,187.0,53130.0,1.7222222222222223,2.0,57,0.04,30,0.6,High,15,57015,18,14,15
Optimal,2.7303340435028076,,58372.92460709162,3600.0,54772.92460709162,36.0,0.0,822.924607091568,0.46492915654890854,0.10885246125549841,0.0,0.0,18.0,36.0,0.0,119.8,192.0,53910.0,1.8888888888888888,2.0,57,0.04,30,0.6,High,16,57016,18,14,15
Optimal,2.684083938598633,,58192.794293832834,3600.0,54592.794293832834,36.0,0.0,857.7942938327363,0.46492915654890854,0.11346485368157888,0.0,0.0,18.0,36.0,0.0,119.2,196.0,53640.0,1.6666666666666667,2.0,57,0.04,30,0.6,High,17,57017,18,14,15
Optimal,2.9288668632507324,,58512.92460709163,3500.0,55012.92460709163,35.0,0.0,822.924607091568,0.46492915654890854,0.10885246125549841,0.0,0.0,18.0,35.0,0.0,120.26666666666667,187.0,54120.0,1.7777777777777777,2.0,57,0.04,30,0.6,High,18,57018,18,14,15
Optimal,1.9742820262908936,,57773.49436969816,3600.0,54173.49436969816,36.0,0.0,1023.4943696980324,0.5933788277623165,0.13538285313466036,0.0,0.0,18.0,36.0,0.0,118.0,189.0,53100.0,1.7777777777777777,2.0,57,0.04,30,0.6,High,19,57019,18,14,15
Optimal,2.9036290645599365,,58783.84641913633,3500.0,55283.84641913633,35.0,0.0,843.8464191362689,0.46492915654890854,0.11161989671114667,0.0,0.0,18.0,35.0,0.0,120.86666666666666,187.0,54390.0,1.7777777777777777,2.0,57,0.04,30,0.6,High,20,57020,18,14,15
Optimal,2.366284132003784,,56541.74216852926,3600.0,52941.74216852926,36.0,0.0,871.7421685292035,0.46492915654890854,0.11530981065201104,0.0,0.0,18.0,36.0,0.0,115.66666666666667,183.0,52050.0,1.8888888888888888,2.0,57,0.04,30,0.6,High,21,57021,18,14,15
Optimal,2.335815906524658,,58288.30510697143,3600.0,54688.30510697143,36.0,0.0,983.3051069713204,0.5933788277623165,0.1300668130914445,0.0,0.0,18.0,36.0,0.0,119.26666666666667,192.0,53670.0,1.8888888888888888,2.0,57,0.04,30,0.6,High,22,57022,18,14,15
Optimal,2.61533784866333,,57923.84641913634,3600.0,54323.84641913634,36.0,0.0,843.8464191362689,0.46492915654890854,0.11161989671114668,0.0,0.0,18.0,36.0,0.0,118.73333333333333,192.0,53430.0,1.7777777777777777,2.0,57,0.04,30,0.6,High,23,57023,18,14,15
Optimal,2.9363677501678467,,56512.92460709164,3600.0,52912.92460709164,36.0,0.0,822.9246070915681,0.46492915654890854,0.10885246125549843,0.0,0.0,18.0,36.0,0.0,115.66666666666667,187.0,52050.0,1.7777777777777777,2.0,57,0.04,30,0.6,High,24,57024,18,14,15
Optimal,2.192032814025879,,57457.79429383278,3600.0,53857.79429383278,36.0,0.0,857.7942938327362,0.46492915654890854,0.11346485368157887,0.0,0.0,18.0,36.0,0.0,117.73333333333333,186.0,52980.0,1.9444444444444444,2.0,57,0.04,30,0.6,High,25,57025,18,14,15
Optimal,2.203930139541626,,56907.7942938328,3600.0,53307.7942938328,36.0,0.0,857.7942938327362,0.46492915654890854,0.11346485368157887,0.0,0.0,18.0,36.0,0.0,116.46666666666667,190.0,52410.0,1.8333333333333333,2.0,57,0.04,30,0.6,High,26,57026,18,14,15
Optimal,2.2320749759674072,,57457.79429383282,3600.0,53857.79429383282,36.0,0.0,857.7942938327362,0.46492915654890854,0.11346485368157887,0.0,0.0,18.0,36.0,0.0,117.66666666666667,189.0,52950.0,1.7222222222222223,2.0,57,0.04,30,0.6,High,27,57027,18,14,15
Optimal,2.878361701965332,,56983.13689058754,3600.0,53383.13689058754,36.0,0.0,983.1368905873935,0.5933788277623165,0.13004456224700972,0.0,0.0,18.0,36.0,0.0,116.33333333333333,186.0,52350.0,1.7222222222222223,2.0,57,0.04,30,0.6,High,28,57028,18,14,15
Optimal,3.7285499572753906,,57676.24965753903,3600.0,54076.24965753903,36.0,0.0,856.2496575389104,0.46492915654890854,0.11326053671149608,0.0,0.0,18.0,36.0,0.0,118.06666666666666,184.0,53130.0,1.6111111111111112,2.0,57,0.04,30,0.6,High,29,57029,18,14,15
Optimal,2.8284308910369873,,56077.79429383281,3600.0,52477.79429383281,36.0,0.0,857.7942938327363,0.46492915654890854,0.11346485368157888,0.0,0.0,18.0,36.0,0.0,114.53333333333333,191.0,51540.0,1.7222222222222223,2.0,57,0.04,30,0.6,High,30,57030,18,14,15
Optimal,1.051738977432251,,38516.27073850073,2400.0,36116.27073850073,24.0,0.0,436.2707385007098,0.5662421882677056,0.12118631625019717,0.0,0.0,12.0,24.0,0.0,61.2,71.0,24480.0,2.0,2.0,58,0.04,30,0.7,Low,1,58001,12,10,5
Optimal,1.0944788455963135,,39076.05481176681,2400.0,36676.05481176681,24.0,0.0,436.0548117667858,0.5590446304702382,0.12112633660188495,0.0,0.0,12.0,24.0,0.0,62.4,68.0,24960.0,2.0,2.0,58,0.04,30,0.7,Low,2,58002,12,10,5
Optimal,1.1114978790283203,,38404.126464481546,2400.0,36004.126464481546,24.0,0.0,394.12646448151776,0.5590446304702382,0.10947957346708827,0.0,0.0,12.0,24.0,0.0,59.8,68.0,23920.0,1.9166666666666667,2.0,58,0.04,30,0.7,Low,3,58003,12,10,5
Optimal,1.1458439826965332,,38499.2834728527,2400.0,36099.2834728527,24.0,0.0,419.2834728526787,0.5590446304702382,0.1164676313479663,0.0,0.0,12.0,24.0,0.0,61.4,64.0,24560.0,2.0,2.0,58,0.04,30,0.7,Low,4,58004,12,10,5
Optimal,1.07411527633667,,38979.2834728527,2400.0,36579.2834728527,24.0,0.0,419.2834728526787,0.5590446304702382,0.1164676313479663,0.0,0.0,12.0,24.0,0.0,63.0,67.0,25200.0,2.0,2.0,58,0.04,30,0.7,Low,5,58005,12,10,5
Optimal,1.1214399337768555,,36500.89780339565,2400.0,34100.89780339565,24.0,0.0,410.8978033956251,0.5590446304702382,0.11413827872100697,0.0,0.0,12.0,24.0,0.0,57.6,58.0,23040.0,1.9166666666666667,2.0,58,0.04,30,0.7,Low,6,58006,12,10,5
Optimal,1.1580963134765625,,38116.05481176681,2400.0,35716.05481176681,24.0,0.0,436.0548117667858,0.5590446304702382,0.12112633660188495,0.0,0.0,12.0,24.0,0.0,59.2,61.0,23680.0,2.0,2.0,58,0.04,30,0.7,Low,7,58007,12,10,5
Optimal,1.1588809490203857,,39556.05481176681,2400.0,37156.05481176681,24.0,0.0,436.0548117667858,0.5590446304702382,0.12112633660188495,0.0,0.0,12.0,24.0,0.0,60.2,64.0,24080.0,2.0,2.0,58,0.04,30,0.7,Low,8,58008,12,10,5
Optimal,1.167525291442871,,38020.89780339565,2400.0,35620.89780339565,24.0,0.0,410.8978033956251,0.5590446304702382,0.11413827872100697,0.0,0.0,12.0,24.0,0.0,59.2,63.0,23680.0,1.9166666666666667,2.0,58,0.04,30,0.7,Low,9,58009,12,10,5
Optimal,1.0523200035095215,,38630.58378665334,2400.0,36230.58378665334,24.0,0.0,360.5837866533036,0.5590446304702382,0.10016216295925101,0.0,0.0,12.0,24.0,0.0,59.0,65.0,23600.0,1.75,2.0,58,0.04,30,0.7,Low,10,58010,12,10,5
Optimal,1.1721458435058594,,40387.35512556744,2400.0,37987.35512556744,24.0,0.0,377.3551255674108,0.5590446304702382,0.10482086821316967,0.0,0.0,12.0,24.0,0.0,62.0,66.0,24800.0,1.9166666666666667,2.0,58,0.04,30,0.7,Low,11,58011,12,10,5
Optimal,1.0635192394256592,,39700.89780339565,2400.0,37300.89780339565,24.0,0.0,410.8978033956251,0.5590446304702382,0.11413827872100697,0.0,0.0,12.0,24.0,0.0,60.8,64.0,24320.0,1.9166666666666667,2.0,58,0.04,30,0.7,Low,12,58012,12,10,5
Optimal,1.0282537937164307,,39316.05481176681,2400.0,36916.05481176681,24.0,0.0,436.05481176678563,0.5590446304702382,0.1211263366018849,0.0,0.0,12.0,24.0,0.0,62.2,66.0,24880.0,2.0,2.0,58,0.04,30,0.7,Low,13,58013,12,10,5
Optimal,1.109179973602295,,38004.126464481546,2400.0,35604.126464481546,24.0,0.0,394.1264644815179,0.5590446304702382,0.10947957346708832,0.0,0.0,12.0,24.0,0.0,58.2,62.0,23280.0,1.9166666666666667,2.0,58,0.04,30,0.7,Low,14,58014,12,10,5
Optimal,1.1748619079589844,,38212.19811719628,2400.0,35812.19811719628,24.0,0.0,352.1981171962501,0.5590446304702382,0.09783281033229169,0.0,0.0,12.0,24.0,0.0,59.8,63.0,23920.0,1.8333333333333333,2.0,58,0.04,30,0.7,Low,15,58015,12,10,5
Optimal,1.1286437511444092,,38196.05481176681,2400.0,35796.05481176681,24.0,0.0,436.0548117667858,0.5590446304702382,0.12112633660188495,0.0,0.0,12.0,24.0,0.0,58.6,61.0,23440.0,2.0,2.0,58,0.04,30,0.7,Low,16,58016,12,10,5
Optimal,1.2244839668273926,,38085.740795024496,2400.0,35685.740795024496,24.0,0.0,385.7407950244644,0.5590446304702382,0.10715022084012898,0.0,0.0,12.0,24.0,0.0,59.4,62.0,23760.0,1.8333333333333333,2.0,58,0.04,30,0.7,Low,17,58017,12,10,5
Optimal,1.0398199558258057,,37828.96945611039,2400.0,35428.96945611039,24.0,0.0,368.9694561103572,0.5590446304702382,0.10249151558621034,0.0,0.0,12.0,24.0,0.0,60.2,64.0,24080.0,1.8333333333333333,2.0,58,0.04,30,0.7,Low,18,58018,12,10,5
Optimal,1.1359779834747314,,38499.2834728527,2400.0,36099.2834728527,24.0,0.0,419.2834728526787,0.5590446304702382,0.1164676313479663,0.0,0.0,12.0,24.0,0.0,58.8,63.0,23520.0,2.0,2.0,58,0.04,30,0.7,Low,19,58019,12,10,5
Optimal,1.1797730922698975,,39445.740795024496,2400.0,37045.740795024496,24.0,0.0,385.7407950244644,0.5590446304702382,0.10715022084012898,0.0,0.0,12.0,24.0,0.0,61.4,66.0,24560.0,1.8333333333333333,2.0,58,0.04,30,0.7,Low,20,58020,12,10,5
Optimal,1.2271101474761963,,38642.512133938595,2400.0,36242.512133938595,24.0,0.0,402.5121339385715,0.5590446304702382,0.11180892609404763,0.0,0.0,12.0,24.0,0.0,58.0,64.0,23200.0,2.0,2.0,58,0.04,30,0.7,Low,21,58021,12,10,5
Optimal,1.226931095123291,,36836.05481176681,2400.0,34436.05481176681,24.0,0.0,436.0548117667858,0.5590446304702382,0.12112633660188495,0.0,0.0,12.0,24.0,0.0,58.6,63.0,23440.0,2.0,2.0,58,0.04,30,0.7,Low,22,58022,12,10,5
Optimal,1.158107042312622,,38037.66914230976,2400.0,35637.66914230976,24.0,0.0,427.66914230973225,0.5590446304702382,0.11879698397492562,0.0,0.0,12.0,24.0,0.0,57.6,63.0,23040.0,1.9166666666666667,2.0,58,0.04,30,0.7,Low,23,58023,12,10,5
Optimal,1.2534809112548828,,38901.54558359742,2400.0,36501.54558359742,24.0,0.0,411.5455835973971,0.5662421882677056,0.11431821766594365,0.0,0.0,12.0,24.0,0.0,61.2,64.0,24480.0,1.9166666666666667,2.0,58,0.04,30,0.7,Low,24,58024,12,10,5
Optimal,1.0762810707092285,,37825.74079502449,2400.0,35425.74079502449,24.0,0.0,385.7407950244644,0.5590446304702382,0.10715022084012898,0.0,0.0,12.0,24.0,0.0,60.0,68.0,24000.0,2.0,2.0,58,0.04,30,0.7,Low,25,58025,12,10,5
Optimal,1.182544231414795,,39779.499399586624,2400.0,37379.499399586624,24.0,0.0,419.4993995866027,0.5662421882677056,0.11652761099627852,0.0,0.0,12.0,24.0,0.0,62.0,65.0,24800.0,2.0,2.0,58,0.04,30,0.7,Low,26,58026,12,10,5
Optimal,1.2038798332214355,,37779.2834728527,2400.0,35379.2834728527,24.0,0.0,419.2834728526787,0.5590446304702382,0.1164676313479663,0.0,0.0,12.0,24.0,0.0,59.4,66.0,23760.0,2.0,2.0,58,0.04,30,0.7,Low,27,58027,12,10,5
Optimal,1.1294479370117188,,38836.05481176681,2400.0,36436.05481176681,24.0,0.0,436.0548117667858,0.5590446304702382,0.12112633660188495,0.0,0.0,12.0,24.0,0.0,61.2,64.0,24480.0,2.0,2.0,58,0.04,30,0.7,Low,28,58028,12,10,5
Optimal,1.0591542720794678,,38722.512133938595,2400.0,36322.512133938595,24.0,0.0,402.5121339385715,0.5590446304702382,0.11180892609404763,0.0,0.0,12.0,24.0,0.0,62.2,67.0,24880.0,2.0,2.0,58,0.04,30,0.7,Low,29,58029,12,10,5
Optimal,1.2649378776550293,,36437.66914230976,2400.0,34037.66914230976,24.0,0.0,427.66914230973225,0.5590446304702382,0.11879698397492562,0.0,0.0,12.0,24.0,0.0,57.6,63.0,23040.0,1.9166666666666667,2.0,58,0.04,30,0.7,Low,30,58030,12,10,5
Optimal,2.0503149032592773,,48741.25173024796,4500.0,44241.25173024796,45.0,0.0,1341.251730247945,0.6937362325279015,0.21289710003935636,43.0,0.0,15.0,45.0,0.0,92.7,128.0,37080.0,2.7333333333333334,3.0,59,0.04,30,0.7,Medium,1,59001,15,14,10
Optimal,2.2799041271209717,,48845.41621996828,4500.0,44345.41621996828,45.0,0.0,1265.416219968286,0.6937362325279015,0.2008597174552835,35.0,0.0,15.0,45.0,0.0,95.1,126.0,38040.0,2.2666666666666666,3.0,59,0.04,30,0.7,Medium,2,59002,15,14,10
Optimal,2.211216926574707,,50134.560121498725,4500.0,45634.560121498725,45.0,0.0,1224.5601214986586,0.6973937348233629,0.19437462246010453,28.0,0.0,15.0,45.0,0.0,100.4,127.0,40160.0,2.066666666666667,3.0,59,0.04,30,0.7,Medium,3,59003,15,14,10
Optimal,2.127493143081665,,49674.20600656224,4400.0,45274.20600656224,44.0,0.0,1239.2060065622206,0.6937362325279015,0.1966993661209874,33.0,0.0,15.0,44.0,0.0,96.5,124.0,38600.0,2.533333333333333,3.0,59,0.04,30,0.7,Medium,4,59004,15,14,10
Optimal,1.989105224609375,,49390.91971992749,4500.0,44890.91971992749,45.0,0.0,1250.9197199274993,0.6937362325279015,0.19855868570277768,40.0,0.0,15.0,45.0,0.0,95.6,123.0,38240.0,2.8,3.0,59,0.04,30,0.7,Medium,5,59005,15,14,10
Optimal,2.351469039916992,,49591.35862020293,4500.0,45091.35862020293,45.0,0.0,1251.3586202029549,0.6937362325279015,0.19862835241316742,36.0,0.0,15.0,45.0,0.0,93.3,129.0,37320.0,2.466666666666667,3.0,59,0.04,30,0.7,Medium,6,59006,15,14,10
Optimal,1.9911999702453613,,50361.358620202955,4500.0,45861.358620202955,45.0,0.0,1251.3586202029549,0.6937362325279015,0.19862835241316742,36.0,0.0,15.0,45.0,0.0,97.2,129.0,38880.0,2.4,3.0,59,0.04,30,0.7,Medium,7,59007,15,14,10
Optimal,2.2134580612182617,,48918.44228262005,4500.0,44418.44228262005,45.0,0.0,1258.4422826200523,0.6937362325279015,0.19975274327302417,35.0,0.0,15.0,45.0,0.0,94.8,133.0,37920.0,2.2666666666666666,3.0,59,0.04,30,0.7,Medium,8,59008,15,14,10
Optimal,3.143324851989746,,51090.318068546825,4500.0,46590.318068546825,45.0,0.0,1340.3180685467978,0.6973937348233629,0.21274889976933298,37.0,0.0,15.0,45.0,0.0,97.5,130.0,39000.0,2.533333333333333,3.0,59,0.04,30,0.7,Medium,9,59009,15,14,10
Optimal,1.978726863861084,,50022.87023397191,4500.0,45522.87023397191,45.0,0.0,1202.870233971911,0.6937362325279015,0.1909317831701446,33.0,0.0,15.0,45.0,0.0,96.2,125.0,38480.0,2.466666666666667,3.0,59,0.04,30,0.7,Medium,10,59010,15,14,10
Optimal,2.1094107627868652,,49461.02944499634,4500.0,44961.02944499634,45.0,0.0,1251.0294449963633,0.6937362325279015,0.19857610238037512,39.0,0.0,15.0,45.0,0.0,94.6,127.0,37840.0,2.6666666666666665,3.0,59,0.04,30,0.7,Medium,11,59011,15,14,10
Optimal,2.1926541328430176,,49800.919719927464,4500.0,45300.919719927464,45.0,0.0,1250.9197199274993,0.6973937348233629,0.19855868570277768,41.0,0.0,15.0,45.0,0.0,95.6,129.0,38240.0,2.8,3.0,59,0.04,30,0.7,Medium,12,59012,15,14,10
Optimal,2.036212921142578,,49404.60413299245,4500.0,44904.60413299245,45.0,0.0,1244.6041329924487,0.6973937348233629,0.19755621158610298,38.0,0.0,15.0,45.0,0.0,93.8,126.0,37520.0,2.6666666666666665,3.0,59,0.04,30,0.7,Medium,13,59013,15,14,10
Optimal,2.0506889820098877,,49760.8757084337,4500.0,45260.8757084337,45.0,0.0,1230.8757084337094,0.6937362325279015,0.19537709657677926,32.0,0.0,15.0,45.0,0.0,94.6,126.0,37840.0,2.2666666666666666,3.0,59,0.04,30,0.7,Medium,14,59014,15,14,10
Optimal,2.4532840251922607,,50794.73493985786,4500.0,46294.73493985786,45.0,0.0,1229.7349398578626,0.6937362325279015,0.19519602219966076,34.0,0.0,15.0,45.0,0.0,97.9,132.0,39160.0,2.466666666666667,3.0,59,0.04,30,0.7,Medium,15,59015,15,14,10
Optimal,2.1961019039154053,,49981.13917006522,4500.0,45481.13917006522,45.0,0.0,1251.139170065227,0.6937362325279015,0.19859351905797254,38.0,0.0,15.0,45.0,0.0,95.1,132.0,38040.0,2.6666666666666665,3.0,59,0.04,30,0.7,Medium,16,59016,15,14,10
Optimal,2.340709686279297,,49639.09779791943,4500.0,45139.09779791943,45.0,0.0,1169.0977979193806,0.6973937348233629,0.1855710790348223,24.0,0.0,15.0,45.0,0.0,98.3,123.0,39320.0,2.4,3.0,59,0.04,30,0.7,Medium,17,59017,15,14,10
Optimal,2.285836935043335,,49134.494407923565,4500.0,44634.494407923565,45.0,0.0,1244.4944079235852,0.6937362325279015,0.19753879490850557,35.0,0.0,15.0,45.0,0.0,95.0,126.0,38000.0,2.533333333333333,3.0,59,0.04,30,0.7,Medium,18,59018,15,14,10
Optimal,2.182420253753662,,49049.84417132014,4500.0,44549.84417132014,45.0,0.0,1209.8441713201446,0.6937362325279015,0.19203875735240392,33.0,0.0,15.0,45.0,0.0,94.2,125.0,37680.0,2.3333333333333335,3.0,59,0.04,30,0.7,Medium,19,59019,15,14,10
Optimal,2.3031632900238037,,49600.809994858595,4500.0,45100.809994858595,45.0,0.0,1250.8099948586355,0.6937362325279014,0.19854126902518024,41.0,0.0,15.0,45.0,0.0,94.6,128.0,37840.0,2.8,3.0,59,0.04,30,0.7,Medium,20,59020,15,14,10
Optimal,2.1212668418884277,,49127.30102043761,4500.0,44627.30102043761,45.0,0.0,1237.301020437624,0.6937362325279015,0.1963969873710514,37.0,0.0,15.0,45.0,0.0,94.1,123.0,37640.0,2.6666666666666665,3.0,59,0.04,30,0.7,Medium,21,59021,15,14,10
Optimal,2.161052942276001,,49079.40527104466,4500.0,44579.40527104466,45.0,0.0,1209.405271044689,0.6937362325279015,0.19196909064201415,37.0,0.0,15.0,45.0,0.0,95.1,125.0,38040.0,2.6666666666666665,3.0,59,0.04,30,0.7,Medium,22,59022,15,14,10
Optimal,2.010042905807495,,49373.43703493891,4500.0,44873.43703493891,45.0,0.0,1283.437034938883,0.6973937348233629,0.20372016427601317,34.0,0.0,15.0,45.0,0.0,94.3,119.0,37720.0,2.533333333333333,3.0,59,0.04,30,0.7,Medium,23,59023,15,14,10
Optimal,2.2614479064941406,,50004.068013043056,4400.0,45604.068013043056,44.0,0.0,1144.0680130430744,0.6973937348233629,0.1815980973084245,33.0,0.0,15.0,44.0,0.0,98.1,138.0,39240.0,2.533333333333333,3.0,59,0.04,30,0.7,Medium,24,59024,15,14,10
Optimal,2.1042449474334717,,48163.46287080999,4500.0,43663.46287080999,45.0,0.0,1223.4628708100204,0.6937362325279015,0.19420045568413022,36.0,0.0,15.0,45.0,0.0,91.9,125.0,36760.0,2.533333333333333,3.0,59,0.04,30,0.7,Medium,25,59025,15,14,10
Optimal,2.049943685531616,,49059.40527104466,4500.0,44559.40527104466,45.0,0.0,1209.4052710446892,0.6937362325279015,0.19196909064201417,37.0,0.0,15.0,45.0,0.0,93.4,132.0,37360.0,2.6,3.0,59,0.04,30,0.7,Medium,26,59026,15,14,10
Optimal,2.3582677841186523,,48447.3010204376,4500.0,43947.3010204376,45.0,0.0,1237.301020437624,0.6937362325279015,0.1963969873710514,37.0,0.0,15.0,45.0,0.0,92.2,124.0,36880.0,2.6666666666666665,3.0,59,0.04,30,0.7,Medium,27,59027,15,14,10
Optimal,2.135120153427124,,49701.68779540956,4500.0,45201.68779540956,45.0,0.0,1251.6877954095462,0.6973937348233629,0.19868060244595973,37.0,0.0,15.0,45.0,0.0,95.5,123.0,38200.0,2.6,3.0,59,0.04,30,0.7,Medium,28,59028,15,14,10
Optimal,2.165107011795044,,49729.405271044656,4500.0,45229.405271044656,45.0,0.0,1209.405271044689,0.6937362325279015,0.19196909064201415,37.0,0.0,15.0,45.0,0.0,95.5,126.0,38200.0,2.6666666666666665,3.0,59,0.04,30,0.7,Medium,29,59029,15,14,10
Optimal,2.20671010017395,,48616.70838359949,4500.0,44116.70838359949,45.0,0.0,1216.7083835995145,0.6973937348233629,0.19312831485706577,36.0,0.0,15.0,45.0,0.0,93.5,124.0,37400.0,2.7333333333333334,3.0,59,0.04,30,0.7,Medium,30,59030,15,14,10
Optimal,2.8929007053375244,,52486.15445952576,5300.0,47186.15445952576,53.0,0.0,1696.154459525813,0.6937362325279015,0.22435905549283244,50.0,0.0,18.0,53.0,0.0,101.06666666666666,190.0,45480.0,2.7222222222222223,3.0,60,0.04,30,0.7,High,1,60001,18,14,15
Optimal,2.8440258502960205,,52026.3081960884,5400.0,46626.3081960884,54.0,0.0,1716.3081960884672,0.6937362325279015,0.22702489366249565,57.0,0.0,18.0,54.0,0.0,99.8,185.0,44910.0,2.8333333333333335,3.0,60,0.04,30,0.7,High,2,60002,18,14,15
Optimal,2.7095651626586914,,51339.838872590735,5400.0,45939.838872590735,54.0,0.0,1689.8388725907625,0.6937362325279015,0.2235236603956035,44.0,0.0,18.0,54.0,0.0,98.2,190.0,44190.0,2.4444444444444446,3.0,60,0.04,30,0.7,High,3,60003,18,14,15
Optimal,3.3719241619110107,,51101.91626450727,5400.0,45701.91626450727,54.0,0.0,1811.9162645072488,0.6937362325279015,0.2396714635591599,52.0,0.0,18.0,54.0,0.0,97.46666666666667,190.0,43860.0,2.611111111111111,3.0,60,0.04,30,0.7,High,4,60004,18,14,15
Optimal,3.4282240867614746,,52826.58483886531,5400.0,47426.58483886531,54.0,0.0,1826.5848388652585,0.6973937348233629,0.24161175117265324,52.0,0.0,18.0,54.0,0.0,101.2,196.0,45540.0,2.5,3.0,60,0.04,30,0.7,High,5,60005,18,14,15
Optimal,3.1300411224365234,,51826.17504771576,5300.0,46526.17504771576,53.0,0.0,1661.1750477157811,0.6937362325279015,0.21973214916875414,51.0,0.0,18.0,53.0,0.0,99.53333333333333,183.0,44790.0,2.4444444444444446,3.0,60,0.04,30,0.7,High,6,60006,18,14,15
Optimal,3.1412248611450195,,50927.734621983655,5400.0,45527.734621983655,54.0,0.0,1717.734621983697,0.6973937348233629,0.22721357433646786,45.0,0.0,18.0,54.0,0.0,97.26666666666667,184.0,43770.0,2.5,3.0,60,0.04,30,0.7,High,7,60007,18,14,15
Optimal,3.020315170288086,,51302.90894673628,5300.0,46002.90894673628,53.0,0.0,1702.9089467363192,0.6937362325279015,0.22525250618205278,52.0,0.0,18.0,53.0,0.0,98.33333333333333,185.0,44250.0,2.5555555555555554,3.0,60,0.04,30,0.7,High,8,60008,18,14,15
Optimal,2.680006980895996,,51956.08874595067,5400.0,46556.08874595067,54.0,0.0,1716.0887459507394,0.6937362325279015,0.22699586586649995,59.0,0.0,18.0,54.0,0.0,99.6,189.0,44820.0,2.7777777777777777,3.0,60,0.04,30,0.7,High,9,60009,18,14,15
Optimal,2.989713191986084,,51901.24359640468,5400.0,46501.24359640468,54.0,0.0,1731.2435964047088,0.6973937348233629,0.22900047571490856,50.0,0.0,18.0,54.0,0.0,99.4,186.0,44730.0,2.5555555555555554,3.0,60,0.04,30,0.7,High,10,60010,18,14,15
Optimal,2.81502366065979,,51477.07627157049,5400.0,46077.07627157049,54.0,0.0,1717.0762715705139,0.6937362325279015,0.22712649094848067,50.0,0.0,18.0,54.0,0.0,98.46666666666667,188.0,44310.0,2.5555555555555554,3.0,60,0.04,30,0.7,High,11,60011,18,14,15
Optimal,2.9373230934143066,,50654.64001064297,5400.0,45254.64001064297,54.0,0.0,1654.640010643003,0.6937362325279015,0.2188677262755295,47.0,0.0,18.0,54.0,0.0,96.73333333333333,189.0,43530.0,2.388888888888889,3.0,60,0.04,30,0.7,High,12,60012,18,14,15
Optimal,2.700068950653076,,53328.47816027056,5300.0,48028.47816027056,53.0,0.0,1668.4781602706066,0.6937362325279015,0.22069816934796382,48.0,0.0,18.0,53.0,0.0,102.93333333333334,190.0,46320.0,2.5555555555555554,3.0,60,0.04,30,0.7,High,13,60013,18,14,15
Optimal,2.865199089050293,,51218.69761040833,5300.0,45918.69761040833,53.0,0.0,1668.6976104083342,0.6937362325279015,0.22072719714395955,46.0,0.0,18.0,53.0,0.0,98.06666666666666,182.0,44130.0,2.1666666666666665,3.0,60,0.04,30,0.7,High,14,60014,18,14,15
Optimal,2.6705141067504883,,51964.7525708257,5400.0,46564.7525708257,54.0,0.0,1744.752570825721,0.6937362325279015,0.23078737709334934,52.0,0.0,18.0,54.0,0.0,99.4,194.0,44730.0,2.388888888888889,3.0,60,0.04,30,0.7,High,15,60015,18,14,15
Optimal,2.931797981262207,,51716.527646226146,5400.0,46316.527646226146,54.0,0.0,1716.527646226195,0.6937362325279015,0.2270539214584914,55.0,0.0,18.0,54.0,0.0,99.0,181.0,44550.0,2.611111111111111,3.0,60,0.04,30,0.7,High,16,60016,18,14,15
Optimal,2.817387819290161,,52046.96654650163,5400.0,46646.96654650163,54.0,0.0,1716.9665465016503,0.6937362325279015,0.22711197705048283,51.0,0.0,18.0,54.0,0.0,99.66666666666667,193.0,44850.0,2.4444444444444446,3.0,60,0.04,30,0.7,High,17,60017,18,14,15
Optimal,2.807506799697876,,52739.619422453005,5400.0,47339.619422453005,54.0,0.0,1689.619422453035,0.6937362325279015,0.22349463259960778,46.0,0.0,18.0,54.0,0.0,101.26666666666667,194.0,45570.0,2.388888888888889,3.0,60,0.04,30,0.7,High,18,60018,18,14,15
Optimal,3.1917459964752197,,53132.97466031138,5300.0,47832.97466031138,53.0,0.0,1682.9746603113929,0.6937362325279015,0.22261569580838528,43.0,0.0,18.0,53.0,0.0,102.46666666666667,190.0,46110.0,2.4444444444444446,3.0,60,0.04,30,0.7,High,19,60019,18,14,15
Optimal,2.956923246383667,,51906.74709636387,5400.0,46506.74709636387,54.0,0.0,1716.7470963639225,0.6973937348233629,0.22708294925448713,55.0,0.0,18.0,54.0,0.0,99.53333333333333,196.0,44790.0,2.8333333333333335,3.0,60,0.04,30,0.7,High,20,60020,18,14,15
Optimal,2.6511688232421875,,51667.62489691481,5400.0,46267.62489691481,54.0,0.0,1717.6248969148332,0.6937362325279015,0.22719906043847002,45.0,0.0,18.0,54.0,0.0,98.86666666666666,184.0,44490.0,2.4444444444444446,3.0,60,0.04,30,0.7,High,21,60021,18,14,15
Optimal,2.7838306427001953,,51991.723673060114,5300.0,46691.723673060114,53.0,0.0,1661.7236730601003,0.6937362325279015,0.21980471865874343,46.0,0.0,18.0,53.0,0.0,99.86666666666666,183.0,44940.0,2.388888888888889,3.0,60,0.04,30,0.7,High,22,60022,18,14,15
Optimal,2.4541099071502686,,51795.26049338483,5400.0,46395.26049338483,54.0,0.0,1565.2604933848559,0.6937362325279015,0.2070450388075206,42.0,0.0,18.0,54.0,0.0,99.53333333333333,192.0,44790.0,2.5555555555555554,3.0,60,0.04,30,0.7,High,23,60023,18,14,15
Optimal,3.051903009414673,,49985.51144962139,5400.0,44585.51144962139,54.0,0.0,1685.511449621429,0.6973937348233629,0.22295124994992446,57.0,0.0,18.0,54.0,0.0,95.26666666666667,180.0,42870.0,2.7222222222222223,3.0,60,0.04,30,0.7,High,24,60024,18,14,15
Optimal,2.906996011734009,,51651.13387133583,5400.0,46251.13387133583,54.0,0.0,1731.133871335845,0.6937362325279015,0.22898596181691072,49.0,0.0,18.0,54.0,0.0,98.66666666666667,187.0,44400.0,2.2222222222222223,3.0,60,0.04,30,0.7,High,25,60025,18,14,15
Optimal,2.8787777423858643,,51494.20394548136,5400.0,46094.20394548136,54.0,0.0,1744.2039454814017,0.6937362325279015,0.23071480760336,57.0,0.0,18.0,54.0,0.0,98.46666666666667,186.0,44310.0,2.611111111111111,3.0,60,0.04,30,0.7,High,26,60026,18,14,15
Optimal,2.468904972076416,,50999.13934579763,5400.0,45599.13934579763,54.0,0.0,1759.1393457976435,0.6937362325279015,0.23269038965577293,48.0,0.0,18.0,54.0,0.0,97.2,184.0,43740.0,2.2222222222222223,3.0,60,0.04,30,0.7,High,27,60027,18,14,15
Optimal,3.0957586765289307,,53682.91178185014,5400.0,48282.91178185014,54.0,0.0,1792.9117818501734,0.6937362325279015,0.2371576431018748,58.0,0.0,18.0,54.0,0.0,103.2,193.0,46440.0,2.611111111111111,3.0,60,0.04,30,0.7,High,28,60028,18,14,15
Optimal,2.6467700004577637,,53210.54123449772,5400.0,47810.54123449772,54.0,0.0,1710.5412344977358,0.6973937348233629,0.22626206805525606,47.0,0.0,18.0,54.0,0.0,102.26666666666667,188.0,46020.0,2.388888888888889,3.0,60,0.04,30,0.7,High,29,60029,18,14,15
Optimal,2.748816967010498,,50438.91706054603,5400.0,45038.91706054603,54.0,0.0,1668.9170605460617,0.6937362325279015,0.22075622493995525,44.0,0.0,18.0,54.0,0.0,96.2,189.0,43290.0,2.3333333333333335,3.0,60,0.04,30,0.7,High,30,60030,18,14,15
Optimal,18.25805377960205,,35188.80456498797,3600.0,31588.80456498797,36.0,0.0,788.8045649879962,0.7196472874166815,0.21911237916333226,21.0,0.0,12.0,36.0,0.0,60.2,68.0,24080.0,2.9166666666666665,3.0,61,0.04,30,0.8,Low,1,61001,12,10,5
Optimal,6.470343828201294,,35215.989572692844,3600.0,31615.989572692844,36.0,0.0,735.9895726928645,0.7196472874166815,0.20444154797024014,17.0,0.0,12.0,36.0,0.0,57.6,63.0,23040.0,2.8333333333333335,3.0,61,0.04,30,0.8,Low,2,61002,12,10,5
Optimal,6.388345003128052,,33935.989572692844,3600.0,30335.989572692844,36.0,0.0,735.9895726928646,0.7196472874166815,0.2044415479702402,17.0,0.0,12.0,36.0,0.0,56.4,61.0,22560.0,2.8333333333333335,3.0,61,0.04,30,0.8,Low,3,61003,12,10,5
Optimal,8.487416982650757,,35850.39393954418,3600.0,32250.393939544178,36.0,0.0,810.393987515523,0.7196472874166815,0.22510944097653418,22.0,0.0,12.0,36.0,0.0,56.19999988007173,63.0,22479.99995202869,2.9166666666666665,3.0,61,0.04,30,0.8,Low,4,61004,12,10,5
NO_SOLUTION,120.19450902938843,Solver timed out or no feasible solution found,,,,,,,,,,,,,,,,,,,61,0.04,30,0.8,Low,5,61005,12,10,5
Optimal,4.348306894302368,,33926.35341327606,3600.0,30326.35341327606,36.0,0.0,726.3534132760782,0.7196472874166815,0.20176483702113282,15.0,0.0,12.0,36.0,0.0,55.2,58.0,22080.0,2.75,3.0,61,0.04,30,0.8,Low,6,61006,12,10,5
Optimal,4.66984486579895,,35834.40015407035,3600.0,32234.400154070347,36.0,0.0,714.4001540703642,0.7196472874166815,0.19844448724176783,16.0,0.0,12.0,36.0,0.0,60.6,65.0,24240.0,2.8333333333333335,3.0,61,0.04,30,0.8,Low,7,61007,12,10,5
Optimal,17.128220081329346,,35210.39398797712,3600.0,31610.39398797712,36.0,0.0,810.3939879771527,0.7196472874166815,0.22510944110476463,22.0,0.0,12.0,36.0,0.0,57.2,62.0,22880.0,2.9166666666666665,3.0,61,0.04,30,0.8,Low,8,61008,12,10,5
Optimal,18.049710750579834,,33339.16840755852,3600.0,29739.16840755852,36.0,0.0,779.1684075585578,0.7196472874166815,0.21643566876626605,19.0,0.0,12.0,36.0,0.0,56.4,60.0,22560.0,2.8333333333333335,3.0,61,0.04,30,0.8,Low,9,61009,12,10,5
Optimal,4.72039008140564,,35111.121669143555,3600.0,31511.121669143555,36.0,0.0,791.1216691435787,0.7196472874166815,0.21975601920654964,18.0,0.0,12.0,36.0,0.0,59.4,65.0,23760.0,2.75,3.0,61,0.04,30,0.8,Low,10,61010,12,10,5
Optimal,3.143707036972046,,37024.763994653564,3600.0,33424.763994653564,36.0,0.0,704.7639946535778,0.7196472874166815,0.19576777629266048,14.0,0.0,12.0,36.0,0.0,62.2,68.0,24880.0,2.75,3.0,61,0.04,30,0.8,Low,11,61011,12,10,5
Optimal,23.83138108253479,,35225.62573210963,3600.0,31625.625732109627,36.0,0.0,745.6257321096514,0.7196472874166815,0.2071182589193476,19.0,0.0,12.0,36.0,0.0,60.8,65.0,24320.0,2.9166666666666665,3.0,61,0.04,30,0.8,Low,12,61012,12,10,5
Optimal,10.418560981750488,,36011.53533356768,3600.0,32411.535333567677,36.0,0.0,721.5353335676848,0.7196472874166815,0.20042648154657913,14.0,0.0,12.0,36.0,0.0,60.0,66.0,24000.0,2.6666666666666665,3.0,61,0.04,30,0.8,Low,13,61013,12,10,5
Optimal,31.671854972839355,,34137.57899131535,3600.0,30537.57899131535,36.0,0.0,757.5789913153652,0.7196472874166815,0.21043860869871256,18.0,0.0,12.0,36.0,0.0,57.8,61.0,23120.0,2.75,3.0,61,0.04,30,0.8,Low,14,61014,12,10,5
Optimal,21.830589056015015,,35210.39398797712,3600.0,31610.39398797712,36.0,0.0,810.3939879771527,0.7196472874166815,0.22510944110476463,22.0,0.0,12.0,36.0,0.0,58.0,63.0,23200.0,2.9166666666666665,3.0,61,0.04,30,0.8,Low,15,61015,12,10,5
Optimal,5.951853036880493,,32948.804560801604,3600.0,29348.804560801604,36.0,0.0,788.8045608015977,0.7196472874166815,0.2191123780004438,21.0,0.0,12.0,36.0,0.0,54.6,61.0,21840.0,2.9166666666666665,3.0,61,0.04,30,0.8,Low,16,61016,12,10,5
Optimal,4.4306721687316895,,36025.62573210963,3600.0,32425.625732109627,36.0,0.0,745.6257321096514,0.7196472874166815,0.2071182589193476,19.0,0.0,12.0,36.0,0.0,62.8,67.0,25120.0,2.9166666666666665,3.0,61,0.04,30,0.8,Low,17,61017,12,10,5
Optimal,4.569356918334961,,35695.989572692844,3600.0,32095.989572692844,36.0,0.0,735.9895726928647,0.7196472874166815,0.20444154797024022,17.0,0.0,12.0,36.0,0.0,59.6,63.0,23840.0,2.8333333333333335,3.0,61,0.04,30,0.8,Low,18,61018,12,10,5
Optimal,13.045435190200806,,36880.75737348025,3600.0,33280.75737348025,36.0,0.0,800.7578235423275,0.7196472874166815,0.22243272876175763,20.0,0.0,12.0,36.0,0.0,61.599999501924046,67.0,24639.99980076962,2.8333333333333335,3.0,61,0.04,30,0.8,Low,19,61019,12,10,5
Optimal,22.95487904548645,,34144.34988001145,3600.0,30544.349880011447,36.0,0.0,774.3503249375768,0.7196472874166815,0.21509731248266023,18.0,0.0,12.0,36.0,0.0,57.8,61.0,23120.0,2.75,3.0,61,0.04,30,0.8,Low,20,61020,12,10,5
Optimal,5.414116859436035,,34981.171488796426,3600.0,31381.171488796426,36.0,0.0,731.1714887964437,0.7196472874166815,0.20310319133234547,16.0,0.0,12.0,36.0,0.0,59.2,61.0,23680.0,2.75,3.0,61,0.04,30,0.8,Low,21,61021,12,10,5
Optimal,23.561089992523193,,33290.39398797713,3600.0,29690.393987977128,36.0,0.0,810.3939879771527,0.7196472874166815,0.22510944110476463,22.0,0.0,12.0,36.0,0.0,56.8,60.0,22720.0,2.9166666666666665,3.0,61,0.04,30,0.8,Low,22,61022,12,10,5
Optimal,16.611284971237183,,35407.215150732125,3600.0,31807.215150732125,36.0,0.0,767.2151507321519,0.7196472874166815,0.21311531964781996,20.0,0.0,12.0,36.0,0.0,58.4,65.0,23360.0,2.9166666666666665,3.0,61,0.04,30,0.8,Low,23,61023,12,10,5
Optimal,7.823757648468018,,35809.53223917897,3600.0,32209.532239178967,36.0,0.0,769.5322391789912,0.7196472874166815,0.21375895532749756,17.0,0.0,12.0,36.0,0.0,59.2,61.0,23680.0,2.75,3.0,61,0.04,30,0.8,Low,24,61024,12,10,5
Optimal,13.790040016174316,,36304.35033022945,3600.0,32704.35033022945,36.0,0.0,774.3503302294723,0.7196472874166815,0.21509731395263118,18.0,0.0,12.0,36.0,0.0,63.0,68.0,25200.0,2.75,3.0,61,0.04,30,0.8,Low,25,61025,12,10,5
Optimal,5.131132125854492,,34551.121669143555,3600.0,30951.121669143555,36.0,0.0,791.1216691435795,0.7196472874166815,0.21975601920654989,18.0,0.0,12.0,36.0,0.0,56.8,63.0,22720.0,2.75,3.0,61,0.04,30,0.8,Low,26,61026,12,10,5
Optimal,5.001471042633057,,34665.62573210963,3600.0,31065.625732109627,36.0,0.0,745.6257321096514,0.7196472874166815,0.2071182589193476,19.0,0.0,12.0,36.0,0.0,59.8,64.0,23920.0,2.9166666666666665,3.0,61,0.04,30,0.8,Low,27,61027,12,10,5
Optimal,2.9188921451568604,,35594.40015407035,3600.0,31994.400154070347,36.0,0.0,714.4001540703644,0.7196472874166815,0.19844448724176786,16.0,0.0,12.0,36.0,0.0,59.4,62.0,23760.0,2.8333333333333335,3.0,61,0.04,30,0.8,Low,28,61028,12,10,5
Optimal,2.8685638904571533,,37404.714170812666,3600.0,33804.714170812666,36.0,0.0,764.7141708126858,0.7196472874166815,0.21242060300352383,16.0,0.0,12.0,36.0,0.0,61.8,64.0,24720.0,2.6666666666666665,3.0,61,0.04,30,0.8,Low,29,61029,12,10,5
Optimal,32.144506216049194,,34308.80456935462,3600.0,30708.804569354623,36.0,0.0,788.8045693546522,0.7196472874166815,0.2191123803762923,21.0,0.0,12.0,36.0,0.0,58.4,62.0,23360.0,2.9166666666666665,3.0,61,0.04,30,0.8,Low,30,61030,12,10,5
Optimal,3.472900867462158,,45497.86281692564,6000.0,39497.86281692564,60.0,0.0,1837.862816925537,0.7940936372934865,0.29172425665484714,55.0,0.0,15.0,60.0,0.0,81.3,128.0,32520.0,2.6666666666666665,4.0,62,0.04,30,0.8,Medium,1,62001,15,14,10
Optimal,3.501487970352173,,46161.995295757595,6000.0,40161.995295757595,60.0,0.0,1881.9952957575179,0.7940936372934865,0.29872941202500286,63.0,0.0,15.0,60.0,0.0,81.3,124.0,32520.0,3.0,4.0,62,0.04,30,0.8,Medium,2,62002,15,14,10
Optimal,2.5885679721832275,,44751.42567968858,6000.0,38751.42567968858,60.0,0.0,1981.4256796885218,0.7940936372934865,0.3145120126489717,63.0,0.0,15.0,60.0,0.0,79.2,127.0,31680.0,2.7333333333333334,4.0,62,0.04,30,0.8,Medium,3,62003,15,14,10
Optimal,3.9524641036987305,,45174.04302332448,6000.0,39174.04302332448,60.0,0.0,1934.043023324387,0.7940936372934865,0.306990956083236,62.0,0.0,15.0,60.0,0.0,78.5,126.0,31400.0,2.933333333333333,4.0,62,0.04,30,0.8,Medium,4,62004,15,14,10
Optimal,3.780832052230835,,47286.270149072785,6000.0,41286.270149072785,60.0,0.0,1916.270149072708,0.7940936372934865,0.30416986493217585,63.0,0.0,15.0,60.0,0.0,84.8,132.0,33920.0,3.0,4.0,62,0.04,30,0.8,Medium,5,62005,15,14,10
Optimal,2.429638147354126,,45645.58074453144,6000.0,39645.58074453144,60.0,0.0,1875.5807445314035,0.7940936372934865,0.297711229290699,63.0,0.0,15.0,60.0,0.0,82.3,125.0,32920.0,2.7333333333333334,4.0,62,0.04,30,0.8,Medium,6,62006,15,14,10
Optimal,2.7002499103546143,,44618.27171634532,6000.0,38618.27171634532,60.0,0.0,1908.2717163452382,0.7940936372934865,0.30290027243575207,58.0,0.0,15.0,60.0,0.0,79.5,126.0,31800.0,2.3333333333333335,4.0,62,0.04,30,0.8,Medium,7,62007,15,14,10
Optimal,2.637251138687134,,45481.08639944269,6000.0,39481.08639944269,60.0,0.0,1901.0863994426256,0.7940936372934865,0.3017597459432739,61.0,0.0,15.0,60.0,0.0,79.8,124.0,31920.0,2.466666666666667,4.0,62,0.04,30,0.8,Medium,8,62008,15,14,10
Optimal,3.8186869621276855,,45001.032265697155,6000.0,39001.032265697155,60.0,0.0,1991.0322656970225,0.7940936372934865,0.31603686757095595,63.0,0.0,15.0,60.0,0.0,79.8,125.0,31920.0,2.7333333333333334,4.0,62,0.04,30,0.8,Medium,9,62009,15,14,10
Optimal,4.015030145645142,,44775.3351869557,6000.0,38775.3351869557,60.0,0.0,1885.3351869556197,0.7940936372934865,0.299259553485019,59.0,0.0,15.0,60.0,0.0,80.4,126.0,32160.0,2.8,4.0,62,0.04,30,0.8,Medium,10,62010,15,14,10
Optimal,3.119152784347534,,46458.366636147824,6000.0,40458.366636147824,60.0,0.0,1878.3666361477435,0.7940936372934865,0.29815343430916563,61.0,0.0,15.0,60.0,0.0,82.7,121.0,33080.0,2.7333333333333334,4.0,62,0.04,30,0.8,Medium,11,62011,15,14,10
Optimal,2.897186040878296,,45682.087255538696,6000.0,39682.087255538696,60.0,0.0,1942.0872555385918,0.7940936372934865,0.30826781833945904,61.0,0.0,15.0,60.0,0.0,81.4,129.0,32560.0,2.6666666666666665,4.0,62,0.04,30,0.8,Medium,12,62012,15,14,10
Optimal,3.750164031982422,,45428.83923911002,6000.0,39428.83923911002,60.0,0.0,1978.839239109912,0.7940936372934865,0.31410146652538284,64.0,0.0,15.0,60.0,0.0,79.7,128.0,31880.0,3.0,4.0,62,0.04,30,0.8,Medium,13,62013,15,14,10
Optimal,2.638633966445923,,44922.83766121632,6000.0,38922.83766121632,60.0,0.0,1947.8376612162429,0.7940936372934865,0.3091805811454354,60.0,0.0,15.0,60.0,0.0,79.4,120.0,31760.0,2.6,4.0,62,0.04,30,0.8,Medium,14,62014,15,14,10
Optimal,3.004776954650879,,45697.75093690475,6000.0,39697.75093690475,60.0,0.0,1797.750936904663,0.7940936372934865,0.2853572915721687,57.0,0.0,15.0,60.0,0.0,81.4,122.0,32560.0,3.066666666666667,4.0,62,0.04,30,0.8,Medium,15,62015,15,14,10
Optimal,4.224668979644775,,44394.76274192434,6000.0,38394.76274192434,60.0,0.0,1894.7627419242242,0.7940936372934865,0.3007559907816229,59.0,0.0,15.0,60.0,0.0,79.8,126.0,31920.0,2.7333333333333334,4.0,62,0.04,30,0.8,Medium,16,62016,15,14,10
Optimal,3.565877914428711,,44865.5397901912,6000.0,38865.5397901912,60.0,0.0,1915.5397901911308,0.7940936372934865,0.3040539349509731,64.0,0.0,15.0,60.0,0.0,78.8,125.0,31520.0,2.8666666666666667,4.0,62,0.04,30,0.8,Medium,17,62017,15,14,10
Optimal,2.74160099029541,,44317.39592582701,6000.0,38317.39592582701,60.0,0.0,1857.3959258269342,0.7940936372934865,0.29482475013125936,61.0,0.0,15.0,60.0,0.0,78.2,122.0,31280.0,2.6666666666666665,4.0,62,0.04,30,0.8,Medium,18,62018,15,14,10
Optimal,2.3630802631378174,,45503.49924927808,6000.0,39503.49924927808,60.0,0.0,1973.4992492779895,0.7940936372934865,0.31325384909174436,63.0,0.0,15.0,60.0,0.0,78.7,120.0,31480.0,2.8666666666666667,4.0,62,0.04,30,0.8,Medium,19,62019,15,14,10
Optimal,2.988988161087036,,45193.31048015797,6000.0,39193.31048015797,60.0,0.0,1953.3104801578581,0.7940936372934865,0.3100492825647394,62.0,0.0,15.0,60.0,0.0,77.1,122.0,30840.0,2.6666666666666665,4.0,62,0.04,30,0.8,Medium,20,62020,15,14,10
Optimal,3.288784980773926,,44906.84452701656,6000.0,38906.84452701656,60.0,0.0,1976.844527016449,0.7940936372934865,0.31378484555816655,60.0,0.0,15.0,60.0,0.0,77.5,118.0,31000.0,2.7333333333333334,4.0,62,0.04,30,0.8,Medium,21,62021,15,14,10
Optimal,3.915987968444824,,44788.645251732894,6000.0,38788.645251732894,60.0,0.0,1858.6452517327964,0.7940936372934865,0.29502305583060257,57.0,0.0,15.0,60.0,0.0,80.9,119.0,32360.0,2.6,4.0,62,0.04,30,0.8,Medium,22,62022,15,14,10
Optimal,3.043976068496704,,45470.01611072824,6000.0,39470.01611072824,60.0,0.0,1900.016110728115,0.7940936372934865,0.30158985884573253,62.0,0.0,15.0,60.0,0.0,82.5,125.0,33000.0,2.933333333333333,4.0,62,0.04,30,0.8,Medium,23,62023,15,14,10
Optimal,2.5976409912109375,,45068.99264419797,6000.0,39068.99264419797,60.0,0.0,1878.9926441979007,0.7940936372934865,0.2982528006663335,63.0,0.0,15.0,60.0,0.0,81.0,125.0,32400.0,3.0,4.0,62,0.04,30,0.8,Medium,24,62024,15,14,10
Optimal,3.8479061126708984,,45315.53476464091,6000.0,39315.53476464091,60.0,0.0,1845.5347646408657,0.7940936372934865,0.29294202613347076,61.0,0.0,15.0,60.0,0.0,81.4,128.0,32560.0,2.8666666666666667,4.0,62,0.04,30,0.8,Medium,25,62025,15,14,10
Optimal,3.644538164138794,,45400.04894669788,6000.0,39400.04894669788,60.0,0.0,1920.0489466977226,0.7940936372934865,0.30476967407900357,60.0,0.0,15.0,60.0,0.0,80.3,121.0,32120.0,2.8,4.0,62,0.04,30,0.8,Medium,26,62026,15,14,10
Optimal,3.3038158416748047,,45653.33818114228,6000.0,39653.33818114228,60.0,0.0,1753.3381811421987,0.7940936372934865,0.278307647800349,55.0,0.0,15.0,60.0,0.0,83.7,127.0,33480.0,2.7333333333333334,4.0,62,0.04,30,0.8,Medium,27,62027,15,14,10
Optimal,2.44160795211792,,45270.749153652745,6000.0,39270.749153652745,60.0,0.0,1900.749153652686,0.7940936372934865,0.3017062148655057,63.0,0.0,15.0,60.0,0.0,79.8,124.0,31920.0,2.8666666666666667,4.0,62,0.04,30,0.8,Medium,28,62028,15,14,10
Optimal,3.077320098876953,,44241.12430874989,6000.0,38241.12430874989,60.0,0.0,1931.124308749816,0.7940936372934865,0.30652766805552634,60.0,0.0,15.0,60.0,0.0,76.8,128.0,30720.0,2.6666666666666665,4.0,62,0.04,30,0.8,Medium,29,62029,15,14,10
Optimal,2.985337018966675,,46522.61554528043,6000.0,40522.61554528043,60.0,0.0,1822.6155452803418,0.7940936372934865,0.2893040548064035,54.0,0.0,15.0,60.0,0.0,83.2,128.0,33280.0,2.3333333333333335,3.0,62,0.04,30,0.8,Medium,30,62030,15,14,10
Optimal,5.111626863479614,,47014.38056790401,7200.0,39814.38056790401,72.0,0.0,2574.380567903916,0.7940936372934865,0.34052653014602063,84.0,0.0,18.0,72.0,0.0,82.73333333333333,183.0,37230.0,2.8333333333333335,4.0,63,0.04,30,0.8,High,1,63001,18,14,15
Optimal,4.712228059768677,,46173.95665945023,7200.0,38973.95665945023,72.0,0.0,2633.9566594500816,0.7940936372934865,0.3484069655357251,88.0,0.0,18.0,72.0,0.0,80.73333333333333,189.0,36330.0,2.9444444444444446,4.0,63,0.04,30,0.8,High,2,63002,18,14,15
Optimal,5.697776794433594,,45173.76292027605,7200.0,37973.76292027605,72.0,0.0,2753.7629202759176,0.7940936372934865,0.3642543545338515,88.0,0.0,18.0,72.0,0.0,78.2,187.0,35190.0,2.888888888888889,4.0,63,0.04,30,0.8,High,3,63003,18,14,15
Optimal,4.703660011291504,,46013.90283275594,7200.0,38813.90283275594,72.0,0.0,2713.902832755797,0.7940936372934865,0.35898185618462924,87.0,0.0,18.0,72.0,0.0,80.2,190.0,36090.0,2.8333333333333335,4.0,63,0.04,30,0.8,High,4,63004,18,14,15
Optimal,4.922451972961426,,46947.822530073936,7200.0,39747.822530073936,72.0,0.0,2717.822530073855,0.7940936372934865,0.35950033466585385,83.0,0.0,18.0,72.0,0.0,82.26666666666667,190.0,37020.0,2.5,4.0,63,0.04,30,0.8,High,5,63005,18,14,15
Optimal,4.6012327671051025,,48097.685244685825,7200.0,40897.685244685825,72.0,0.0,2677.6852446856865,0.7940936372934865,0.3541911699319691,90.0,0.0,18.0,72.0,0.0,84.93333333333334,186.0,38220.0,3.2222222222222223,4.0,63,0.04,30,0.8,High,6,63006,18,14,15
Optimal,3.5624327659606934,,46631.29540145267,7200.0,39431.29540145267,72.0,0.0,2811.295401452511,0.7940936372934865,0.371864471091602,85.0,0.0,18.0,72.0,0.0,81.26666666666667,181.0,36570.0,2.4444444444444446,4.0,63,0.04,30,0.8,High,7,63007,18,14,15
Optimal,5.833711862564087,,46313.76452777391,7200.0,39113.76452777391,72.0,0.0,2768.764527773815,0.7940936372934865,0.3662386941499755,84.0,0.0,18.0,72.0,0.0,80.6,187.0,36270.0,2.5,4.0,63,0.04,30,0.8,High,8,63008,18,14,15
Optimal,3.2331879138946533,,46625.24101791354,7200.0,39425.24101791354,72.0,0.0,2635.2410179134217,0.7940936372934865,0.3485768542213521,83.0,0.0,18.0,72.0,0.0,81.73333333333333,182.0,36780.0,2.388888888888889,4.0,63,0.04,30,0.8,High,9,63009,18,14,15
Optimal,4.947141170501709,,46094.60250446852,7200.0,38894.60250446852,72.0,0.0,2734.60250446832,0.7940936372934865,0.36171990799845505,90.0,0.0,18.0,72.0,0.0,80.06666666666666,176.0,36030.0,3.0,4.0,63,0.04,30,0.8,High,10,63010,18,14,15
Optimal,4.734071969985962,,46599.65134838929,7200.0,39399.65134838929,72.0,0.0,2729.651348389118,0.7940936372934865,0.36106499317316376,85.0,0.0,18.0,72.0,0.0,81.2,182.0,36540.0,2.7777777777777777,4.0,63,0.04,30,0.8,High,11,63011,18,14,15
Optimal,3.4879229068756104,,46820.88445036446,7200.0,39620.88445036446,72.0,0.0,2850.8844503643454,0.7940936372934865,0.37710111777306154,88.0,0.0,18.0,72.0,0.0,81.6,181.0,36720.0,2.5555555555555554,4.0,63,0.04,30,0.8,High,12,63012,18,14,15
Optimal,5.265527963638306,,46178.04997193487,7200.0,38978.04997193487,72.0,0.0,2698.0499719347326,0.7940936372934865,0.3568849169225837,84.0,0.0,18.0,72.0,0.0,80.6,184.0,36270.0,2.7777777777777777,4.0,63,0.04,30,0.8,High,13,63013,18,14,15
Optimal,5.021716833114624,,48046.46113759197,7200.0,40846.46113759197,72.0,0.0,2646.461137591855,0.7940936372934865,0.35006099703595966,76.0,0.0,18.0,72.0,0.0,84.8,187.0,38160.0,2.5555555555555554,4.0,63,0.04,30,0.8,High,14,63014,18,14,15
Optimal,4.6345438957214355,,47691.93677943577,7200.0,40491.93677943577,72.0,0.0,2676.936779435652,0.7940936372934865,0.3540921665920175,81.0,0.0,18.0,72.0,0.0,83.73333333333333,194.0,37680.0,2.6666666666666665,4.0,63,0.04,30,0.8,High,15,63015,18,14,15
Optimal,6.119213819503784,,46796.140045180386,7200.0,39596.140045180386,72.0,0.0,2711.1400451802865,0.7940936372934865,0.35861640809263046,86.0,0.0,18.0,72.0,0.0,81.8,174.0,36810.0,2.5,4.0,63,0.04,30,0.8,High,16,63016,18,14,15
Optimal,5.228078126907349,,46744.86290279506,7200.0,39544.86290279506,72.0,0.0,2694.862902794864,0.7940936372934865,0.3564633469305376,80.0,0.0,18.0,72.0,0.0,81.66666666666667,179.0,36750.0,2.5555555555555554,4.0,63,0.04,30,0.8,High,17,63017,18,14,15
Optimal,5.111260890960693,,45256.92870885241,7200.0,38056.92870885241,72.0,0.0,2676.9287088523015,0.7940936372934865,0.35409109905453723,81.0,0.0,18.0,72.0,0.0,78.53333333333333,185.0,35340.0,2.8333333333333335,4.0,63,0.04,30,0.8,High,18,63018,18,14,15
Optimal,4.2058610916137695,,46630.78526229385,7200.0,39430.78526229385,72.0,0.0,2740.7852622936775,0.7940936372934865,0.3625377331076293,89.0,0.0,18.0,72.0,0.0,81.4,184.0,36630.0,2.7777777777777777,4.0,63,0.04,30,0.8,High,19,63019,18,14,15
Optimal,4.703068017959595,,47051.375020819614,7200.0,39851.375020819614,72.0,0.0,2731.375020819481,0.7940936372934865,0.36129299217188904,90.0,0.0,18.0,72.0,0.0,82.4,177.0,37080.0,2.5555555555555554,4.0,63,0.04,30,0.8,High,20,63020,18,14,15
Optimal,5.0045483112335205,,46396.85322171273,7200.0,39196.85322171273,72.0,0.0,2736.853221712591,0.7940936372934865,0.3620176219196549,94.0,0.0,18.0,72.0,0.0,80.86666666666666,187.0,36390.0,2.888888888888889,4.0,63,0.04,30,0.8,High,21,63021,18,14,15
Optimal,4.4380998611450195,,46179.220966788205,7200.0,38979.220966788205,72.0,0.0,2679.220966788035,0.7940936372934865,0.3543943077761952,89.0,0.0,18.0,72.0,0.0,80.66666666666667,182.0,36300.0,2.9444444444444446,4.0,63,0.04,30,0.8,High,22,63022,18,14,15
Optimal,5.037710905075073,,46552.646236924644,7200.0,39352.646236924644,72.0,0.0,2722.646236924484,0.7940936372934865,0.3601383911275773,80.0,0.0,18.0,72.0,0.0,81.33333333333333,184.0,36600.0,2.4444444444444446,4.0,63,0.04,30,0.8,High,23,63023,18,14,15
Optimal,5.024476051330566,,47080.90525453397,7200.0,39880.90525453397,72.0,0.0,2720.90525453376,0.7940936372934865,0.3599081024515556,86.0,0.0,18.0,72.0,0.0,82.4,179.0,37080.0,3.111111111111111,4.0,63,0.04,30,0.8,High,24,63024,18,14,15
Optimal,4.456439971923828,,48031.694195833086,7200.0,40831.694195833086,72.0,0.0,2801.69419583291,0.7940936372934865,0.37059447034826853,87.0,0.0,18.0,72.0,0.0,84.06666666666666,188.0,37830.0,2.5,4.0,63,0.04,30,0.8,High,25,63025,18,14,15
Optimal,5.823238134384155,,47252.176842186935,7200.0,40052.176842186935,72.0,0.0,2772.176842186693,0.7940936372934865,0.36669005849030334,91.0,0.0,18.0,72.0,0.0,82.73333333333333,164.0,37230.0,3.111111111111111,4.0,63,0.04,30,0.8,High,26,63026,18,14,15
Optimal,7.145765066146851,,46448.52439837443,7200.0,39248.52439837443,72.0,0.0,2718.524398374246,0.7940936372934865,0.35959317438812777,84.0,0.0,18.0,72.0,0.0,81.06666666666666,188.0,36480.0,2.5555555555555554,4.0,63,0.04,30,0.8,High,27,63027,18,14,15
Optimal,4.622797966003418,,47531.76824981848,7200.0,40331.76824981848,72.0,0.0,2691.7682498183112,0.7940936372934865,0.35605400129871845,87.0,0.0,18.0,72.0,0.0,83.4,183.0,37530.0,2.7222222222222223,4.0,63,0.04,30,0.8,High,28,63028,18,14,15
Optimal,4.846218824386597,,47882.82508756069,7200.0,40682.82508756069,72.0,0.0,2692.8250875605736,0.7940936372934865,0.35619379465086953,81.0,0.0,18.0,72.0,0.0,84.4,182.0,37980.0,2.7777777777777777,4.0,63,0.04,30,0.8,High,29,63029,18,14,15
Optimal,4.53840708732605,,47448.46918016164,7200.0,40248.46918016164,72.0,0.0,2688.469180161511,0.7940936372934865,0.3556176164234803,87.0,0.0,18.0,72.0,0.0,83.4,196.0,37530.0,2.7222222222222223,4.0,63,0.04,30,0.8,High,30,63030,18,14,15
Optimal,0.8401787281036377,,37566.87744080256,2400.0,35166.87744080256,24.0,0.0,656.8774408025299,0.5590446304702382,0.10947957346708832,0.0,0.0,12.0,24.0,0.0,58.6,64.0,23440.0,1.75,2.0,64,0.04,50,0.6,Low,1,64001,12,10,5
Optimal,0.8216891288757324,,38550.85355656431,2400.0,36150.85355656431,24.0,0.0,670.8535565642858,0.5590446304702382,0.11180892609404763,0.0,0.0,12.0,24.0,0.0,62.0,63.0,24800.0,1.6666666666666667,2.0,64,0.04,50,0.6,Low,2,64002,12,10,5
Optimal,0.8880977630615234,,38258.92520927904,2400.0,35858.92520927904,24.0,0.0,628.9252092790181,0.5590446304702382,0.10482086821316967,0.0,0.0,12.0,24.0,0.0,60.8,66.0,24320.0,1.75,2.0,64,0.04,50,0.6,Low,3,64003,12,10,5
Optimal,0.8802390098571777,,38286.87744080256,2400.0,35886.87744080256,24.0,0.0,656.8774408025299,0.5590446304702382,0.10947957346708832,0.0,0.0,12.0,24.0,0.0,59.0,65.0,23600.0,1.75,2.0,64,0.04,50,0.6,Low,4,64004,12,10,5
Optimal,0.821537971496582,,38422.9013250408,2400.0,36022.9013250408,24.0,0.0,642.9013250407739,0.5590446304702382,0.10715022084012898,0.0,0.0,12.0,24.0,0.0,60.2,62.0,24080.0,1.8333333333333333,2.0,64,0.04,50,0.6,Low,5,64005,12,10,5
Optimal,0.8117167949676514,,36682.901325040795,2400.0,34282.901325040795,24.0,0.0,642.9013250407739,0.5590446304702382,0.10715022084012898,0.0,0.0,12.0,24.0,0.0,54.8,61.0,21920.0,1.6666666666666667,2.0,64,0.04,50,0.6,Low,6,64006,12,10,5
Optimal,1.066321849822998,,39142.9013250408,2400.0,36742.9013250408,24.0,0.0,642.9013250407739,0.5590446304702382,0.10715022084012898,0.0,0.0,12.0,24.0,0.0,61.6,65.0,24640.0,1.8333333333333333,2.0,64,0.04,50,0.6,Low,7,64007,12,10,5
Optimal,0.8318278789520264,,37910.85355656431,2400.0,35510.85355656431,24.0,0.0,670.8535565642856,0.5590446304702382,0.11180892609404759,0.0,0.0,12.0,24.0,0.0,62.8,64.0,25120.0,1.6666666666666667,2.0,64,0.04,50,0.6,Low,8,64008,12,10,5
Optimal,0.7646729946136475,,39031.21343445418,2400.0,36631.21343445418,24.0,0.0,671.2134344541593,0.5662421882677056,0.11186890574235987,0.0,0.0,12.0,24.0,0.0,59.0,63.0,23600.0,1.6666666666666667,2.0,64,0.04,50,0.6,Low,9,64009,12,10,5
Optimal,0.8959212303161621,,37886.87744080256,2400.0,35486.87744080256,24.0,0.0,656.8774408025299,0.5590446304702382,0.10947957346708832,0.0,0.0,12.0,24.0,0.0,59.0,67.0,23600.0,1.75,2.0,64,0.04,50,0.6,Low,10,64010,12,10,5
Optimal,0.8666150569915771,,37886.87744080256,2400.0,35486.87744080256,24.0,0.0,656.8774408025299,0.5590446304702382,0.10947957346708832,0.0,0.0,12.0,24.0,0.0,58.6,64.0,23440.0,1.75,2.0,64,0.04,50,0.6,Low,11,64011,12,10,5
Optimal,0.843787670135498,,37670.85355656431,2400.0,35270.85355656431,24.0,0.0,670.8535565642858,0.5590446304702382,0.11180892609404763,0.0,0.0,12.0,24.0,0.0,58.6,61.0,23440.0,1.6666666666666667,2.0,64,0.04,50,0.6,Low,12,64012,12,10,5
Optimal,0.9706113338470459,,38686.87744080256,2400.0,36286.87744080256,24.0,0.0,656.8774408025297,0.5590446304702382,0.1094795734670883,0.0,0.0,12.0,24.0,0.0,60.2,65.0,24080.0,1.75,2.0,64,0.04,50,0.6,Low,13,64013,12,10,5
Optimal,0.8559510707855225,,39886.87744080256,2400.0,37486.87744080256,24.0,0.0,656.8774408025299,0.5590446304702382,0.10947957346708832,0.0,0.0,12.0,24.0,0.0,61.2,63.0,24480.0,1.75,2.0,64,0.04,50,0.6,Low,14,64014,12,10,5
Optimal,0.8940773010253906,,38790.85355656431,2400.0,36390.85355656431,24.0,0.0,670.8535565642858,0.5590446304702382,0.11180892609404763,0.0,0.0,12.0,24.0,0.0,60.0,62.0,24000.0,1.6666666666666667,2.0,64,0.04,50,0.6,Low,15,64015,12,10,5
Optimal,0.8815488815307617,,38522.901325040795,2400.0,36122.901325040795,24.0,0.0,642.9013250407739,0.5590446304702382,0.10715022084012898,0.0,0.0,12.0,24.0,0.0,59.4,65.0,23760.0,1.6666666666666667,2.0,64,0.04,50,0.6,Low,16,64016,12,10,5
Optimal,0.9431250095367432,,37322.901325040795,2400.0,34922.901325040795,24.0,0.0,642.9013250407739,0.5590446304702382,0.10715022084012898,0.0,0.0,12.0,24.0,0.0,58.0,63.0,23200.0,1.6666666666666667,2.0,64,0.04,50,0.6,Low,17,64017,12,10,5
Optimal,0.8788461685180664,,39722.901325040795,2400.0,37322.901325040795,24.0,0.0,642.9013250407739,0.5590446304702382,0.10715022084012898,0.0,0.0,12.0,24.0,0.0,61.8,66.0,24720.0,1.6666666666666667,2.0,64,0.04,50,0.6,Low,18,64018,12,10,5
Optimal,1.051239252090454,,39350.85355656431,2400.0,36950.85355656431,24.0,0.0,670.8535565642858,0.5590446304702382,0.11180892609404763,0.0,0.0,12.0,24.0,0.0,61.6,63.0,24640.0,1.6666666666666667,2.0,64,0.04,50,0.6,Low,19,64019,12,10,5
Optimal,0.8281431198120117,,38982.9013250408,2400.0,36582.9013250408,24.0,0.0,642.9013250407739,0.5590446304702382,0.10715022084012898,0.0,0.0,12.0,24.0,0.0,58.8,62.0,23520.0,1.8333333333333333,2.0,64,0.04,50,0.6,Low,20,64020,12,10,5
Optimal,0.9093539714813232,,40286.87744080256,2400.0,37886.87744080256,24.0,0.0,656.8774408025299,0.5590446304702382,0.10947957346708832,0.0,0.0,12.0,24.0,0.0,60.8,67.0,24320.0,1.75,2.0,64,0.04,50,0.6,Low,21,64021,12,10,5
Optimal,0.8300280570983887,,38870.85355656431,2400.0,36470.85355656431,24.0,0.0,670.8535565642858,0.5590446304702382,0.11180892609404763,0.0,0.0,12.0,24.0,0.0,60.6,65.0,24240.0,1.6666666666666667,2.0,64,0.04,50,0.6,Low,22,64022,12,10,5
Optimal,0.8467509746551514,,38790.85355656431,2400.0,36390.85355656431,24.0,0.0,670.8535565642858,0.5590446304702382,0.11180892609404763,0.0,0.0,12.0,24.0,0.0,61.8,66.0,24720.0,1.6666666666666667,2.0,64,0.04,50,0.6,Low,23,64023,12,10,5
Optimal,0.8270459175109863,,38126.87744080256,2400.0,35726.87744080256,24.0,0.0,656.8774408025299,0.5590446304702382,0.10947957346708832,0.0,0.0,12.0,24.0,0.0,58.8,62.0,23520.0,1.75,2.0,64,0.04,50,0.6,Low,24,64024,12,10,5
Optimal,0.9247341156005859,,39834.94909351729,2400.0,37434.94909351729,24.0,0.0,614.949093517262,0.5590446304702382,0.10249151558621034,0.0,0.0,12.0,24.0,0.0,60.2,62.0,24080.0,1.8333333333333333,2.0,64,0.04,50,0.6,Low,25,64025,12,10,5
Optimal,0.8270022869110107,,39082.901325040795,2400.0,36682.901325040795,24.0,0.0,642.9013250407737,0.5590446304702382,0.10715022084012894,0.0,0.0,12.0,24.0,0.0,64.0,70.0,25600.0,1.6666666666666667,2.0,64,0.04,50,0.6,Low,26,64026,12,10,5
Optimal,0.8775649070739746,,38286.87744080256,2400.0,35886.87744080256,24.0,0.0,656.8774408025298,0.5590446304702382,0.10947957346708831,0.0,0.0,12.0,24.0,0.0,59.6,62.0,23840.0,1.75,2.0,64,0.04,50,0.6,Low,27,64027,12,10,5
Optimal,0.8437790870666504,,38686.87744080256,2400.0,36286.87744080256,24.0,0.0,656.8774408025298,0.5590446304702382,0.10947957346708831,0.0,0.0,12.0,24.0,0.0,59.6,63.0,23840.0,1.75,2.0,64,0.04,50,0.6,Low,28,64028,12,10,5
Optimal,0.8817398548126221,,39486.87744080256,2400.0,37086.87744080256,24.0,0.0,656.8774408025297,0.5590446304702382,0.1094795734670883,0.0,0.0,12.0,24.0,0.0,63.4,72.0,25360.0,1.75,2.0,64,0.04,50,0.6,Low,29,64029,12,10,5
Optimal,0.8100969791412354,,39250.97297775553,2400.0,36850.97297775553,24.0,0.0,600.972977755506,0.5590446304702382,0.10016216295925101,0.0,0.0,12.0,24.0,0.0,61.8,65.0,24720.0,1.9166666666666667,2.0,64,0.04,50,0.6,Low,30,64030,12,10,5
Optimal,1.9618489742279053,,53832.58351788998,3000.0,50832.58351788998,30.0,0.0,1092.5835178899351,0.46492915654890854,0.10405557313237478,0.0,0.0,15.0,30.0,0.0,110.2,133.0,44080.0,1.7333333333333334,2.0,65,0.04,50,0.6,Medium,1,65001,15,14,10
Optimal,1.6270031929016113,,53332.91704453481,3000.0,50332.91704453481,30.0,0.0,1162.9170445347293,0.5933788277623165,0.11075400424140279,0.0,0.0,15.0,30.0,0.0,107.8,126.0,43120.0,1.9333333333333333,2.0,65,0.04,50,0.6,Medium,2,65002,15,14,10
Optimal,1.7353057861328125,,55394.083148704594,3000.0,52394.083148704594,30.0,0.0,994.083148704521,0.5933788277623165,0.09467458559090677,0.0,0.0,15.0,30.0,0.0,115.0,133.0,46000.0,1.7333333333333334,2.0,65,0.04,50,0.6,Medium,3,65003,15,14,10
Optimal,2.2852730751037598,,53365.5739022503,3000.0,50365.5739022503,30.0,0.0,1085.57390225023,0.46492915654890854,0.1033879906904981,0.0,0.0,15.0,30.0,0.0,107.2,124.0,42880.0,1.7333333333333334,2.0,65,0.04,50,0.6,Medium,4,65004,15,14,10
Optimal,1.6271958351135254,,54262.385240569885,3000.0,51262.385240569885,30.0,0.0,1187.385240569793,0.5933788277623165,0.11308430862569457,0.0,0.0,15.0,30.0,0.0,110.3,128.0,44120.0,1.8666666666666667,2.0,65,0.04,50,0.6,Medium,5,65005,15,14,10
Optimal,1.898946762084961,,52982.71383114881,3000.0,49982.71383114881,30.0,0.0,1057.7138311487668,0.46492915654890854,0.10073465058559683,0.0,0.0,15.0,30.0,0.0,109.1,128.0,43640.0,1.8,2.0,65,0.04,50,0.6,Medium,6,65006,15,14,10
Optimal,1.7689259052276611,,53897.88922751589,3000.0,50897.88922751589,30.0,0.0,1077.8892275158162,0.5933788277623165,0.1026561169062682,0.0,0.0,15.0,30.0,0.0,110.0,128.0,44000.0,1.8666666666666667,2.0,65,0.04,50,0.6,Medium,7,65007,15,14,10
Optimal,1.6164331436157227,,52442.713831148816,3100.0,49342.713831148816,28.0,2.0,1057.713831148767,0.46492915654890854,0.10073465058559684,0.0,0.0,15.0,28.0,2.0,107.1,134.0,42840.0,1.8,2.0,65,0.04,50,0.6,Medium,8,65008,15,14,10
Optimal,2.611083984375,,54356.09060223509,3000.0,51356.09060223509,30.0,0.0,1046.090602235044,0.46492915654890854,0.09962767640333751,0.0,0.0,15.0,30.0,0.0,112.2,126.0,44880.0,1.8,2.0,65,0.04,50,0.6,Medium,9,65009,15,14,10
Optimal,1.5131361484527588,,53257.71383114881,3000.0,50257.71383114881,30.0,0.0,1057.713831148767,0.46492915654890854,0.10073465058559684,0.0,0.0,15.0,30.0,0.0,109.8,125.0,43920.0,1.8,2.0,65,0.04,50,0.6,Medium,10,65010,15,14,10
Optimal,1.6542558670043945,,52655.96028897625,3000.0,49655.96028897625,30.0,0.0,1080.9602889762123,0.46492915654890854,0.10294859895011546,0.0,0.0,15.0,30.0,0.0,107.4,124.0,42960.0,1.8666666666666667,2.0,65,0.04,50,0.6,Medium,11,65011,15,14,10
Optimal,1.7745089530944824,,52921.09060223509,3050.0,49871.09060223509,29.0,1.0,1046.0906022350443,0.46492915654890854,0.09962767640333756,0.0,0.0,15.0,29.0,1.0,107.9,120.0,43160.0,1.8,2.0,65,0.04,50,0.6,Medium,12,65012,15,14,10
Optimal,1.8954451084136963,,53265.308722682166,3000.0,50265.308722682166,30.0,0.0,1255.3087226820528,0.46492915654890854,0.11955321168400503,0.0,0.0,15.0,30.0,0.0,105.7,121.0,42280.0,1.8,2.0,65,0.04,50,0.6,Medium,13,65013,15,14,10
Optimal,1.604875087738037,,53394.64276968846,3000.0,50394.64276968846,30.0,0.0,1054.6427696883707,0.5933788277623165,0.1004421685417496,0.0,0.0,15.0,30.0,0.0,108.9,124.0,43560.0,1.6666666666666667,2.0,65,0.04,50,0.6,Medium,14,65014,15,14,10
Optimal,2.4992289543151855,,52962.994955376744,3000.0,49962.994955376744,30.0,0.0,1182.9949553766735,0.46492915654890854,0.11266618622634986,0.0,0.0,15.0,30.0,0.0,107.8,126.0,43120.0,1.8,2.0,65,0.04,50,0.6,Medium,15,65015,15,14,10
Optimal,1.9535260200500488,,54504.33706006253,3000.0,51504.33706006253,30.0,0.0,1069.3370600624896,0.46492915654890854,0.10184162476785615,0.0,0.0,15.0,30.0,0.0,107.2,123.0,42880.0,1.8666666666666667,2.0,65,0.04,50,0.6,Medium,16,65016,15,14,10
Optimal,1.863804817199707,,52227.45320463115,3000.0,49227.45320463115,30.0,0.0,1127.453204631103,0.46492915654890854,0.10737649567915267,0.0,0.0,15.0,30.0,0.0,102.2,122.0,40880.0,1.7333333333333334,2.0,65,0.04,50,0.6,Medium,17,65017,15,14,10
Optimal,1.7325539588928223,,54486.2938156211,3000.0,51486.2938156211,30.0,0.0,1151.2938156210066,0.5933788277623165,0.1096470300591435,0.0,0.0,15.0,30.0,0.0,112.5,127.0,45000.0,1.8,2.0,65,0.04,50,0.6,Medium,18,65018,15,14,10
Optimal,1.912240982055664,,53301.220915493934,3000.0,50301.220915493934,30.0,0.0,1011.2209154938757,0.46492915654890854,0.0963067538565596,0.0,0.0,15.0,30.0,0.0,107.6,125.0,43040.0,1.7333333333333334,2.0,65,0.04,50,0.6,Medium,19,65019,15,14,10
Optimal,2.0562450885772705,,54496.09060223508,3000.0,51496.09060223508,30.0,0.0,1046.0906022350441,0.46492915654890854,0.09962767640333753,0.0,0.0,15.0,30.0,0.0,110.2,129.0,44080.0,1.8,2.0,65,0.04,50,0.6,Medium,20,65020,15,14,10
Optimal,1.7540888786315918,,53252.385240569885,3000.0,50252.385240569885,30.0,0.0,1187.385240569793,0.5933788277623165,0.11308430862569457,0.0,0.0,15.0,30.0,0.0,109.8,129.0,43920.0,1.9333333333333333,2.0,65,0.04,50,0.6,Medium,21,65021,15,14,10
Optimal,1.935671091079712,,52986.09060223508,3000.0,49986.09060223508,30.0,0.0,1046.090602235044,0.46492915654890854,0.09962767640333751,0.0,0.0,15.0,30.0,0.0,108.4,130.0,43360.0,1.8666666666666667,2.0,65,0.04,50,0.6,Medium,22,65022,15,14,10
Optimal,1.6562039852142334,,52715.76201165616,3000.0,49715.76201165616,30.0,0.0,1175.7620116560702,0.5933788277623165,0.11197733444343526,0.0,0.0,15.0,30.0,0.0,108.5,125.0,43400.0,1.8666666666666667,2.0,65,0.04,50,0.6,Medium,23,65023,15,14,10
Optimal,2.272317886352539,,54147.45320463124,3050.0,51097.45320463124,29.0,1.0,1127.453204631103,0.46492915654890854,0.10737649567915267,0.0,0.0,15.0,29.0,1.0,107.5,122.0,43000.0,1.4666666666666666,2.0,65,0.04,50,0.6,Medium,24,65024,15,14,10
Optimal,1.5880858898162842,,53630.96275700923,3000.0,50630.96275700923,30.0,0.0,1180.9627570091225,0.5933788277623165,0.11247264352467833,0.0,0.0,15.0,30.0,0.0,108.6,123.0,43440.0,1.7333333333333334,2.0,65,0.04,50,0.6,Medium,25,65025,15,14,10
Optimal,1.6798691749572754,,53601.62487423299,3000.0,50601.62487423299,30.0,0.0,1121.6248742328908,0.5933788277623165,0.10682141659360865,0.0,0.0,15.0,30.0,0.0,109.1,128.0,43640.0,1.7333333333333334,2.0,65,0.04,50,0.6,Medium,26,65026,15,14,10
Optimal,1.6781082153320312,,53009.3395280955,3000.0,50009.3395280955,30.0,0.0,1169.3395280953998,0.5933788277623165,0.11136566934241904,0.0,0.0,15.0,30.0,0.0,108.4,123.0,43360.0,1.7333333333333334,2.0,65,0.04,50,0.6,Medium,27,65027,15,14,10
Optimal,1.6480929851531982,,54587.385240569885,3000.0,51587.385240569885,30.0,0.0,1187.385240569793,0.5933788277623165,0.11308430862569457,0.0,0.0,15.0,30.0,0.0,110.9,124.0,44360.0,1.8,2.0,65,0.04,50,0.6,Medium,28,65028,15,14,10
Optimal,1.9050140380859375,,54887.97445766647,3000.0,51887.97445766647,30.0,0.0,987.9744576664302,0.46492915654890854,0.09409280549204098,0.0,0.0,15.0,30.0,0.0,111.5,127.0,44600.0,1.8666666666666667,2.0,65,0.04,50,0.6,Medium,29,65029,15,14,10
Optimal,2.0814671516418457,,54556.09060223509,3000.0,51556.09060223509,30.0,0.0,1046.090602235044,0.46492915654890854,0.09962767640333751,0.0,0.0,15.0,30.0,0.0,111.9,131.0,44760.0,1.6666666666666667,2.0,65,0.04,50,0.6,Medium,30,65030,15,14,10
Optimal,2.8280582427978516,,58656.54101181936,3850.0,54806.54101181936,31.0,5.0,1371.5410118192801,0.46492915654890854,0.10885246125549843,0.0,0.0,18.0,31.0,5.0,118.53333333333333,191.0,53340.0,1.6111111111111112,2.0,66,0.04,50,0.6,High,1,66001,18,14,15
Optimal,2.9394469261169434,,58890.447387899236,3600.0,55290.447387899236,36.0,0.0,1430.4473878991914,0.4807338661609485,0.11352757046818979,0.0,0.0,18.0,36.0,0.0,119.6,184.0,53820.0,1.7777777777777777,2.0,66,0.04,50,0.6,High,2,66002,18,14,15
Optimal,2.5142388343811035,,59034.787469646784,3600.0,55434.787469646784,36.0,0.0,1394.7874696467254,0.46492915654890854,0.11069741822593059,0.0,0.0,18.0,36.0,0.0,119.93333333333334,195.0,53970.0,1.7222222222222223,2.0,66,0.04,50,0.6,High,3,66003,18,14,15
Optimal,2.3511409759521484,,58943.16424073306,3600.0,55343.16424073306,36.0,0.0,1383.1642407330028,0.46492915654890854,0.1097749397407145,0.0,0.0,18.0,36.0,0.0,119.8,189.0,53910.0,1.7777777777777777,2.0,66,0.04,50,0.6,High,4,66004,18,14,15
Optimal,2.5973989963531494,,57861.280385301674,3600.0,54261.280385301674,36.0,0.0,1441.2803853016162,0.46492915654890854,0.11438733216679495,0.0,0.0,18.0,36.0,0.0,117.26666666666667,189.0,52770.0,1.7777777777777777,2.0,66,0.04,50,0.6,High,5,66005,18,14,15
Optimal,2.754469871520996,,58559.91778290563,3500.0,55059.91778290563,35.0,0.0,1359.9177829055573,0.46492915654890854,0.10792998277028233,0.0,0.0,18.0,35.0,0.0,119.2,187.0,53640.0,1.6666666666666667,2.0,66,0.04,50,0.6,High,6,66006,18,14,15
Optimal,2.78524112701416,,57526.15007204286,3600.0,53926.15007204286,36.0,0.0,1476.1500720427848,0.46492915654890854,0.11715476762244323,0.0,0.0,18.0,36.0,0.0,116.33333333333333,189.0,52350.0,1.6666666666666667,2.0,66,0.04,50,0.6,High,7,66007,18,14,15
Optimal,2.6322720050811768,,58899.39652987028,3600.0,55299.39652987028,36.0,0.0,1499.3965298702299,0.46492915654890854,0.11899972459287537,0.0,0.0,18.0,36.0,0.0,119.46666666666667,186.0,53760.0,1.8333333333333333,2.0,66,0.04,50,0.6,High,8,66008,18,14,15
Optimal,2.6270620822906494,,58649.657156387955,3600.0,55049.657156387955,36.0,0.0,1429.6571563878938,0.46492915654890854,0.11346485368157888,0.0,0.0,18.0,36.0,0.0,118.93333333333334,193.0,53520.0,1.6666666666666667,2.0,66,0.04,50,0.6,High,9,66009,18,14,15
Optimal,2.3795249462127686,,57950.95426275572,3600.0,54350.95426275572,36.0,0.0,1670.954262755553,0.5933788277623165,0.13261541767901214,0.0,0.0,18.0,36.0,0.0,116.93333333333334,184.0,52620.0,1.7222222222222223,2.0,66,0.04,50,0.6,High,10,66010,18,14,15
Optimal,2.5314130783081055,,57794.787469646784,3600.0,54194.787469646784,36.0,0.0,1394.7874696467254,0.46492915654890854,0.11069741822593059,0.0,0.0,18.0,36.0,0.0,117.2,190.0,52740.0,1.7222222222222223,2.0,66,0.04,50,0.6,High,11,66011,18,14,15
Optimal,2.6811907291412354,,57774.787469646784,3600.0,54174.787469646784,36.0,0.0,1394.7874696467254,0.46492915654890854,0.11069741822593059,0.0,0.0,18.0,36.0,0.0,117.13333333333334,188.0,52710.0,1.7222222222222223,2.0,66,0.04,50,0.6,High,12,66012,18,14,15
Optimal,2.4910359382629395,,57499.52684312911,3600.0,53899.52684312911,36.0,0.0,1464.5268431290617,0.46492915654890854,0.11623228913722712,0.0,0.0,18.0,36.0,0.0,116.33333333333333,191.0,52350.0,1.7222222222222223,2.0,66,0.04,50,0.6,High,13,66013,18,14,15
Optimal,2.751051187515259,,57981.28038530168,3600.0,54381.28038530168,36.0,0.0,1441.2803853016162,0.46492915654890854,0.11438733216679495,0.0,0.0,18.0,36.0,0.0,117.53333333333333,186.0,52890.0,1.7222222222222223,2.0,66,0.04,50,0.6,High,14,66014,18,14,15
Optimal,2.157261848449707,,59723.16424073305,3500.0,56223.16424073305,35.0,0.0,1383.1642407330028,0.46492915654890854,0.1097749397407145,0.0,0.0,18.0,35.0,0.0,121.73333333333333,195.0,54780.0,1.7222222222222223,2.0,66,0.04,50,0.6,High,15,66015,18,14,15
Optimal,2.3467509746551514,,59358.033927474215,3600.0,55758.033927474215,36.0,0.0,1418.033927474171,0.46492915654890854,0.11254237519636277,0.0,0.0,18.0,36.0,0.0,120.66666666666667,192.0,54300.0,1.8333333333333333,2.0,66,0.04,50,0.6,High,16,66016,18,14,15
Optimal,2.100963830947876,,58254.65715638794,3600.0,54654.65715638794,36.0,0.0,1429.6571563878936,0.46492915654890854,0.11346485368157887,0.0,0.0,18.0,36.0,0.0,118.13333333333334,187.0,53160.0,1.7777777777777777,2.0,66,0.04,50,0.6,High,17,66017,18,14,15
Optimal,3.4433770179748535,,57651.47057972511,3600.0,54051.47057972511,36.0,0.0,1331.4705797250595,0.5933788277623164,0.10567226823214758,0.0,0.0,18.0,36.0,0.0,117.06666666666666,181.0,52680.0,1.8333333333333333,2.0,66,0.04,50,0.6,High,18,66018,18,14,15
Optimal,2.6930289268493652,,59124.266216611475,3500.0,55624.266216611475,35.0,0.0,1534.266216611398,0.46492915654890854,0.12176716004852366,0.0,0.0,18.0,35.0,0.0,120.06666666666666,186.0,54030.0,1.7222222222222223,2.0,66,0.04,50,0.6,High,19,66019,18,14,15
Optimal,3.74568772315979,,58819.65715638795,3600.0,55219.65715638795,36.0,0.0,1429.6571563878936,0.46492915654890854,0.11346485368157885,0.0,0.0,18.0,36.0,0.0,119.46666666666667,190.0,53760.0,1.8333333333333333,2.0,66,0.04,50,0.6,High,20,66020,18,14,15
Optimal,2.823531150817871,,56329.65715638794,3600.0,52729.65715638794,36.0,0.0,1429.6571563878936,0.46492915654890854,0.11346485368157885,0.0,0.0,18.0,36.0,0.0,113.93333333333334,184.0,51270.0,1.8333333333333333,2.0,66,0.04,50,0.6,High,21,66021,18,14,15
Optimal,2.254037857055664,,58493.16424073305,3500.0,54993.16424073305,35.0,0.0,1383.1642407330028,0.46492915654890854,0.1097749397407145,0.0,0.0,18.0,35.0,0.0,119.06666666666666,190.0,53580.0,1.8333333333333333,2.0,66,0.04,50,0.6,High,22,66022,18,14,15
Optimal,2.770469903945923,,59421.28038530168,3600.0,55821.28038530168,36.0,0.0,1441.2803853016164,0.46492915654890854,0.11438733216679496,0.0,0.0,18.0,36.0,0.0,120.66666666666667,194.0,54300.0,1.7222222222222223,2.0,66,0.04,50,0.6,High,23,66023,18,14,15
Optimal,2.2516837120056152,,58597.63243676812,3500.0,55097.63243676812,35.0,0.0,1407.6324367680663,0.5933788277623165,0.11171686006095766,0.0,0.0,18.0,35.0,0.0,119.2,187.0,53640.0,1.7777777777777777,2.0,66,0.04,50,0.6,High,24,66024,18,14,15
Optimal,2.5257511138916016,,57939.65715638795,3600.0,54339.65715638795,36.0,0.0,1429.6571563878936,0.46492915654890854,0.11346485368157887,0.0,0.0,18.0,36.0,0.0,117.46666666666667,187.0,52860.0,1.7777777777777777,2.0,66,0.04,50,0.6,High,25,66025,18,14,15
Optimal,2.9266138076782227,,57279.657156387955,3600.0,53679.657156387955,36.0,0.0,1429.6571563878936,0.46492915654890854,0.11346485368157887,0.0,0.0,18.0,36.0,0.0,116.0,189.0,52200.0,1.7777777777777777,2.0,66,0.04,50,0.6,High,26,66026,18,14,15
Optimal,2.8017053604125977,,57648.352656062736,3600.0,54048.352656062736,36.0,0.0,1618.3526560625714,0.5933788277623165,0.12844068698909297,0.0,0.0,18.0,36.0,0.0,116.4,189.0,52380.0,1.7222222222222223,2.0,66,0.04,50,0.6,High,27,66027,18,14,15
Optimal,3.9181950092315674,,57949.65715638795,3600.0,54349.65715638795,36.0,0.0,1429.6571563878933,0.46492915654890854,0.11346485368157884,0.0,0.0,18.0,36.0,0.0,117.53333333333333,190.0,52890.0,1.8333333333333333,2.0,66,0.04,50,0.6,High,28,66028,18,14,15
Optimal,3.3172569274902344,,57369.65715638794,3600.0,53769.65715638794,36.0,0.0,1429.6571563878936,0.46492915654890854,0.11346485368157885,0.0,0.0,18.0,36.0,0.0,116.2,185.0,52290.0,1.7777777777777777,2.0,66,0.04,50,0.6,High,29,66029,18,14,15
Optimal,2.82603120803833,,58219.65715638797,3600.0,54619.65715638797,36.0,0.0,1429.6571563878938,0.46492915654890854,0.11346485368157888,0.0,0.0,18.0,36.0,0.0,118.0,193.0,53100.0,1.6666666666666667,2.0,66,0.04,50,0.6,High,30,66030,18,14,15
Optimal,1.023637294769287,,39031.21343445418,2400.0,36631.21343445418,24.0,0.0,671.2134344541593,0.5662421882677056,0.11186890574235987,0.0,0.0,12.0,24.0,0.0,60.8,63.0,24320.0,1.6666666666666667,2.0,67,0.04,50,0.7,Low,1,67001,12,10,5
Optimal,1.104276180267334,,38819.28508716891,2400.0,36419.28508716891,24.0,0.0,629.2850871688913,0.5662421882677056,0.1048808478614819,0.0,0.0,12.0,24.0,0.0,59.2,64.0,23680.0,1.75,2.0,67,0.04,50,0.7,Low,2,67002,12,10,5
Optimal,1.037867784500122,,36927.59719658229,2400.0,34527.59719658229,24.0,0.0,657.5971965822763,0.5662421882677056,0.10959953276371272,0.0,0.0,12.0,24.0,0.0,56.6,62.0,22640.0,1.75,2.0,67,0.04,50,0.7,Low,3,67003,12,10,5
Optimal,1.1096932888031006,,39030.972977755526,2400.0,36630.972977755526,24.0,0.0,600.9729777555061,0.5590446304702382,0.10016216295925102,0.0,0.0,12.0,24.0,0.0,59.4,61.0,23760.0,1.75,2.0,67,0.04,50,0.7,Low,4,67004,12,10,5
Optimal,1.135650873184204,,37886.87744080256,2400.0,35486.87744080256,24.0,0.0,656.8774408025299,0.5590446304702382,0.10947957346708832,0.0,0.0,12.0,24.0,0.0,58.8,67.0,23520.0,1.75,2.0,67,0.04,50,0.7,Low,5,67005,12,10,5
Optimal,1.1480209827423096,,37750.972977755526,2400.0,35350.972977755526,24.0,0.0,600.9729777555061,0.5590446304702382,0.10016216295925102,0.0,0.0,12.0,24.0,0.0,55.8,60.0,22320.0,1.75,2.0,67,0.04,50,0.7,Low,6,67006,12,10,5
Optimal,1.2247991561889648,,37838.92520927905,2400.0,35438.92520927905,24.0,0.0,628.9252092790181,0.5590446304702382,0.10482086821316967,0.0,0.0,12.0,24.0,0.0,58.2,62.0,23280.0,1.9166666666666667,2.0,67,0.04,50,0.7,Low,7,67007,12,10,5
Optimal,1.0296149253845215,,38522.901325040795,2400.0,36122.901325040795,24.0,0.0,642.9013250407738,0.5590446304702382,0.10715022084012897,0.0,0.0,12.0,24.0,0.0,59.6,66.0,23840.0,1.6666666666666667,2.0,67,0.04,50,0.7,Low,8,67008,12,10,5
Optimal,1.025942087173462,,39538.92520927904,2400.0,37138.92520927904,24.0,0.0,628.9252092790181,0.5590446304702382,0.10482086821316967,0.0,0.0,12.0,24.0,0.0,60.2,65.0,24080.0,1.75,2.0,67,0.04,50,0.7,Low,9,67009,12,10,5
Optimal,1.0677940845489502,,38206.87744080256,2400.0,35806.87744080256,24.0,0.0,656.8774408025299,0.5590446304702382,0.10947957346708832,0.0,0.0,12.0,24.0,0.0,58.4,63.0,23360.0,1.75,2.0,67,0.04,50,0.7,Low,10,67010,12,10,5
Optimal,1.058244228363037,,37510.85355656431,2400.0,35110.85355656431,24.0,0.0,670.8535565642858,0.5590446304702382,0.11180892609404763,0.0,0.0,12.0,24.0,0.0,58.8,61.0,23520.0,1.6666666666666667,2.0,67,0.04,50,0.7,Low,11,67011,12,10,5
Optimal,1.1759519577026367,,37482.901325040795,2400.0,35082.901325040795,24.0,0.0,642.9013250407739,0.5590446304702382,0.10715022084012898,0.0,0.0,12.0,24.0,0.0,57.2,64.0,22880.0,1.6666666666666667,2.0,67,0.04,50,0.7,Low,12,67012,12,10,5
Optimal,1.0413129329681396,,38230.85355656431,2400.0,35830.85355656431,24.0,0.0,670.8535565642858,0.5590446304702382,0.11180892609404763,0.0,0.0,12.0,24.0,0.0,60.8,63.0,24320.0,1.6666666666666667,2.0,67,0.04,50,0.7,Low,13,67013,12,10,5
Optimal,1.1008870601654053,,39062.9013250408,2400.0,36662.9013250408,24.0,0.0,642.9013250407739,0.5590446304702382,0.10715022084012898,0.0,0.0,12.0,24.0,0.0,59.2,63.0,23680.0,1.8333333333333333,2.0,67,0.04,50,0.7,Low,14,67014,12,10,5
Optimal,1.0161631107330322,,38898.92520927904,2400.0,36498.92520927904,24.0,0.0,628.925209279018,0.5590446304702382,0.10482086821316966,0.0,0.0,12.0,24.0,0.0,59.2,62.0,23680.0,1.75,2.0,67,0.04,50,0.7,Low,15,67015,12,10,5
Optimal,1.110940933227539,,37670.85355656431,2400.0,35270.85355656431,24.0,0.0,670.8535565642858,0.5590446304702382,0.11180892609404763,0.0,0.0,12.0,24.0,0.0,59.0,62.0,23600.0,1.6666666666666667,2.0,67,0.04,50,0.7,Low,16,67016,12,10,5
Optimal,0.9981460571289062,,38710.85355656431,2400.0,36310.85355656431,24.0,0.0,670.8535565642858,0.5590446304702382,0.11180892609404763,0.0,0.0,12.0,24.0,0.0,59.2,65.0,23680.0,1.6666666666666667,2.0,67,0.04,50,0.7,Low,17,67017,12,10,5
Optimal,1.0330219268798828,,39962.901325040795,2400.0,37562.901325040795,24.0,0.0,642.9013250407739,0.5590446304702382,0.10715022084012898,0.0,0.0,12.0,24.0,0.0,62.0,66.0,24800.0,1.6666666666666667,2.0,67,0.04,50,0.7,Low,18,67018,12,10,5
Optimal,1.0540862083435059,,37990.85355656431,2400.0,35590.85355656431,24.0,0.0,670.8535565642858,0.5590446304702382,0.11180892609404763,0.0,0.0,12.0,24.0,0.0,59.8,61.0,23920.0,1.6666666666666667,2.0,67,0.04,50,0.7,Low,19,67019,12,10,5
Optimal,1.0586588382720947,,37806.87744080256,2400.0,35406.87744080256,24.0,0.0,656.8774408025299,0.5590446304702382,0.10947957346708832,0.0,0.0,12.0,24.0,0.0,56.8,61.0,22720.0,1.75,2.0,67,0.04,50,0.7,Low,20,67020,12,10,5
Optimal,0.996333122253418,,38014.94909351728,2400.0,35614.94909351728,24.0,0.0,614.949093517262,0.5590446304702382,0.10249151558621034,0.0,0.0,12.0,24.0,0.0,59.8,65.0,23920.0,1.6666666666666667,2.0,67,0.04,50,0.7,Low,21,67021,12,10,5
Optimal,1.0951838493347168,,39566.87744080256,2400.0,37166.87744080256,24.0,0.0,656.8774408025299,0.5590446304702382,0.10947957346708832,0.0,0.0,12.0,24.0,0.0,61.8,65.0,24720.0,1.75,2.0,67,0.04,50,0.7,Low,22,67022,12,10,5
Optimal,1.307377815246582,,37298.92520927904,2400.0,34898.92520927904,24.0,0.0,628.925209279018,0.5590446304702382,0.10482086821316966,0.0,0.0,12.0,24.0,0.0,59.6,67.0,23840.0,1.75,2.0,67,0.04,50,0.7,Low,23,67023,12,10,5
Optimal,1.092587947845459,,39458.92520927904,2400.0,37058.92520927904,24.0,0.0,628.9252092790181,0.5590446304702382,0.10482086821316967,0.0,0.0,12.0,24.0,0.0,61.4,66.0,24560.0,1.75,2.0,67,0.04,50,0.7,Low,24,67024,12,10,5
Optimal,1.130918264389038,,38682.901325040795,2400.0,36282.901325040795,24.0,0.0,642.9013250407739,0.5590446304702382,0.10715022084012898,0.0,0.0,12.0,24.0,0.0,60.2,66.0,24080.0,1.6666666666666667,2.0,67,0.04,50,0.7,Low,25,67025,12,10,5
Optimal,1.078035831451416,,37590.972977755526,2400.0,35190.972977755526,24.0,0.0,600.972977755506,0.5590446304702382,0.10016216295925101,0.0,0.0,12.0,24.0,0.0,58.8,64.0,23520.0,1.75,2.0,67,0.04,50,0.7,Low,26,67026,12,10,5
Optimal,1.1410329341888428,,37698.92520927904,2400.0,35298.92520927904,24.0,0.0,628.9252092790181,0.5590446304702382,0.10482086821316967,0.0,0.0,12.0,24.0,0.0,58.0,62.0,23200.0,1.75,2.0,67,0.04,50,0.7,Low,27,67027,12,10,5
Optimal,1.0649569034576416,,38814.94909351728,2400.0,36414.94909351728,24.0,0.0,614.949093517262,0.5590446304702382,0.10249151558621034,0.0,0.0,12.0,24.0,0.0,59.8,68.0,23920.0,1.6666666666666667,2.0,67,0.04,50,0.7,Low,28,67028,12,10,5
Optimal,1.0670459270477295,,39511.573312344044,2400.0,37111.573312344044,24.0,0.0,671.5733123440326,0.5662421882677056,0.1119288853906721,0.0,0.0,12.0,24.0,0.0,61.0,65.0,24400.0,1.6666666666666667,2.0,67,0.04,50,0.7,Low,29,67029,12,10,5
Optimal,1.0751397609710693,,38658.92520927904,2400.0,36258.92520927904,24.0,0.0,628.9252092790181,0.5590446304702382,0.10482086821316967,0.0,0.0,12.0,24.0,0.0,59.2,63.0,23680.0,1.75,2.0,67,0.04,50,0.7,Low,30,67030,12,10,5
Optimal,2.121706008911133,,49726.40695220026,4500.0,45226.40695220026,45.0,0.0,2016.406952200241,0.6937362325279015,0.19203875735240392,33.0,0.0,15.0,45.0,0.0,94.2,126.0,37680.0,2.533333333333333,3.0,68,0.04,50,0.7,Medium,1,68001,15,14,10
Optimal,2.157303810119629,,50896.40695220025,4500.0,46396.40695220025,45.0,0.0,2016.406952200241,0.6937362325279015,0.19203875735240392,33.0,0.0,15.0,45.0,0.0,96.5,130.0,38600.0,2.533333333333333,3.0,68,0.04,50,0.7,Medium,2,68002,15,14,10
Optimal,2.326247215270996,,50473.79159630976,4500.0,45973.79159630976,45.0,0.0,2073.7915963097626,0.6937362325279015,0.1975039615533107,37.0,0.0,15.0,45.0,0.0,93.8,127.0,37520.0,2.466666666666667,3.0,68,0.04,50,0.7,Medium,3,68003,15,14,10
Optimal,2.091464042663574,,50556.406952200254,4500.0,46056.406952200254,45.0,0.0,2016.406952200241,0.6937362325279015,0.19203875735240392,33.0,0.0,15.0,45.0,0.0,95.3,124.0,38120.0,2.533333333333333,3.0,68,0.04,50,0.7,Medium,4,68004,15,14,10
Optimal,2.2670907974243164,,50007.481555769664,4500.0,45507.481555769664,45.0,0.0,2027.4815557696445,0.6937362325279015,0.19309348150187092,36.0,0.0,15.0,45.0,0.0,95.7,122.0,38280.0,2.533333333333333,3.0,68,0.04,50,0.7,Medium,5,68005,15,14,10
Optimal,2.118981122970581,,51085.78057545305,4500.0,46585.78057545305,45.0,0.0,2085.780575453031,0.6937362325279015,0.19864576909076487,35.0,0.0,15.0,45.0,0.0,95.8,128.0,38320.0,2.4,3.0,68,0.04,50,0.7,Medium,6,68006,15,14,10
Optimal,2.084089756011963,,50539.282934608425,4500.0,46039.282934608425,45.0,0.0,1889.2829346083834,0.6973937348233629,0.17993170805794126,30.0,0.0,15.0,45.0,0.0,99.2,119.0,39680.0,2.6,3.0,68,0.04,50,0.7,Medium,7,68007,15,14,10
Optimal,2.6608598232269287,,49130.684794372864,4500.0,44630.684794372864,45.0,0.0,2060.6847943728076,0.6937362325279015,0.19625569470217216,35.0,0.0,15.0,45.0,0.0,94.5,122.0,37800.0,2.533333333333333,3.0,68,0.04,50,0.7,Medium,8,68008,15,14,10
Optimal,2.928896903991699,,50647.29868065488,4500.0,46147.29868065488,45.0,0.0,2027.2986806548715,0.6937362325279015,0.19307606482427347,37.0,0.0,15.0,45.0,0.0,95.1,128.0,38040.0,2.6666666666666665,3.0,68,0.04,50,0.7,Medium,9,68009,15,14,10
Optimal,2.103689193725586,,50876.22407708548,4500.0,46376.22407708548,45.0,0.0,2016.224077085468,0.6937362325279015,0.19202134067480647,34.0,0.0,15.0,45.0,0.0,95.5,134.0,38200.0,2.533333333333333,3.0,68,0.04,50,0.7,Medium,10,68010,15,14,10
Optimal,2.1464881896972656,,49916.3292007974,4500.0,45416.3292007974,45.0,0.0,2086.32920079735,0.6973937348233629,0.19869801912355714,37.0,0.0,15.0,45.0,0.0,93.2,127.0,37280.0,2.533333333333333,3.0,68,0.04,50,0.7,Medium,11,68011,15,14,10
Optimal,2.276578187942505,,49747.847305999196,4500.0,45247.847305999196,45.0,0.0,2027.8473059991907,0.6937362325279015,0.19312831485706577,34.0,0.0,15.0,45.0,0.0,94.1,122.0,37640.0,2.6666666666666665,3.0,68,0.04,50,0.7,Medium,12,68012,15,14,10
Optimal,2.1462512016296387,,49798.734309264066,4500.0,45298.734309264066,45.0,0.0,1888.7343092640642,0.6937362325279015,0.17987945802514896,32.0,0.0,15.0,45.0,0.0,96.9,128.0,38760.0,2.7333333333333334,3.0,68,0.04,50,0.7,Medium,13,68013,15,14,10
Optimal,1.9046251773834229,,50205.817861189615,4500.0,45705.817861189615,45.0,0.0,1855.817861189606,0.6937362325279015,0.1767445582085339,28.0,0.0,15.0,45.0,0.0,99.3,123.0,39720.0,2.6,3.0,68,0.04,50,0.7,Medium,14,68014,15,14,10
Optimal,2.3200457096099854,,49575.78057545303,4500.0,45075.78057545303,45.0,0.0,2085.780575453031,0.6937362325279015,0.19864576909076487,35.0,0.0,15.0,45.0,0.0,92.8,125.0,37120.0,2.6,3.0,68,0.04,50,0.7,Medium,15,68015,15,14,10
Optimal,3.040682077407837,,49278.44266745962,4500.0,44778.44266745962,45.0,0.0,2098.442667459599,0.6973937348233629,0.19985168261519987,40.0,0.0,15.0,45.0,0.0,91.5,123.0,36600.0,2.6666666666666665,3.0,68,0.04,50,0.7,Medium,16,68016,15,14,10
Optimal,2.068470001220703,,50321.17151522953,4500.0,45821.17151522953,45.0,0.0,1981.1715152295267,0.6937362325279015,0.18868300145043113,35.0,0.0,15.0,45.0,0.0,96.6,124.0,38640.0,2.6,3.0,68,0.04,50,0.7,Medium,17,68017,15,14,10
Optimal,2.18353009223938,,49504.49572445987,4500.0,45004.49572445987,45.0,0.0,1934.4957244598625,0.6937362325279015,0.18423768804379642,36.0,0.0,15.0,45.0,0.0,95.3,122.0,38120.0,2.6666666666666665,3.0,68,0.04,50,0.7,Medium,18,68018,15,14,10
Optimal,2.6140899658203125,,49487.66443088443,4500.0,44987.66443088443,45.0,0.0,2027.6644308844177,0.6937362325279015,0.19311089817946833,35.0,0.0,15.0,45.0,0.0,94.5,124.0,37800.0,2.533333333333333,3.0,68,0.04,50,0.7,Medium,19,68019,15,14,10
Optimal,2.112535238265991,,50759.87829606881,4500.0,46259.87829606881,45.0,0.0,1959.8782960687913,0.6937362325279014,0.18665507581607535,31.0,0.0,15.0,45.0,0.0,97.2,129.0,38880.0,2.3333333333333335,3.0,68,0.04,50,0.7,Medium,20,68020,15,14,10
Optimal,2.220784902572632,,48760.10163684988,4500.0,44260.10163684988,45.0,0.0,2120.1016368498804,0.6937362325279015,0.2019144416047505,38.0,0.0,15.0,45.0,0.0,91.1,122.0,36440.0,2.4,3.0,68,0.04,50,0.7,Medium,21,68021,15,14,10
Optimal,1.979729175567627,,48545.85832685592,4500.0,44045.85832685592,45.0,0.0,2015.8583268559219,0.6937362325279015,0.19198650731961162,36.0,0.0,15.0,45.0,0.0,94.5,125.0,37800.0,2.6,3.0,68,0.04,50,0.7,Medium,22,68022,15,14,10
Optimal,2.0004780292510986,,49377.1158055401,4500.0,44877.1158055401,45.0,0.0,2027.115805540098,0.6937362325279015,0.193058648146676,38.0,0.0,15.0,45.0,0.0,92.2,126.0,36880.0,2.8,3.0,68,0.04,50,0.7,Medium,23,68023,15,14,10
Optimal,2.1892828941345215,,50154.683324764395,4500.0,45654.683324764395,45.0,0.0,2084.6833247643926,0.6937362325279015,0.19854126902518027,41.0,0.0,15.0,45.0,0.0,96.1,128.0,38440.0,2.8,3.0,68,0.04,50,0.7,Medium,24,68024,15,14,10
Optimal,2.1084322929382324,,51065.67545174116,4500.0,46565.67545174116,45.0,0.0,2015.6754517411487,0.6937362325279015,0.19196909064201415,37.0,0.0,15.0,45.0,0.0,97.3,132.0,38920.0,2.6666666666666665,3.0,68,0.04,50,0.7,Medium,25,68025,15,14,10
Optimal,2.003925085067749,,49645.04907499394,4500.0,45145.04907499394,45.0,0.0,2085.0490749939386,0.6937362325279015,0.1985761023803751,39.0,0.0,15.0,45.0,0.0,93.8,128.0,37520.0,2.6666666666666665,3.0,68,0.04,50,0.7,Medium,26,68026,15,14,10
Optimal,2.2861928939819336,,50621.802617166526,4500.0,46121.802617166526,45.0,0.0,2061.8026171664933,0.6937362325279015,0.19636215401585652,39.0,0.0,15.0,45.0,0.0,95.6,127.0,38240.0,2.533333333333333,3.0,68,0.04,50,0.7,Medium,27,68027,15,14,10
Optimal,2.6835827827453613,,49797.48155576965,4500.0,45297.48155576965,45.0,0.0,2027.4815557696443,0.6937362325279015,0.1930934815018709,36.0,0.0,15.0,45.0,0.0,93.9,128.0,37560.0,2.6,3.0,68,0.04,50,0.7,Medium,28,68028,15,14,10
Optimal,2.0986201763153076,,49656.58982731503,4500.0,45156.58982731503,45.0,0.0,2016.5898273150142,0.6937362325279015,0.19205617403000133,32.0,0.0,15.0,45.0,0.0,93.0,125.0,37200.0,2.3333333333333335,3.0,68,0.04,50,0.7,Medium,29,68029,15,14,10
Optimal,2.260024070739746,,49719.470534912914,4500.0,45219.470534912914,45.0,0.0,2039.4705349129129,0.6973937348233629,0.19423528903932505,35.0,0.0,15.0,45.0,0.0,95.0,130.0,38000.0,2.6666666666666665,3.0,68,0.04,50,0.7,Medium,30,68030,15,14,10
Optimal,2.6754908561706543,,53076.19259875062,5400.0,47676.19259875062,54.0,0.0,2826.1925987505965,0.6937362325279015,0.22430099990084099,54.0,0.0,18.0,54.0,0.0,99.53333333333333,186.0,44790.0,2.5,3.0,69,0.04,50,0.7,High,1,69001,18,14,15
Optimal,2.7475016117095947,,53646.74122409493,5300.0,48346.74122409493,53.0,0.0,2826.7412240949157,0.6937362325279015,0.22434454159483458,51.0,0.0,18.0,53.0,0.0,101.06666666666666,193.0,45480.0,2.5555555555555554,3.0,69,0.04,50,0.7,High,2,69002,18,14,15
Optimal,2.9063029289245605,,53203.15166315716,5300.0,47903.15166315716,53.0,0.0,2793.151663157159,0.6937362325279015,0.22167870342517135,44.0,0.0,18.0,53.0,0.0,100.13333333333334,193.0,45060.0,2.4444444444444446,3.0,69,0.04,50,0.7,High,3,69003,18,14,15
Optimal,3.8446969985961914,,53370.099714087475,5400.0,47970.099714087475,54.0,0.0,3020.099714087388,0.6973937348233629,0.23969045349899903,57.0,0.0,18.0,54.0,0.0,99.8,187.0,44910.0,2.6666666666666665,3.0,69,0.04,50,0.7,High,4,69004,18,14,15
Optimal,2.556058883666992,,52900.51366014743,5400.0,47500.51366014743,54.0,0.0,2860.5136601474455,0.6937362325279015,0.22702489366249567,57.0,0.0,18.0,54.0,0.0,99.2,184.0,44640.0,2.8333333333333335,3.0,69,0.04,50,0.7,High,5,69005,18,14,15
Optimal,3.9551141262054443,,54165.057506253776,5400.0,48765.057506253776,54.0,0.0,2855.057506253751,0.6973937348233629,0.22659186557569452,53.0,0.0,18.0,54.0,0.0,102.0,189.0,45900.0,2.7777777777777777,3.0,69,0.04,50,0.7,High,6,69006,18,14,15
Optimal,2.638190984725952,,53431.470046647635,5400.0,48031.470046647635,54.0,0.0,2781.470046647643,0.6937362325279015,0.22075159100378117,51.0,0.0,18.0,54.0,0.0,100.46666666666667,187.0,45210.0,2.5555555555555554,3.0,69,0.04,50,0.7,High,7,69007,18,14,15
Optimal,3.0104031562805176,,52425.11799518123,5400.0,47025.11799518123,54.0,0.0,2815.117995181193,0.6937362325279015,0.22342206310961849,51.0,0.0,18.0,54.0,0.0,98.06666666666666,188.0,44130.0,2.388888888888889,3.0,69,0.04,50,0.7,High,8,69008,18,14,15
Optimal,2.652595043182373,,53876.81314975795,5400.0,48476.81314975795,54.0,0.0,2791.8131497579543,0.6937362325279015,0.22157247220301224,58.0,0.0,18.0,54.0,0.0,101.46666666666667,185.0,45660.0,2.7222222222222223,3.0,69,0.04,50,0.7,High,9,69009,18,14,15
Optimal,2.8064959049224854,,53500.879410377,5400.0,48100.879410377,54.0,0.0,2860.8794103769915,0.6937362325279015,0.2270539214584914,55.0,0.0,18.0,54.0,0.0,100.4,194.0,45180.0,2.5555555555555554,3.0,69,0.04,50,0.7,High,10,69010,18,14,15
Optimal,2.765688896179199,,52956.21524586986,5400.0,47556.21524586986,54.0,0.0,2816.215245869831,0.6937362325279015,0.22350914649760564,45.0,0.0,18.0,54.0,0.0,99.2,192.0,44640.0,2.2777777777777777,3.0,69,0.04,50,0.7,High,11,69011,18,14,15
Optimal,2.96616792678833,,52485.117995181194,5300.0,47185.117995181194,53.0,0.0,2815.117995181193,0.6937362325279015,0.22342206310961849,51.0,0.0,18.0,53.0,0.0,98.53333333333333,184.0,44340.0,2.5555555555555554,3.0,69,0.04,50,0.7,High,12,69012,18,14,15
Optimal,2.5290098190307617,,52851.6109108361,5400.0,47451.6109108361,54.0,0.0,2861.610910836084,0.6973937348233629,0.22711197705048283,57.0,0.0,18.0,54.0,0.0,99.06666666666666,189.0,44580.0,2.7777777777777777,3.0,69,0.04,50,0.7,High,13,69013,18,14,15
Optimal,2.785230875015259,,52665.30087029601,5400.0,47265.30087029601,54.0,0.0,2815.300870295966,0.6937362325279015,0.22343657700761635,50.0,0.0,18.0,54.0,0.0,98.6,183.0,44370.0,2.3333333333333335,3.0,69,0.04,50,0.7,High,14,69014,18,14,15
Optimal,2.79311203956604,,53606.29772246248,5400.0,48206.29772246248,54.0,0.0,2896.2977224624788,0.6937362325279015,0.22986489860813322,52.0,0.0,18.0,54.0,0.0,100.53333333333333,183.0,45240.0,2.4444444444444446,3.0,69,0.04,50,0.7,High,15,69015,18,14,15
Optimal,2.71185302734375,,53099.0733063485,5400.0,47699.0733063485,54.0,0.0,2849.073306348496,0.6937362325279015,0.22611692907527745,56.0,0.0,18.0,54.0,0.0,99.6,196.0,44820.0,2.6666666666666665,3.0,69,0.04,50,0.7,High,16,69016,18,14,15
Optimal,2.934622049331665,,54640.24830844003,5400.0,49240.24830844003,54.0,0.0,2780.2483084400246,0.6937362325279015,0.2206546276539702,51.0,0.0,18.0,54.0,0.0,103.0,191.0,46350.0,2.4444444444444446,3.0,69,0.04,50,0.7,High,17,69017,18,14,15
Optimal,3.277068853378296,,51761.4280357213,5400.0,46361.4280357213,54.0,0.0,2861.4280357213106,0.6973937348233629,0.227097463152485,53.0,0.0,18.0,54.0,0.0,96.66666666666667,185.0,43500.0,2.7777777777777777,3.0,69,0.04,50,0.7,High,18,69018,18,14,15
Optimal,3.118696928024292,,52938.54732812338,5400.0,47538.54732812338,54.0,0.0,2838.5473281233762,0.6937362325279015,0.22528153397804576,50.0,0.0,18.0,54.0,0.0,99.26666666666667,186.0,44670.0,2.611111111111111,3.0,69,0.04,50,0.7,High,19,69019,18,14,15
Optimal,2.9222657680511475,,53204.67449354875,5400.0,47804.67449354875,54.0,0.0,2884.6744935487563,0.6937362325279015,0.22894242012291718,52.0,0.0,18.0,54.0,0.0,99.66666666666667,186.0,44850.0,2.5,3.0,69,0.04,50,0.7,High,20,69020,18,14,15
Optimal,3.043178081512451,,53958.74812516774,5400.0,48558.74812516774,54.0,0.0,2678.7481251676622,0.6973937348233629,0.21259905755298905,48.0,0.0,18.0,54.0,0.0,101.8,189.0,45810.0,2.3333333333333335,3.0,69,0.04,50,0.7,High,21,69021,18,14,15
Optimal,3.413743019104004,,52817.70816152482,5400.0,47417.70816152482,54.0,0.0,2862.708161524722,0.6973937348233629,0.22719906043847002,46.0,0.0,18.0,54.0,0.0,98.8,187.0,44460.0,2.2777777777777777,3.0,69,0.04,50,0.7,High,22,69022,18,14,15
Optimal,3.3913609981536865,,53624.75224495164,5400.0,48224.75224495164,54.0,0.0,2814.752244951647,0.6937362325279015,0.22339303531362276,53.0,0.0,18.0,54.0,0.0,100.86666666666666,193.0,45390.0,2.6666666666666665,3.0,69,0.04,50,0.7,High,23,69023,18,14,15
Optimal,2.7196311950683594,,52750.879410376976,5400.0,47350.879410376976,54.0,0.0,2860.8794103769915,0.6937362325279015,0.2270539214584914,55.0,0.0,18.0,54.0,0.0,98.8,190.0,44460.0,2.6666666666666665,3.0,69,0.04,50,0.7,High,24,69024,18,14,15
Optimal,2.8975138664245605,,53880.90205749623,5400.0,48480.90205749623,54.0,0.0,2850.9020574962265,0.6937362325279015,0.22626206805525606,46.0,0.0,18.0,54.0,0.0,101.2,186.0,45540.0,2.2777777777777777,3.0,69,0.04,50,0.7,High,25,69025,18,14,15
Optimal,2.6138641834259033,,52641.610910836105,5400.0,47241.610910836105,54.0,0.0,2861.610910836084,0.6937362325279015,0.22711197705048283,51.0,0.0,18.0,54.0,0.0,98.53333333333333,181.0,44340.0,2.5555555555555554,3.0,69,0.04,50,0.7,High,26,69026,18,14,15
Optimal,3.107577085494995,,54270.97980889912,5400.0,48870.97980889912,54.0,0.0,2780.979808899117,0.6937362325279015,0.22071268324596166,47.0,0.0,18.0,54.0,0.0,102.33333333333333,191.0,46050.0,2.5,3.0,69,0.04,50,0.7,High,27,69027,18,14,15
Optimal,3.557415008544922,,53313.01552392431,5400.0,47913.01552392431,54.0,0.0,2863.015523924301,0.6973937348233629,0.22722345427970642,53.0,0.0,18.0,54.0,0.0,100.06666666666666,183.0,45030.0,2.6666666666666665,3.0,69,0.04,50,0.7,High,28,69028,18,14,15
Optimal,2.858902931213379,,54630.79693378434,5300.0,49330.79693378434,53.0,0.0,2780.796933784344,0.6973937348233629,0.22069816934796382,49.0,0.0,18.0,53.0,0.0,103.4,191.0,46530.0,2.611111111111111,3.0,69,0.04,50,0.7,High,29,69029,18,14,15
Optimal,2.64125394821167,,52842.36033322476,5400.0,47442.36033322476,54.0,0.0,2702.360333224654,0.6973937348233629,0.21447304231941697,46.0,0.0,18.0,54.0,0.0,99.26666666666667,181.0,44670.0,2.388888888888889,3.0,69,0.04,50,0.7,High,30,69030,18,14,15
Optimal,7.125750780105591,,36670.58901886486,3600.0,33070.58901886486,36.0,0.0,1210.5890188647884,0.7196472874166815,0.20176483647746474,15.0,0.0,12.0,36.0,0.0,63.6,66.0,25440.0,2.6666666666666665,3.0,70,0.04,50,0.8,Low,1,70001,12,10,5
Optimal,20.651391983032227,,36900.58349927496,3600.0,33300.58349927496,36.0,0.0,1290.5838699383971,0.71964732633148,0.2150973116563995,18.0,0.0,12.0,36.0,0.0,60.2,66.0,24080.0,2.75,3.0,70,0.04,50,0.8,Low,2,70002,12,10,5
Optimal,47.30086302757263,,36258.614016563195,3600.0,32658.614016563195,36.0,0.0,1298.6140165631095,0.7196472874166815,0.21643566942718492,19.0,0.0,12.0,36.0,0.0,60.0,67.0,24000.0,2.8333333333333335,3.0,70,0.04,50,0.8,Low,3,70003,12,10,5
Optimal,3.7607040405273438,,35294.64283969785,3600.0,31694.64283969785,36.0,0.0,1204.643037176654,0.7196472874166815,0.2007738395294423,16.0,0.0,12.0,36.0,0.0,60.4,63.0,24160.0,2.75,3.0,70,0.04,50,0.8,Low,4,70004,12,10,5
Optimal,7.343608140945435,,35424.68455907984,3600.0,31824.68455907984,36.0,0.0,1154.6845590797718,0.7196472874166815,0.1924474265132953,15.0,0.0,12.0,36.0,0.0,58.0,66.0,23200.0,2.6666666666666665,3.0,70,0.04,50,0.8,Low,5,70005,12,10,5
Optimal,6.987701892852783,,36470.656600939335,3600.0,32870.656600939335,36.0,0.0,1350.6566506436543,0.7196472874166815,0.2251094417739424,22.0,0.0,12.0,36.0,0.0,59.4,65.0,23760.0,2.9166666666666665,3.0,70,0.04,50,0.8,Low,6,70006,12,10,5
Optimal,8.281800985336304,,35254.59637728273,3600.0,31654.59637728273,36.0,0.0,1334.5963772826422,0.7196472874166815,0.22243272954710705,20.0,0.0,12.0,36.0,0.0,57.2,60.0,22880.0,2.8333333333333335,3.0,70,0.04,50,0.8,Low,7,70007,12,10,5
Optimal,17.000078678131104,,37262.63165219236,3600.0,33662.63165219236,36.0,0.0,1262.6316521922754,0.7196472874166815,0.21043860869871256,18.0,0.0,12.0,36.0,0.0,62.0,68.0,24800.0,2.8333333333333335,3.0,70,0.04,50,0.8,Low,8,70008,12,10,5
Optimal,14.164087057113647,,33618.61395112503,3600.0,30018.61395112503,36.0,0.0,1298.6139900411877,0.7196472874166815,0.2164356650068646,19.0,0.0,12.0,36.0,0.0,56.4,61.0,22560.0,2.8333333333333335,3.0,70,0.04,50,0.8,Low,9,70009,12,10,5
Optimal,2.9862380027770996,,37690.67206186168,3600.0,34090.67206186168,36.0,0.0,1110.6720618616168,0.7196472874166815,0.1851120103102695,13.0,0.0,12.0,36.0,0.0,62.6,68.0,25040.0,2.6666666666666665,3.0,70,0.04,50,0.8,Low,10,70010,12,10,5
NO_SOLUTION,120.15580987930298,Solver timed out or no feasible solution found,,,,,,,,,,,,,,,,,,,70,0.04,50,0.8,Low,11,70011,12,10,5
NO_SOLUTION,120.2666802406311,Solver timed out or no feasible solution found,,,,,,,,,,,,,,,,,,,70,0.04,50,0.8,Low,12,70012,12,10,5
Optimal,25.365049839019775,,35088.6191549742,3600.0,31488.6191549742,36.0,0.0,1218.6191549741193,0.7196472874166815,0.20310319249568654,16.0,0.0,12.0,36.0,0.0,59.4,62.0,23760.0,2.6666666666666665,3.0,70,0.04,50,0.8,Low,13,70013,12,10,5
NO_SOLUTION,120.27639603614807,Solver timed out or no feasible solution found,,,,,,,,,,,,,,,,,,,70,0.04,50,0.8,Low,14,70014,12,10,5
NO_SOLUTION,120.28715896606445,Solver timed out or no feasible solution found,,,,,,,,,,,,,,,,,,,70,0.04,50,0.8,Low,15,70015,12,10,5
Optimal,7.218299865722656,,36528.54107827519,3600.0,32928.54107827519,36.0,0.0,1238.5412229469355,0.7196472874166815,0.20642353715782258,15.0,0.0,12.0,36.0,0.0,61.2,67.0,24480.0,2.6666666666666665,3.0,70,0.04,50,0.8,Low,16,70016,12,10,5
NO_SOLUTION,120.15601325035095,Solver timed out or no feasible solution found,,,,,,,,,,,,,,,,,,,70,0.04,50,0.8,Low,17,70017,12,10,5
Optimal,72.48459315299988,,36072.63679060336,3600.0,32472.636790603363,36.0,0.0,1182.636790603285,0.7196472874166815,0.19710613176721417,15.0,0.0,12.0,36.0,0.0,60.2,66.0,24080.0,2.75,3.0,70,0.04,50,0.8,Low,18,70018,12,10,5
Optimal,2.827094078063965,,35930.67206186168,3600.0,32330.672061861682,36.0,0.0,1110.6720618616168,0.7196472874166815,0.1851120103102695,13.0,0.0,12.0,36.0,0.0,61.0,63.0,24400.0,2.5,3.0,70,0.04,50,0.8,Low,19,70019,12,10,5
Optimal,7.226059913635254,,36818.61397610385,3600.0,33218.61397610385,36.0,0.0,1298.61397610376,0.7196472874166815,0.21643566268396,19.0,0.0,12.0,36.0,0.0,61.0,67.0,24400.0,2.8333333333333335,3.0,70,0.04,50,0.8,Low,20,70020,12,10,5
NO_SOLUTION,120.16993284225464,Solver timed out or no feasible solution found,,,,,,,,,,,,,,,,,,,70,0.04,50,0.8,Low,21,70021,12,10,5
Optimal,4.12326717376709,,36794.528756432235,3600.0,33194.528756432235,36.0,0.0,1194.5287564321527,0.7196472874166815,0.19908812607202545,13.0,0.0,12.0,36.0,0.0,62.4,69.0,24960.0,2.6666666666666665,3.0,70,0.04,50,0.8,Low,22,70022,12,10,5
NO_SOLUTION,120.14911103248596,Solver timed out or no feasible solution found,,,,,,,,,,,,,,,,,,,70,0.04,50,0.8,Low,23,70023,12,10,5
Optimal,3.7273600101470947,,36430.51112080307,3600.0,32830.51112080307,36.0,0.0,1230.5111208029866,0.7196472874166815,0.20508518680049775,14.0,0.0,12.0,36.0,0.0,61.8,65.0,24720.0,2.6666666666666665,3.0,70,0.04,50,0.8,Low,24,70024,12,10,5
NO_SOLUTION,120.14667415618896,Solver timed out or no feasible solution found,,,,,,,,,,,,,,,,,,,70,0.04,50,0.8,Low,25,70025,12,10,5
Optimal,18.102351188659668,,37620.58387313661,3600.0,34020.58387313661,36.0,0.0,1290.5838731365345,0.7196472874166815,0.21509731218942243,18.0,0.0,12.0,36.0,0.0,62.8,65.0,25120.0,2.75,3.0,70,0.04,50,0.8,Low,26,70026,12,10,5
Optimal,12.844632625579834,,35540.58385779928,3600.0,31940.583857799284,36.0,0.0,1290.5838797699143,0.7196472874166815,0.21509731329498571,18.0,0.0,12.0,36.0,0.0,59.4,65.0,23760.0,2.75,3.0,70,0.04,50,0.8,Low,27,70027,12,10,5
NO_SOLUTION,120.1580958366394,Solver timed out or no feasible solution found,,,,,,,,,,,,,,,,,,,70,0.04,50,0.8,Low,28,70028,12,10,5
Optimal,14.639986991882324,,35314.67427527656,3600.0,31714.674275276557,36.0,0.0,1314.6742752764906,0.7196472874166815,0.21911237921274843,21.0,0.0,12.0,36.0,0.0,58.6,65.0,23440.0,2.9166666666666665,3.0,70,0.04,50,0.8,Low,29,70029,12,10,5
Optimal,27.37891411781311,,36282.709553516164,3600.0,32682.709553516164,36.0,0.0,1242.7095535160856,0.7196472874166815,0.2071182589193476,19.0,0.0,12.0,36.0,0.0,60.8,63.0,24320.0,2.9166666666666665,3.0,70,0.04,50,0.8,Low,30,70030,12,10,5
Optimal,3.2837541103363037,,46804.91849352998,6000.0,40804.91849352998,60.0,0.0,3009.918493529886,0.7940936372934865,0.2866589041457034,61.0,0.0,15.0,60.0,0.0,82.2,123.0,32880.0,2.8,4.0,71,0.04,50,0.8,Medium,1,71001,15,14,10
Optimal,3.310762882232666,,47539.67506871031,6000.0,41539.67506871031,60.0,0.0,3054.675068710138,0.7940936372934865,0.29092143511525126,60.0,0.0,15.0,60.0,0.0,82.4,128.0,32960.0,2.6666666666666665,4.0,71,0.04,50,0.8,Medium,2,71002,15,14,10
Optimal,3.209822177886963,,46570.56677946299,6000.0,40570.56677946299,60.0,0.0,3000.5667794628707,0.7940936372934865,0.28576826471074956,57.0,0.0,15.0,60.0,0.0,81.6,125.0,32640.0,2.8,4.0,71,0.04,50,0.8,Medium,3,71003,15,14,10
Optimal,3.357464075088501,,46907.70768782738,6000.0,40907.70768782738,60.0,0.0,3052.7076878272073,0.7940936372934865,0.2907340655073531,58.0,0.0,15.0,60.0,0.0,82.4,133.0,32960.0,2.8,4.0,71,0.04,50,0.8,Medium,4,71004,15,14,10
Optimal,3.1646921634674072,,46079.139765782056,6000.0,40079.139765782056,60.0,0.0,3159.1397657819143,0.7940936372934865,0.30087045388399186,63.0,0.0,15.0,60.0,0.0,79.8,124.0,31920.0,2.933333333333333,4.0,71,0.04,50,0.8,Medium,5,71005,15,14,10
Optimal,2.1226730346679688,,46667.10232789511,6000.0,40667.10232789511,60.0,0.0,3067.1023278949665,0.7940936372934865,0.2921049836090444,61.0,0.0,15.0,60.0,0.0,79.7,125.0,31880.0,3.1333333333333333,4.0,71,0.04,50,0.8,Medium,6,71006,15,14,10
Optimal,4.745090961456299,,46751.37455545806,6000.0,40751.37455545806,60.0,0.0,3071.374555457933,0.7940936372934865,0.29251186242456506,55.0,0.0,15.0,60.0,0.0,80.0,126.0,32000.0,2.466666666666667,4.0,71,0.04,50,0.8,Medium,7,71007,15,14,10
Optimal,2.664151906967163,,47784.84940351821,6000.0,41784.84940351821,60.0,0.0,2934.8494035181006,0.7940936372934865,0.27950946700172385,55.0,0.0,15.0,60.0,0.0,82.7,124.0,33080.0,2.7333333333333334,4.0,71,0.04,50,0.8,Medium,8,71008,15,14,10
Optimal,2.7168593406677246,,46827.909482039286,6000.0,40827.909482039286,60.0,0.0,3037.909482039156,0.7940936372934865,0.28932471257515774,56.0,0.0,15.0,60.0,0.0,82.6,123.0,33040.0,2.6,4.0,71,0.04,50,0.8,Medium,9,71009,15,14,10
Optimal,3.410790205001831,,46250.309898669315,6000.0,40250.309898669315,60.0,0.0,3140.30989866916,0.7940936372934865,0.29907713320658663,56.0,0.0,15.0,60.0,0.0,81.6,122.0,32640.0,2.6,4.0,71,0.04,50,0.8,Medium,10,71010,15,14,10
Optimal,3.5024912357330322,,46784.220571438294,6000.0,40784.220571438294,60.0,0.0,3064.2205714381676,0.7940936372934865,0.2918305306131588,58.0,0.0,15.0,60.0,0.0,80.7,121.0,32280.0,2.8666666666666667,4.0,71,0.04,50,0.8,Medium,11,71011,15,14,10
Optimal,2.4570231437683105,,46044.943186675875,6000.0,40044.943186675875,60.0,0.0,3124.9431866757154,0.7940936372934865,0.29761363682625863,62.0,0.0,15.0,60.0,0.0,77.8,124.0,31120.0,3.4,4.0,71,0.04,50,0.8,Medium,12,71012,15,14,10
Optimal,3.529142141342163,,46729.11065314357,6000.0,40729.11065314357,60.0,0.0,2944.110653143435,0.7940936372934865,0.2803914907755652,56.0,0.0,15.0,60.0,0.0,82.6,131.0,33040.0,2.933333333333333,4.0,71,0.04,50,0.8,Medium,13,71013,15,14,10
Optimal,3.0323052406311035,,47486.43289136272,6000.0,41486.43289136272,60.0,0.0,3236.4328913625272,0.7940936372934865,0.3082317039392883,63.0,0.0,15.0,60.0,0.0,81.3,129.0,32520.0,2.7333333333333334,4.0,71,0.04,50,0.8,Medium,14,71014,15,14,10
Optimal,2.700786828994751,,47378.09960706963,6000.0,41378.09960706963,60.0,0.0,3028.099607069503,0.7940936372934865,0.2883904387685241,57.0,0.0,15.0,60.0,0.0,84.4,125.0,33760.0,2.8666666666666667,4.0,71,0.04,50,0.8,Medium,15,71015,15,14,10
Optimal,4.109060049057007,,46506.54485131854,6000.0,40506.54485131854,60.0,0.0,2896.5448513184006,0.7940936372934865,0.2758614144112762,57.0,0.0,15.0,60.0,0.0,83.1,124.0,33240.0,3.0,4.0,71,0.04,50,0.8,Medium,16,71016,15,14,10
Optimal,3.408769130706787,,45874.038745182464,6000.0,39874.038745182464,60.0,0.0,3044.0387451822944,0.7940936372934865,0.2899084519221233,60.0,0.0,15.0,60.0,0.0,78.6,125.0,31440.0,3.0,4.0,71,0.04,50,0.8,Medium,17,71017,15,14,10
Optimal,3.4194700717926025,,46576.50966329977,6000.0,40576.50966329977,60.0,0.0,3086.5096632996183,0.7940936372934865,0.29395330126663033,58.0,0.0,15.0,60.0,0.0,81.5,120.0,32600.0,3.066666666666667,4.0,71,0.04,50,0.8,Medium,18,71018,15,14,10
Optimal,4.248579740524292,,47596.73590912524,5900.0,41696.73590912524,59.0,0.0,3036.735909125057,0.7940936372934865,0.2892129437261959,63.0,0.0,15.0,59.0,0.0,81.7,122.0,32680.0,3.466666666666667,4.0,71,0.04,50,0.8,Medium,19,71019,15,14,10
Optimal,3.4219260215759277,,44650.661166769634,6000.0,38650.661166769634,60.0,0.0,3225.66116676946,0.7940936372934865,0.30720582540661523,63.0,0.0,15.0,60.0,0.0,76.0,125.0,30400.0,2.933333333333333,4.0,71,0.04,50,0.8,Medium,20,71020,15,14,10
Optimal,3.5230531692504883,,47556.55265369189,6000.0,41556.55265369189,60.0,0.0,3086.5526536917505,0.7940936372934865,0.29395739558969053,62.0,0.0,15.0,60.0,0.0,81.9,129.0,32760.0,3.066666666666667,4.0,71,0.04,50,0.8,Medium,21,71021,15,14,10
Optimal,3.2504241466522217,,46182.833448035686,6000.0,40182.833448035686,60.0,0.0,3117.8334480355234,0.7940936372934865,0.296936518860526,58.0,0.0,15.0,60.0,0.0,80.5,122.0,32200.0,2.7333333333333334,4.0,71,0.04,50,0.8,Medium,22,71022,15,14,10
Optimal,3.0342049598693848,,47214.19183841004,6000.0,41214.19183841004,60.0,0.0,2894.1918384099313,0.7940936372934865,0.275637317943803,56.0,0.0,15.0,60.0,0.0,83.6,128.0,33440.0,2.8,4.0,71,0.04,50,0.8,Medium,23,71023,15,14,10
Optimal,3.2082560062408447,,47010.20298816508,6000.0,41010.20298816508,60.0,0.0,3160.202988164923,0.7940936372934865,0.30097171315856414,54.0,0.0,15.0,60.0,0.0,80.9,126.0,32360.0,2.6,4.0,71,0.04,50,0.8,Medium,24,71024,15,14,10
Optimal,3.517892837524414,,45939.13264942438,6000.0,39939.13264942438,60.0,0.0,2969.132649424204,0.7940936372934865,0.28277453804040037,61.0,0.0,15.0,60.0,0.0,79.0,124.0,31600.0,3.533333333333333,4.0,71,0.04,50,0.8,Medium,25,71025,15,14,10
Optimal,3.4504778385162354,,46794.553036524005,6000.0,40794.553036524005,60.0,0.0,2994.5530365238783,0.7940936372934865,0.2851955272879884,57.0,0.0,15.0,60.0,0.0,81.8,124.0,32720.0,2.6666666666666665,4.0,71,0.04,50,0.8,Medium,26,71026,15,14,10
Optimal,3.7427101135253906,,46779.945577617225,6000.0,40779.945577617225,60.0,0.0,3069.945577617046,0.7940936372934865,0.29237576929686154,64.0,0.0,15.0,60.0,0.0,80.9,125.0,32360.0,3.2666666666666666,4.0,71,0.04,50,0.8,Medium,27,71027,15,14,10
Optimal,3.496304988861084,,46607.74595302972,6000.0,40607.74595302972,60.0,0.0,2902.7459530295805,0.7940936372934865,0.2764519955266267,55.0,0.0,15.0,60.0,0.0,81.5,120.0,32600.0,2.933333333333333,4.0,71,0.04,50,0.8,Medium,28,71028,15,14,10
Optimal,2.1822521686553955,,46327.4223391763,6000.0,40327.4223391763,60.0,0.0,3142.422339176121,0.7940936372934865,0.29927831801677346,67.0,0.0,15.0,60.0,0.0,78.5,131.0,31400.0,3.466666666666667,4.0,71,0.04,50,0.8,Medium,29,71029,15,14,10
Optimal,3.8196160793304443,,47746.163259175424,6000.0,41746.163259175424,60.0,0.0,2951.1632591752714,0.7940936372934865,0.28106316754050203,58.0,0.0,15.0,60.0,0.0,85.8,127.0,34320.0,3.0,4.0,71,0.04,50,0.8,Medium,30,71030,15,14,10
Optimal,5.5340869426727295,,49447.49399458343,7200.0,42247.49399458343,72.0,0.0,4317.493994583193,0.7940936372934865,0.34265825353834867,83.0,0.0,18.0,72.0,0.0,84.2,193.0,37890.0,2.5555555555555554,4.0,72,0.04,50,0.8,High,1,72001,18,14,15
Optimal,5.4112629890441895,,48711.18006953314,7200.0,41511.18006953314,72.0,0.0,4401.180069532927,0.7940936372934865,0.3493000055184862,86.0,0.0,18.0,72.0,0.0,82.4,188.0,37080.0,2.9444444444444446,4.0,72,0.04,50,0.8,High,2,72002,18,14,15
Optimal,4.40383505821228,,47843.102742624695,7200.0,40643.102742624695,72.0,0.0,4393.102742624465,0.7940936372934865,0.3486589478273385,84.0,0.0,18.0,72.0,0.0,80.53333333333333,178.0,36240.0,2.888888888888889,4.0,72,0.04,50,0.8,High,3,72003,18,14,15
Optimal,5.6710779666900635,,48470.1498058878,7200.0,41270.1498058878,72.0,0.0,4420.1498058875595,0.7940936372934865,0.3508055401498063,85.0,0.0,18.0,72.0,0.0,81.8,182.0,36810.0,2.888888888888889,4.0,72,0.04,50,0.8,High,4,72004,18,14,15
Optimal,4.513361692428589,,48623.067488296794,7200.0,41423.067488296794,72.0,0.0,4163.067488296598,0.7940936372934865,0.33040218161084106,80.0,0.0,18.0,72.0,0.0,82.73333333333333,183.0,37230.0,3.0,4.0,72,0.04,50,0.8,High,5,72005,18,14,15
Optimal,4.4239420890808105,,47445.74905726913,7200.0,40245.74905726913,72.0,0.0,4395.749057268843,0.7976492866270509,0.3488689727991145,89.0,0.0,18.0,72.0,0.0,79.53333333333333,180.0,35790.0,2.8333333333333335,4.0,72,0.04,50,0.8,High,6,72006,18,14,15
Optimal,5.728104829788208,,48941.45452734158,7200.0,41741.45452734158,72.0,0.0,4281.454527341374,0.7940936372934865,0.3397979783604265,89.0,0.0,18.0,72.0,0.0,83.13333333333334,178.0,37410.0,3.0,4.0,72,0.04,50,0.8,High,7,72007,18,14,15
Optimal,5.233473062515259,,47913.65511369302,7200.0,40713.65511369302,72.0,0.0,4463.655113692741,0.7940936372934865,0.3542583423565667,85.0,0.0,18.0,72.0,0.0,80.33333333333333,188.0,36150.0,2.6666666666666665,4.0,72,0.04,50,0.8,High,8,72008,18,14,15
Optimal,5.151854991912842,,47980.12023003087,7200.0,40780.12023003087,72.0,0.0,4490.120230030616,0.7940936372934865,0.35635874841512827,95.0,0.0,18.0,72.0,0.0,80.6,182.0,36270.0,3.1666666666666665,4.0,72,0.04,50,0.8,High,9,72009,18,14,15
Optimal,5.105663061141968,,48491.172012291034,7200.0,41291.172012291034,72.0,0.0,4581.172012290795,0.7940936372934865,0.36358508034053927,79.0,0.0,18.0,72.0,0.0,81.46666666666667,183.0,36660.0,2.5,4.0,72,0.04,50,0.8,High,10,72010,18,14,15
Optimal,4.137095928192139,,47417.674275579244,7200.0,40217.674275579244,72.0,0.0,4577.674275579054,0.7940936372934865,0.36330748218881376,85.0,0.0,18.0,72.0,0.0,79.2,172.0,35640.0,2.7222222222222223,4.0,72,0.04,50,0.8,High,11,72011,18,14,15
Optimal,5.447317123413086,,47991.54588915579,7200.0,40791.54588915579,72.0,0.0,4301.545889155568,0.7940936372934865,0.34139253088536253,80.0,0.0,18.0,72.0,0.0,81.0,183.0,36450.0,2.611111111111111,4.0,72,0.04,50,0.8,High,12,72012,18,14,15
Optimal,4.8354668617248535,,47286.390473445026,7200.0,40086.390473445026,72.0,0.0,4406.3904734447815,0.7940936372934865,0.34971352963847474,88.0,0.0,18.0,72.0,0.0,79.26666666666667,185.0,35670.0,3.0,4.0,72,0.04,50,0.8,High,13,72013,18,14,15
Optimal,4.410820960998535,,49445.07103358037,7200.0,42245.07103358037,72.0,0.0,4575.071033580099,0.7940936372934865,0.3631008756809602,91.0,0.0,18.0,72.0,0.0,83.53333333333333,187.0,37590.0,2.888888888888889,4.0,72,0.04,50,0.8,High,14,72014,18,14,15
Optimal,4.591700792312622,,48268.896407441884,7200.0,41068.896407441884,72.0,0.0,4008.8964074416454,0.7940936372934865,0.3181663815429877,75.0,0.0,18.0,72.0,0.0,82.26666666666667,179.0,37020.0,3.0555555555555554,4.0,72,0.04,50,0.8,High,15,72015,18,14,15
Optimal,5.776314973831177,,48134.45658088355,7200.0,40934.45658088355,72.0,0.0,4269.456580883271,0.7940936372934865,0.3388457603875612,87.0,0.0,18.0,72.0,0.0,81.33333333333333,188.0,36600.0,3.2222222222222223,4.0,72,0.04,50,0.8,High,16,72016,18,14,15
Optimal,4.422647953033447,,48749.18408200667,7200.0,41549.18408200667,72.0,0.0,4549.1840820064235,0.7940936372934865,0.3610463557147955,84.0,0.0,18.0,72.0,0.0,82.06666666666666,182.0,36930.0,2.7777777777777777,4.0,72,0.04,50,0.8,High,17,72017,18,14,15
Optimal,4.852373123168945,,49272.62486030003,7200.0,42072.62486030003,72.0,0.0,4482.624860299801,0.7940936372934865,0.35576387780157154,89.0,0.0,18.0,72.0,0.0,83.53333333333333,186.0,37590.0,3.0,4.0,72,0.04,50,0.8,High,18,72018,18,14,15
Optimal,5.154291868209839,,48465.460595870594,7200.0,41265.460595870594,72.0,0.0,4375.460595870363,0.7940936372934865,0.3472587774500288,83.0,0.0,18.0,72.0,0.0,81.93333333333334,176.0,36870.0,2.5,4.0,72,0.04,50,0.8,High,19,72019,18,14,15
Optimal,4.655848979949951,,48844.78094203762,7200.0,41644.78094203762,72.0,0.0,4449.780942037358,0.7940936372934865,0.3531572176220125,90.0,0.0,18.0,72.0,0.0,82.6,193.0,37170.0,3.0,4.0,72,0.04,50,0.8,High,20,72020,18,14,15
Optimal,4.5794501304626465,,48408.67267300578,7200.0,41208.67267300578,72.0,0.0,4418.672673005583,0.7940936372934865,0.3506883073813955,83.0,0.0,18.0,72.0,0.0,81.73333333333333,178.0,36780.0,2.6666666666666665,4.0,72,0.04,50,0.8,High,21,72021,18,14,15
Optimal,5.3767290115356445,,49282.69264221869,7200.0,42082.69264221869,72.0,0.0,4362.692642218452,0.7940936372934865,0.3462454477951153,83.0,0.0,18.0,72.0,0.0,83.8,177.0,37710.0,2.7777777777777777,4.0,72,0.04,50,0.8,High,22,72022,18,14,15
Optimal,3.0525476932525635,,47910.33269125497,7200.0,40710.33269125497,72.0,0.0,4420.332691254762,0.7940936372934865,0.35082005486148904,83.0,0.0,18.0,72.0,0.0,80.6,188.0,36270.0,2.611111111111111,4.0,72,0.04,50,0.8,High,23,72023,18,14,15
Optimal,6.53084397315979,,47429.34683472797,7200.0,40229.34683472797,72.0,0.0,4399.3468347277785,0.7940936372934865,0.34915451069268083,88.0,0.0,18.0,72.0,0.0,79.53333333333333,179.0,35790.0,2.8333333333333335,4.0,72,0.04,50,0.8,High,24,72024,18,14,15
Optimal,4.908412933349609,,48529.37840221146,7200.0,41329.37840221146,72.0,0.0,4459.37840221115,0.7940936372934865,0.3539189208104087,89.0,0.0,18.0,72.0,0.0,81.8,185.0,36810.0,3.2222222222222223,4.0,72,0.04,50,0.8,High,25,72025,18,14,15
Optimal,4.778125762939453,,48028.19135588264,7200.0,40828.19135588264,72.0,0.0,4488.191355882401,0.7940936372934865,0.3562056631652699,86.0,0.0,18.0,72.0,0.0,80.73333333333333,186.0,36330.0,2.9444444444444446,4.0,72,0.04,50,0.8,High,26,72026,18,14,15
Optimal,4.869678020477295,,47666.20077403053,7200.0,40466.20077403053,72.0,0.0,4296.200774030317,0.7940936372934865,0.3409683153992315,86.0,0.0,18.0,72.0,0.0,80.33333333333333,191.0,36150.0,2.7777777777777777,4.0,72,0.04,50,0.8,High,27,72027,18,14,15
Optimal,4.990387916564941,,48647.07614786078,7200.0,41447.07614786078,72.0,0.0,4517.076147860486,0.7940936372934865,0.3584981069730545,80.0,0.0,18.0,72.0,0.0,81.93333333333334,188.0,36870.0,2.4444444444444446,4.0,72,0.04,50,0.8,High,28,72028,18,14,15
Optimal,4.955671072006226,,47246.7510020837,7200.0,40046.7510020837,72.0,0.0,4476.751002083452,0.7940936372934865,0.3552976985780517,86.0,0.0,18.0,72.0,0.0,79.0,182.0,35550.0,2.7777777777777777,4.0,72,0.04,50,0.8,High,29,72029,18,14,15
Optimal,5.378738880157471,,47638.365550282884,7200.0,40438.365550282884,72.0,0.0,4568.365550282636,0.7940936372934865,0.3625686944668759,86.0,0.0,18.0,72.0,0.0,79.66666666666667,185.0,35850.0,2.5,4.0,72,0.04,50,0.8,High,30,72030,18,14,15
Optimal,0.8643782138824463,,38156.28033484649,2400.0,35756.28033484649,24.0,0.0,1006.2803348464287,0.5590446304702382,0.10482086821316966,0.0,0.0,12.0,24.0,0.0,59.2,61.0,23680.0,1.75,2.0,73,0.04,80,0.6,Low,1,73001,12,10,5
Optimal,0.8736109733581543,,37628.6421200653,2400.0,35228.6421200653,24.0,0.0,1028.6421200652383,0.5590446304702382,0.10715022084012898,0.0,0.0,12.0,24.0,0.0,59.8,62.0,23920.0,1.6666666666666667,2.0,73,0.04,80,0.6,Low,2,73002,12,10,5
Optimal,0.7965359687805176,,39033.36569050292,2400.0,36633.36569050292,24.0,0.0,1073.3656905028574,0.5590446304702382,0.11180892609404763,0.0,0.0,12.0,24.0,0.0,60.0,65.0,24000.0,1.6666666666666667,2.0,73,0.04,80,0.6,Low,3,73003,12,10,5
Optimal,0.8510620594024658,,39273.36569050292,2400.0,36873.36569050292,24.0,0.0,1073.3656905028574,0.5590446304702382,0.11180892609404763,0.0,0.0,12.0,24.0,0.0,62.4,66.0,24960.0,1.6666666666666667,2.0,73,0.04,80,0.6,Low,4,73004,12,10,5
Optimal,0.8099322319030762,,39583.91854962768,2400.0,37183.91854962768,24.0,0.0,983.9185496276193,0.5590446304702382,0.10249151558621034,0.0,0.0,12.0,24.0,0.0,61.2,67.0,24480.0,1.6666666666666667,2.0,73,0.04,80,0.6,Low,5,73005,12,10,5
Optimal,0.8949069976806641,,37148.6421200653,2400.0,34748.6421200653,24.0,0.0,1028.6421200652383,0.5590446304702382,0.10715022084012898,0.0,0.0,12.0,24.0,0.0,56.8,59.0,22720.0,1.6666666666666667,2.0,73,0.04,80,0.6,Low,6,73006,12,10,5
Optimal,0.8552298545837402,,38601.00390528411,2400.0,36201.00390528411,24.0,0.0,1051.0039052840475,0.5590446304702382,0.10947957346708828,0.0,0.0,12.0,24.0,0.0,59.6,61.0,23840.0,1.75,2.0,73,0.04,80,0.6,Low,7,73007,12,10,5
Optimal,0.905754804611206,,38056.28033484649,2400.0,35656.28033484649,24.0,0.0,1006.2803348464288,0.5590446304702382,0.10482086821316967,0.0,0.0,12.0,24.0,0.0,56.0,64.0,22400.0,1.9166666666666667,2.0,73,0.04,80,0.6,Low,8,73008,12,10,5
Optimal,0.8933749198913574,,40028.6421200653,2400.0,37628.6421200653,24.0,0.0,1028.642120065238,0.5590446304702382,0.10715022084012897,0.0,0.0,12.0,24.0,0.0,61.4,65.0,24560.0,1.6666666666666667,2.0,73,0.04,80,0.6,Low,9,73009,12,10,5
Optimal,0.8658387660980225,,39608.6421200653,2400.0,37208.6421200653,24.0,0.0,1028.6421200652383,0.5590446304702382,0.10715022084012898,0.0,0.0,12.0,24.0,0.0,61.2,69.0,24480.0,1.8333333333333333,2.0,73,0.04,80,0.6,Low,10,73010,12,10,5
Optimal,0.8271641731262207,,37993.36569050292,2400.0,35593.36569050292,24.0,0.0,1073.365690502857,0.5590446304702382,0.1118089260940476,0.0,0.0,12.0,24.0,0.0,57.0,60.0,22800.0,1.6666666666666667,2.0,73,0.04,80,0.6,Low,11,73011,12,10,5
Optimal,0.8718118667602539,,38233.36569050292,2400.0,35833.36569050292,24.0,0.0,1073.3656905028574,0.5590446304702382,0.11180892609404763,0.0,0.0,12.0,24.0,0.0,58.8,62.0,23520.0,1.6666666666666667,2.0,73,0.04,80,0.6,Low,12,73012,12,10,5
Optimal,0.853053092956543,,38073.36569050292,2400.0,35673.36569050292,24.0,0.0,1073.3656905028572,0.5590446304702382,0.11180892609404762,0.0,0.0,12.0,24.0,0.0,59.0,62.0,23600.0,1.6666666666666667,2.0,73,0.04,80,0.6,Low,13,73013,12,10,5
Optimal,0.8786020278930664,,39551.556764408866,2400.0,37151.556764408866,24.0,0.0,961.5567644088098,0.5590446304702382,0.10016216295925102,0.0,0.0,12.0,24.0,0.0,60.6,68.0,24240.0,1.75,2.0,73,0.04,80,0.6,Low,14,73014,12,10,5
Optimal,0.8167948722839355,,39513.36568747864,2400.0,37113.36568747864,24.0,0.0,1073.3656905028574,0.5590446304702382,0.11180892609404763,0.0,0.0,12.0,24.0,0.0,61.4,64.0,24560.0,1.6666666666666667,2.0,73,0.04,80,0.6,Low,15,73015,12,10,5
Optimal,0.8244338035583496,,38953.36569050292,2400.0,36553.36569050292,24.0,0.0,1073.3656905028574,0.5590446304702382,0.11180892609404763,0.0,0.0,12.0,24.0,0.0,60.8,64.0,24320.0,1.6666666666666667,2.0,73,0.04,80,0.6,Low,16,73016,12,10,5
Optimal,0.7984130382537842,,40203.91854962768,2400.0,37803.91854962768,24.0,0.0,983.9185496276193,0.5590446304702382,0.10249151558621034,0.0,0.0,12.0,24.0,0.0,60.8,66.0,24320.0,1.8333333333333333,2.0,73,0.04,80,0.6,Low,17,73017,12,10,5
Optimal,0.8479142189025879,,38028.6421200653,2400.0,35628.6421200653,24.0,0.0,1028.6421200652383,0.5590446304702382,0.10715022084012898,0.0,0.0,12.0,24.0,0.0,59.6,65.0,23840.0,1.6666666666666667,2.0,73,0.04,80,0.6,Low,18,73018,12,10,5
Optimal,0.9174790382385254,,38681.00390528411,2400.0,36281.00390528411,24.0,0.0,1051.003905284048,0.5590446304702382,0.10947957346708832,0.0,0.0,12.0,24.0,0.0,60.2,63.0,24080.0,1.75,2.0,73,0.04,80,0.6,Low,19,73019,12,10,5
Optimal,0.9875757694244385,,38393.36569050292,2400.0,35993.36569050292,24.0,0.0,1073.3656905028574,0.5590446304702382,0.11180892609404763,0.0,0.0,12.0,24.0,0.0,59.0,62.0,23600.0,1.6666666666666667,2.0,73,0.04,80,0.6,Low,20,73020,12,10,5
Optimal,0.8360629081726074,,38476.28033484649,2400.0,36076.28033484649,24.0,0.0,1006.2803348464288,0.5590446304702382,0.10482086821316967,0.0,0.0,12.0,24.0,0.0,60.8,62.0,24320.0,1.75,2.0,73,0.04,80,0.6,Low,21,73021,12,10,5
Optimal,0.8759250640869141,,39193.365685882265,2400.0,36793.365685882265,24.0,0.0,1073.365685882208,0.5590446304702382,0.11180892561273,0.0,0.0,12.0,24.0,0.0,61.0,66.0,24400.0,1.6666666666666667,2.0,73,0.04,80,0.6,Low,22,73022,12,10,5
Optimal,0.7816078662872314,,37903.91854962768,2400.0,35503.91854962768,24.0,0.0,983.9185496276193,0.5590446304702382,0.10249151558621034,0.0,0.0,12.0,24.0,0.0,58.6,62.0,23440.0,1.6666666666666667,2.0,73,0.04,80,0.6,Low,23,73023,12,10,5
Optimal,0.8505861759185791,,38313.36569050292,2400.0,35913.36569050292,24.0,0.0,1073.3656905028574,0.5590446304702382,0.11180892609404763,0.0,0.0,12.0,24.0,0.0,60.8,65.0,24320.0,1.6666666666666667,2.0,73,0.04,80,0.6,Low,24,73024,12,10,5
Optimal,0.8066749572753906,,40233.36569050292,2400.0,37833.36569050292,24.0,0.0,1073.365690502857,0.5590446304702382,0.1118089260940476,0.0,0.0,12.0,24.0,0.0,62.0,66.0,24800.0,1.6666666666666667,2.0,73,0.04,80,0.6,Low,25,73025,12,10,5
Optimal,0.82289719581604,,41033.36569050292,2400.0,38633.36569050292,24.0,0.0,1073.365690502856,0.5590446304702382,0.11180892609404752,0.0,0.0,12.0,24.0,0.0,63.2,67.0,25280.0,1.6666666666666667,2.0,73,0.04,80,0.6,Low,26,73026,12,10,5
Optimal,0.8752470016479492,,39583.91854962768,2400.0,37183.91854962768,24.0,0.0,983.9185496276193,0.5590446304702382,0.10249151558621034,0.0,0.0,12.0,24.0,0.0,61.6,67.0,24640.0,1.6666666666666667,2.0,73,0.04,80,0.6,Low,27,73027,12,10,5
Optimal,0.8709628582000732,,38763.91854962768,2400.0,36363.91854962768,24.0,0.0,983.9185496276193,0.5590446304702382,0.10249151558621034,0.0,0.0,12.0,24.0,0.0,57.8,63.0,23120.0,1.8333333333333333,2.0,73,0.04,80,0.6,Low,28,73028,12,10,5
Optimal,0.8985481262207031,,38348.6421200653,2400.0,35948.6421200653,24.0,0.0,1028.6421200652383,0.5590446304702382,0.10715022084012898,0.0,0.0,12.0,24.0,0.0,58.0,59.0,23200.0,1.6666666666666667,2.0,73,0.04,80,0.6,Low,29,73029,12,10,5
Optimal,0.8297069072723389,,39051.556764408866,2400.0,36651.556764408866,24.0,0.0,961.5567644088098,0.5590446304702382,0.10016216295925102,0.0,0.0,12.0,24.0,0.0,59.2,64.0,23680.0,1.9166666666666667,2.0,73,0.04,80,0.6,Low,30,73030,12,10,5
Optimal,1.6806111335754395,,53584.32382507558,3000.0,50584.32382507558,30.0,0.0,1784.3238250755528,0.5933788277623165,0.10620975149259243,0.0,0.0,15.0,30.0,0.0,107.7,124.0,43080.0,1.8,2.0,74,0.04,80,0.6,Medium,1,74001,15,14,10
Optimal,1.7128839492797852,,54225.17471141947,3000.0,51225.17471141947,30.0,0.0,1745.1747114194513,0.5933788277623165,0.10387944710830067,0.0,0.0,15.0,30.0,0.0,110.8,123.0,44320.0,1.7333333333333334,2.0,74,0.04,80,0.6,Medium,2,74002,15,14,10
Optimal,1.7369558811187744,,53059.40617788627,3000.0,50059.40617788627,30.0,0.0,1619.4061778862626,0.5933788277623165,0.09639322487418231,0.0,0.0,15.0,30.0,0.0,109.5,125.0,43800.0,1.7333333333333334,2.0,74,0.04,80,0.6,Medium,3,74003,15,14,10
Optimal,1.9235148429870605,,53652.34212983798,3050.0,50602.34212983798,29.0,1.0,1692.3421298380272,0.46492915654890854,0.10073465058559684,0.0,0.0,15.0,29.0,1.0,108.0,123.0,43200.0,1.7333333333333334,2.0,74,0.04,80,0.6,Medium,4,74004,15,14,10
Optimal,1.7022500038146973,,54409.047851378506,3000.0,51409.047851378506,30.0,0.0,1774.0478513784801,0.5933788277623165,0.10559808639157621,0.0,0.0,15.0,30.0,0.0,109.0,126.0,43600.0,1.8666666666666667,2.0,74,0.04,80,0.6,Medium,5,74005,15,14,10
Optimal,1.8995468616485596,,54515.14779731407,3000.0,51515.14779731407,30.0,0.0,1655.1477973141143,0.46492915654890854,0.09852070222107824,0.0,0.0,15.0,30.0,0.0,108.9,126.0,43560.0,1.8666666666666667,2.0,74,0.04,80,0.6,Medium,6,74006,15,14,10
Optimal,1.88895583152771,,54942.16196600429,3000.0,51942.16196600429,30.0,0.0,1562.1619660043325,0.46492915654890854,0.09298583130978169,0.0,0.0,15.0,30.0,0.0,110.4,128.0,44160.0,1.8666666666666667,2.0,74,0.04,80,0.6,Medium,7,74007,15,14,10
Optimal,1.7183220386505127,,54565.94324495268,3000.0,51565.94324495268,30.0,0.0,1870.9432449526398,0.5933788277623165,0.11136566934241904,0.0,0.0,15.0,30.0,0.0,109.5,124.0,43800.0,1.8,2.0,74,0.04,80,0.6,Medium,8,74008,15,14,10
Optimal,1.6773650646209717,,54381.79413129657,3000.0,51381.79413129657,30.0,0.0,1831.7941312965381,0.5933788277623165,0.10903536495812728,0.0,0.0,15.0,30.0,0.0,108.2,126.0,43280.0,1.8,2.0,74,0.04,80,0.6,Medium,9,74009,15,14,10
Optimal,1.9423670768737793,,53836.550631052116,3000.0,50836.550631052116,30.0,0.0,1636.5506310521573,0.46492915654890854,0.09741372803881888,0.0,0.0,15.0,30.0,0.0,109.1,129.0,43640.0,1.7333333333333334,2.0,74,0.04,80,0.6,Medium,10,74010,15,14,10
Optimal,2.88393497467041,,52586.550631052116,3200.0,49386.550631052116,26.0,4.0,1636.5506310521582,0.46492915654890854,0.09741372803881894,0.0,0.0,15.0,26.0,4.0,107.5,123.0,43000.0,1.6,2.0,74,0.04,80,0.6,Medium,11,74011,15,14,10
Optimal,1.668294906616211,,53686.518157599494,3000.0,50686.518157599494,30.0,0.0,1821.5181575994654,0.5933788277623165,0.10842369985711103,0.0,0.0,15.0,30.0,0.0,109.3,124.0,43720.0,1.9333333333333333,2.0,74,0.04,80,0.6,Medium,12,74012,15,14,10
Optimal,1.5223720073699951,,53917.95346479016,3100.0,50817.95346479016,28.0,2.0,1617.9534647902017,0.46492915654890854,0.09630675385655962,0.0,0.0,15.0,28.0,2.0,110.1,122.0,44040.0,1.9333333333333333,2.0,74,0.04,80,0.6,Medium,13,74013,15,14,10
Optimal,1.7865850925445557,,52956.215269797016,3000.0,49956.215269797016,30.0,0.0,1721.215269797056,0.5933788277623165,0.10245328986887238,0.0,0.0,15.0,30.0,0.0,107.9,121.0,43160.0,1.8666666666666667,2.0,74,0.04,80,0.6,Medium,14,74014,15,14,10
Optimal,1.5805020332336426,,53613.77187768143,3000.0,50613.77187768143,30.0,0.0,1763.7718776814074,0.5933788277623165,0.10498642129055996,0.0,0.0,15.0,30.0,0.0,108.5,126.0,43400.0,1.9333333333333333,2.0,74,0.04,80,0.6,Medium,15,74015,15,14,10
Optimal,1.6583919525146484,,55266.30157146044,3000.0,52266.30157146044,30.0,0.0,1716.301571460422,0.5933788277623165,0.10216080782502514,0.0,0.0,15.0,30.0,0.0,111.1,125.0,44440.0,1.8,2.0,74,0.04,80,0.6,Medium,16,74016,15,14,10
Optimal,2.4044082164764404,,54490.09880850545,2900.0,51590.09880850545,29.0,0.0,1640.098808505487,0.46492915654890854,0.09762492907770756,0.0,0.0,15.0,29.0,0.0,107.0,124.0,42800.0,1.7333333333333334,2.0,74,0.04,80,0.6,Medium,17,74017,15,14,10
Optimal,2.0487618446350098,,53956.550631052116,3000.0,50956.550631052116,30.0,0.0,1636.5506310521578,0.46492915654890854,0.09741372803881893,0.0,0.0,15.0,30.0,0.0,108.6,126.0,43440.0,1.7333333333333334,2.0,74,0.04,80,0.6,Medium,18,74018,15,14,10
Optimal,1.6247129440307617,,54841.383924271126,3000.0,51841.383924271126,30.0,0.0,1551.383924271132,0.5933788277623165,0.09234428120661499,0.0,0.0,15.0,30.0,0.0,112.9,126.0,45160.0,1.7333333333333334,2.0,74,0.04,80,0.6,Medium,19,74019,15,14,10
Optimal,1.6097040176391602,,55478.56479974234,3000.0,52478.56479974234,30.0,0.0,1543.5647997423762,0.46492915654890854,0.0918788571275224,0.0,0.0,15.0,30.0,0.0,111.8,128.0,44720.0,1.7333333333333334,2.0,74,0.04,80,0.6,Medium,20,74020,15,14,10
Optimal,1.685549020767212,,53422.34212983798,3000.0,50422.34212983798,30.0,0.0,1692.3421298380272,0.46492915654890854,0.10073465058559684,0.0,0.0,15.0,30.0,0.0,108.2,133.0,43280.0,1.9333333333333333,2.0,74,0.04,80,0.6,Medium,21,74021,15,14,10
Optimal,1.82792067527771,,55720.75913226625,2900.0,52820.75913226625,29.0,0.0,1580.7591322662888,0.46492915654890854,0.09409280549204099,0.0,0.0,15.0,29.0,0.0,111.2,125.0,44480.0,1.7333333333333334,2.0,74,0.04,80,0.6,Medium,22,74022,15,14,10
Optimal,1.7568321228027344,,53645.94324495268,3000.0,50645.94324495268,30.0,0.0,1870.9432449526398,0.5933788277623165,0.11136566934241904,0.0,0.0,15.0,30.0,0.0,108.2,125.0,43280.0,1.7333333333333334,2.0,74,0.04,80,0.6,Medium,23,74023,15,14,10
Optimal,1.677016019821167,,54520.6672712556,3000.0,51520.6672712556,30.0,0.0,1860.667271255567,0.5933788277623165,0.11075400424140279,0.0,0.0,15.0,30.0,0.0,108.9,126.0,43560.0,1.8666666666666667,2.0,74,0.04,80,0.6,Medium,24,74024,15,14,10
Optimal,1.6520929336547852,,56255.14779731407,3000.0,53255.14779731407,30.0,0.0,1655.1477973141143,0.46492915654890854,0.09852070222107824,0.0,0.0,15.0,30.0,0.0,112.9,131.0,45160.0,2.0,2.0,74,0.04,80,0.6,Medium,25,74025,15,14,10
Optimal,1.76505708694458,,53974.8987377224,3000.0,50974.8987377224,30.0,0.0,1734.8987377223784,0.5933788277623165,0.10326778200728443,0.0,0.0,15.0,30.0,0.0,111.2,123.0,44480.0,1.7333333333333334,2.0,74,0.04,80,0.6,Medium,26,74026,15,14,10
Optimal,1.7987539768218994,,53819.536462361895,3050.0,50769.536462361895,29.0,1.0,1729.5364623619398,0.46492915654890854,0.10294859895011546,0.0,0.0,15.0,29.0,1.0,107.1,120.0,42840.0,1.7333333333333334,2.0,74,0.04,80,0.6,Medium,27,74027,15,14,10
Optimal,1.6280550956726074,,53304.32382507558,3000.0,50304.32382507558,30.0,0.0,1784.3238250755528,0.5933788277623165,0.10620975149259243,0.0,0.0,15.0,30.0,0.0,106.7,124.0,42680.0,1.7333333333333334,2.0,74,0.04,80,0.6,Medium,28,74028,15,14,10
Optimal,1.7013638019561768,,53816.48568414687,3000.0,50816.48568414687,30.0,0.0,2006.485684146773,0.5933788277623165,0.11943367167540316,0.0,0.0,15.0,30.0,0.0,108.5,125.0,43400.0,1.9333333333333333,2.0,74,0.04,80,0.6,Medium,29,74029,15,14,10
Optimal,1.8809990882873535,,55425.93929609994,3000.0,52425.93929609994,30.0,0.0,1710.9392960999835,0.46492915654890854,0.10184162476785616,0.0,0.0,15.0,30.0,0.0,109.8,130.0,43920.0,1.8,2.0,74,0.04,80,0.6,Medium,30,74030,15,14,10
Optimal,2.290663719177246,,59947.27128638688,3600.0,56347.27128638688,36.0,0.0,2157.2712863869356,0.46492915654890854,0.10700750428506625,0.0,0.0,18.0,36.0,0.0,120.33333333333333,192.0,54150.0,1.7777777777777777,2.0,75,0.04,80,0.6,High,1,75001,18,14,15
Optimal,2.521754026412964,,59541.6599514347,3600.0,55941.6599514347,36.0,0.0,2231.659951434761,0.46492915654890854,0.11069741822593059,0.0,0.0,18.0,36.0,0.0,119.2,189.0,53640.0,1.6666666666666667,2.0,75,0.04,80,0.6,High,2,75002,18,14,15
Optimal,2.6828606128692627,,58346.6599514347,3750.0,54596.6599514347,33.0,3.0,2231.659951434761,0.46492915654890854,0.1106974182259306,0.0,0.0,18.0,33.0,3.0,116.2,186.0,52290.0,1.6666666666666667,2.0,75,0.04,80,0.6,High,3,75003,18,14,15
Optimal,2.7852861881256104,,58830.25711769666,3750.0,55080.25711769666,33.0,3.0,2250.2571176967167,0.46492915654890854,0.11161989671114667,0.0,0.0,18.0,33.0,3.0,117.33333333333333,192.0,52800.0,1.7222222222222223,2.0,75,0.04,80,0.6,High,4,75004,18,14,15
Optimal,3.4893128871917725,,58570.62473024487,3600.0,54970.62473024487,36.0,0.0,2350.6247302449274,0.46492915654890854,0.11659844892087935,0.0,0.0,18.0,36.0,0.0,116.8,181.0,52560.0,1.7222222222222223,2.0,75,0.04,80,0.6,High,5,75005,18,14,15
Optimal,2.9078569412231445,,58808.854283958615,3600.0,55208.854283958615,36.0,0.0,2268.8542839586735,0.46492915654890854,0.11254237519636277,0.0,0.0,18.0,36.0,0.0,117.6,183.0,52920.0,1.8888888888888888,2.0,75,0.04,80,0.6,High,6,75006,18,14,15
Optimal,2.2361338138580322,,59244.46561891079,3600.0,55644.46561891079,36.0,0.0,2194.465618910848,0.46492915654890854,0.10885246125549843,0.0,0.0,18.0,36.0,0.0,118.73333333333333,189.0,53430.0,1.8888888888888888,2.0,75,0.04,80,0.6,High,7,75007,18,14,15
Optimal,2.655567169189453,,58620.07695386297,3600.0,55020.07695386297,36.0,0.0,2120.0769538630225,0.46492915654890854,0.10516254731463406,0.0,0.0,18.0,36.0,0.0,117.46666666666667,187.0,52860.0,1.7777777777777777,2.0,75,0.04,80,0.6,High,8,75008,18,14,15
Optimal,3.8169620037078857,,58807.27128638688,3600.0,55207.27128638688,36.0,0.0,2157.2712863869356,0.46492915654890854,0.10700750428506625,0.0,0.0,18.0,36.0,0.0,117.8,185.0,53010.0,1.7777777777777777,2.0,75,0.04,80,0.6,High,9,75009,18,14,15
Optimal,2.7175371646881104,,58723.06278517275,3500.0,55223.06278517275,35.0,0.0,2213.062785172805,0.46492915654890854,0.10977493974071452,0.0,0.0,18.0,35.0,0.0,117.73333333333333,185.0,52980.0,1.7777777777777777,2.0,75,0.04,80,0.6,High,10,75010,18,14,15
Optimal,2.9817159175872803,,58580.868452648836,3600.0,54980.868452648836,36.0,0.0,2175.8684526488914,0.46492915654890854,0.10792998277028232,0.0,0.0,18.0,36.0,0.0,117.2,181.0,52740.0,1.7222222222222223,2.0,75,0.04,80,0.6,High,11,75011,18,14,15
Optimal,2.6302080154418945,,59213.06278517275,3600.0,55613.06278517275,36.0,0.0,2213.062785172805,0.46492915654890854,0.10977493974071452,0.0,0.0,18.0,36.0,0.0,118.4,182.0,53280.0,1.6111111111111112,2.0,75,0.04,80,0.6,High,12,75012,18,14,15
Optimal,2.8526272773742676,,58276.47978760101,3500.0,54776.47978760101,35.0,0.0,2101.479787601066,0.46492915654890854,0.10424006882941796,0.0,0.0,18.0,35.0,0.0,116.93333333333334,185.0,52620.0,1.7777777777777777,2.0,75,0.04,80,0.6,High,13,75013,18,14,15
Optimal,2.200960874557495,,58671.93592513178,3500.0,55171.93592513178,35.0,0.0,2241.9359251318333,0.5933788277623165,0.11120713914344411,0.0,0.0,18.0,35.0,0.0,117.53333333333333,187.0,52890.0,1.7777777777777777,2.0,75,0.04,80,0.6,High,14,75014,18,14,15
Optimal,2.2140300273895264,,58618.06278517275,3600.0,55018.06278517275,36.0,0.0,2213.062785172805,0.46492915654890854,0.10977493974071452,0.0,0.0,18.0,36.0,0.0,117.2,187.0,52740.0,1.7777777777777777,2.0,75,0.04,80,0.6,High,15,75015,18,14,15
Optimal,3.366154909133911,,58597.06804627156,3600.0,54997.06804627156,36.0,0.0,2257.0680462716064,0.46492915654890854,0.11195774039045667,0.0,0.0,18.0,36.0,0.0,117.0,187.0,52650.0,1.6111111111111112,2.0,75,0.04,80,0.6,High,16,75016,18,14,15
Optimal,2.7305688858032227,,60072.88262133906,3600.0,56472.88262133906,36.0,0.0,2082.88262133911,0.46492915654890854,0.10331759034420188,0.0,0.0,18.0,36.0,0.0,120.73333333333333,195.0,54330.0,1.6666666666666667,2.0,75,0.04,80,0.6,High,17,75017,18,14,15
Optimal,2.3355510234832764,,57766.6599514347,3600.0,54166.6599514347,36.0,0.0,2231.659951434761,0.46492915654890854,0.11069741822593059,0.0,0.0,18.0,36.0,0.0,115.0,188.0,51750.0,1.4444444444444444,2.0,75,0.04,80,0.6,High,18,75018,18,14,15
Optimal,2.9357619285583496,,58294.46561891079,3600.0,54694.46561891079,36.0,0.0,2194.465618910848,0.46492915654890854,0.10885246125549843,0.0,0.0,18.0,36.0,0.0,116.53333333333333,187.0,52440.0,1.7222222222222223,2.0,75,0.04,80,0.6,High,19,75019,18,14,15
Optimal,2.124411106109619,,58434.46561891079,3600.0,54834.46561891079,36.0,0.0,2194.465618910848,0.46492915654890854,0.10885246125549843,0.0,0.0,18.0,36.0,0.0,116.86666666666666,184.0,52590.0,1.7222222222222223,2.0,75,0.04,80,0.6,High,20,75020,18,14,15
Optimal,2.315842628479004,,58307.45145022057,3600.0,54707.45145022057,36.0,0.0,2287.45145022063,0.46492915654890854,0.11346485368157887,0.0,0.0,18.0,36.0,0.0,116.4,195.0,52380.0,1.8333333333333333,2.0,75,0.04,80,0.6,High,21,75021,18,14,15
Optimal,2.5830278396606445,,59686.6599514347,3600.0,56086.6599514347,36.0,0.0,2231.659951434761,0.46492915654890854,0.11069741822593059,0.0,0.0,18.0,36.0,0.0,119.53333333333333,189.0,53790.0,1.7222222222222223,2.0,75,0.04,80,0.6,High,22,75022,18,14,15
Optimal,2.965161085128784,,57345.25711769666,3600.0,53745.25711769666,36.0,0.0,2250.2571176967176,0.46492915654890854,0.1116198967111467,0.0,0.0,18.0,36.0,0.0,114.26666666666667,186.0,51420.0,1.7222222222222223,2.0,75,0.04,80,0.6,High,23,75023,18,14,15
Optimal,2.4498190879821777,,59723.24294900644,3650.0,56073.24294900644,35.0,1.0,2343.242949006499,0.46492915654890854,0.11623228913722713,0.0,0.0,18.0,35.0,1.0,119.26666666666667,194.0,53670.0,1.7777777777777777,2.0,75,0.04,80,0.6,High,24,75024,18,14,15
Optimal,3.4063820838928223,,58431.179791507595,3600.0,54831.179791507595,36.0,0.0,2421.179791507653,0.46492915654890854,0.12009820394383201,0.0,0.0,18.0,36.0,0.0,116.33333333333333,189.0,52350.0,1.7222222222222223,2.0,75,0.04,80,0.6,High,25,75025,18,14,15
Optimal,2.7067949771881104,,58935.25711769666,3800.0,55135.25711769666,32.0,4.0,2250.257117696717,0.46492915654890854,0.11161989671114668,0.0,0.0,18.0,32.0,4.0,117.13333333333334,188.0,52710.0,1.5555555555555556,2.0,75,0.04,80,0.6,High,26,75026,18,14,15
Optimal,2.811210870742798,,58104.46561891079,3600.0,54504.46561891079,36.0,0.0,2194.465618910848,0.46492915654890854,0.10885246125549843,0.0,0.0,18.0,36.0,0.0,116.13333333333334,186.0,52260.0,1.7222222222222223,2.0,75,0.04,80,0.6,High,27,75027,18,14,15
Optimal,3.3583250045776367,,58646.24335007787,3600.0,55046.24335007787,36.0,0.0,2116.2433500779216,0.46492915654890854,0.10497238839672231,0.0,0.0,18.0,36.0,0.0,117.46666666666667,184.0,52860.0,1.6666666666666667,2.0,75,0.04,80,0.6,High,28,75028,18,14,15
Optimal,2.302555799484253,,58237.45145022057,3600.0,54637.45145022057,36.0,0.0,2287.45145022063,0.46492915654890854,0.11346485368157887,0.0,0.0,18.0,36.0,0.0,116.26666666666667,181.0,52320.0,1.8333333333333333,2.0,75,0.04,80,0.6,High,29,75029,18,14,15
Optimal,3.373940944671631,,57874.46561891079,3600.0,54274.46561891079,36.0,0.0,2194.465618910848,0.46492915654890854,0.10885246125549843,0.0,0.0,18.0,36.0,0.0,115.6,197.0,52020.0,1.7222222222222223,2.0,75,0.04,80,0.6,High,30,75030,18,14,15
Optimal,1.0890109539031982,,41273.36569050292,2400.0,38873.36569050292,24.0,0.0,1073.3656905028574,0.5590446304702382,0.11180892609404763,0.0,0.0,12.0,24.0,0.0,64.8,67.0,25920.0,1.6666666666666667,2.0,76,0.04,80,0.7,Low,1,76001,12,10,5
Optimal,1.202678918838501,,39128.6421200653,2400.0,36728.6421200653,24.0,0.0,1028.6421200652383,0.5590446304702382,0.10715022084012898,0.0,0.0,12.0,24.0,0.0,59.2,62.0,23680.0,1.8333333333333333,2.0,76,0.04,80,0.7,Low,2,76002,12,10,5
Optimal,0.9815108776092529,,38361.00390528411,2400.0,35961.00390528411,24.0,0.0,1051.003905284048,0.5590446304702382,0.10947957346708832,0.0,0.0,12.0,24.0,0.0,58.4,65.0,23360.0,1.75,2.0,76,0.04,80,0.7,Low,3,76003,12,10,5
Optimal,1.1025159358978271,,39628.6421200653,2400.0,37228.6421200653,24.0,0.0,1028.6421200652383,0.5590446304702382,0.10715022084012898,0.0,0.0,12.0,24.0,0.0,62.0,66.0,24800.0,1.6666666666666667,2.0,76,0.04,80,0.7,Low,4,76004,12,10,5
Optimal,1.066737174987793,,39148.6421200653,2400.0,36748.6421200653,24.0,0.0,1028.6421200652383,0.5590446304702382,0.10715022084012898,0.0,0.0,12.0,24.0,0.0,61.2,66.0,24480.0,1.6666666666666667,2.0,76,0.04,80,0.7,Low,5,76005,12,10,5
Optimal,1.3173840045928955,,39148.6421200653,2400.0,36748.6421200653,24.0,0.0,1028.642120065238,0.5590446304702382,0.10715022084012897,0.0,0.0,12.0,24.0,0.0,60.8,68.0,24320.0,1.6666666666666667,2.0,76,0.04,80,0.7,Low,6,76006,12,10,5
Optimal,1.058136224746704,,38668.6421200653,2400.0,36268.6421200653,24.0,0.0,1028.6421200652383,0.5590446304702382,0.10715022084012898,0.0,0.0,12.0,24.0,0.0,58.6,62.0,23440.0,1.6666666666666667,2.0,76,0.04,80,0.7,Low,7,76007,12,10,5
Optimal,1.0542478561401367,,39241.00390528411,2400.0,36841.00390528411,24.0,0.0,1051.0039052840477,0.5590446304702382,0.10947957346708831,0.0,0.0,12.0,24.0,0.0,60.6,65.0,24240.0,1.75,2.0,76,0.04,80,0.7,Low,8,76008,12,10,5
Optimal,1.2146389484405518,,39801.00390528411,2400.0,37401.00390528411,24.0,0.0,1051.003905284048,0.5590446304702382,0.10947957346708832,0.0,0.0,12.0,24.0,0.0,61.8,67.0,24720.0,1.75,2.0,76,0.04,80,0.7,Low,9,76009,12,10,5
Optimal,0.9574148654937744,,40601.00390528411,2400.0,38201.00390528411,24.0,0.0,1051.003905284048,0.5590446304702382,0.10947957346708832,0.0,0.0,12.0,24.0,0.0,61.8,69.0,24720.0,1.75,2.0,76,0.04,80,0.7,Low,10,76010,12,10,5
Optimal,1.0410151481628418,,39851.556764408866,2400.0,37451.556764408866,24.0,0.0,961.5567644088096,0.5590446304702382,0.10016216295925101,0.0,0.0,12.0,24.0,0.0,61.4,66.0,24560.0,1.9166666666666667,2.0,76,0.04,80,0.7,Low,11,76011,12,10,5
Optimal,0.9637959003448486,,38841.00390528411,2400.0,36441.00390528411,24.0,0.0,1051.003905284048,0.5590446304702382,0.10947957346708832,0.0,0.0,12.0,24.0,0.0,61.0,65.0,24400.0,1.75,2.0,76,0.04,80,0.7,Low,12,76012,12,10,5
Optimal,1.0760009288787842,,37356.28033484649,2400.0,34956.28033484649,24.0,0.0,1006.2803348464288,0.5590446304702382,0.10482086821316967,0.0,0.0,12.0,24.0,0.0,58.4,66.0,23360.0,1.75,2.0,76,0.04,80,0.7,Low,13,76013,12,10,5
Optimal,1.0653648376464844,,37401.00390528411,2400.0,35001.00390528411,24.0,0.0,1051.0039052840475,0.5590446304702382,0.1094795734670883,0.0,0.0,12.0,24.0,0.0,59.0,60.0,23600.0,1.75,2.0,76,0.04,80,0.7,Low,14,76014,12,10,5
Optimal,1.0912771224975586,,40233.36569050292,2400.0,37833.36569050292,24.0,0.0,1073.3656905028574,0.5590446304702382,0.11180892609404763,0.0,0.0,12.0,24.0,0.0,61.6,66.0,24640.0,1.6666666666666667,2.0,76,0.04,80,0.7,Low,15,76015,12,10,5
Optimal,0.893826961517334,,36828.6421200653,2400.0,34428.6421200653,24.0,0.0,1028.6421200652383,0.5590446304702382,0.10715022084012898,0.0,0.0,12.0,24.0,0.0,56.2,60.0,22480.0,1.6666666666666667,2.0,76,0.04,80,0.7,Low,16,76016,12,10,5
Optimal,1.0824182033538818,,38988.6421200653,2400.0,36588.6421200653,24.0,0.0,1028.6421200652383,0.5590446304702382,0.10715022084012898,0.0,0.0,12.0,24.0,0.0,58.8,62.0,23520.0,1.6666666666666667,2.0,76,0.04,80,0.7,Low,17,76017,12,10,5
Optimal,1.090386152267456,,39116.28033484649,2400.0,36716.28033484649,24.0,0.0,1006.2803348464288,0.5590446304702382,0.10482086821316967,0.0,0.0,12.0,24.0,0.0,60.2,63.0,24080.0,1.75,2.0,76,0.04,80,0.7,Low,18,76018,12,10,5
Optimal,1.0228979587554932,,39321.00390528411,2400.0,36921.00390528411,24.0,0.0,1051.0039052840475,0.5590446304702382,0.10947957346708828,0.0,0.0,12.0,24.0,0.0,61.8,67.0,24720.0,1.75,2.0,76,0.04,80,0.7,Low,19,76019,12,10,5
Optimal,1.0887019634246826,,39343.91854962768,2400.0,36943.91854962768,24.0,0.0,983.9185496276193,0.5590446304702382,0.10249151558621034,0.0,0.0,12.0,24.0,0.0,61.8,63.0,24720.0,1.6666666666666667,2.0,76,0.04,80,0.7,Low,20,76020,12,10,5
Optimal,1.010321855545044,,37068.6421200653,2400.0,34668.6421200653,24.0,0.0,1028.6421200652383,0.5590446304702382,0.10715022084012898,0.0,0.0,12.0,24.0,0.0,56.4,62.0,22560.0,1.6666666666666667,2.0,76,0.04,80,0.7,Low,21,76021,12,10,5
Optimal,1.0807218551635742,,38668.6421200653,2400.0,36268.6421200653,24.0,0.0,1028.6421200652383,0.5590446304702382,0.10715022084012898,0.0,0.0,12.0,24.0,0.0,58.6,68.0,23440.0,1.6666666666666667,2.0,76,0.04,80,0.7,Low,22,76022,12,10,5
Optimal,1.108638048171997,,39673.36569050292,2400.0,37273.36569050292,24.0,0.0,1073.3656905028574,0.5590446304702382,0.11180892609404763,0.0,0.0,12.0,24.0,0.0,61.6,66.0,24640.0,1.6666666666666667,2.0,76,0.04,80,0.7,Low,23,76023,12,10,5
Optimal,1.08962082862854,,40168.6421200653,2400.0,37768.6421200653,24.0,0.0,1028.6421200652383,0.5590446304702382,0.10715022084012898,0.0,0.0,12.0,24.0,0.0,61.4,64.0,24560.0,1.8333333333333333,2.0,76,0.04,80,0.7,Low,24,76024,12,10,5
Optimal,1.027228832244873,,38428.6421200653,2400.0,36028.6421200653,24.0,0.0,1028.6421200652383,0.5590446304702382,0.10715022084012898,0.0,0.0,12.0,24.0,0.0,57.0,59.0,22800.0,1.6666666666666667,2.0,76,0.04,80,0.7,Low,25,76025,12,10,5
Optimal,1.0531470775604248,,40956.28033484649,2400.0,38556.28033484649,24.0,0.0,1006.2803348464287,0.5590446304702382,0.10482086821316966,0.0,0.0,12.0,24.0,0.0,62.8,65.0,25120.0,1.75,2.0,76,0.04,80,0.7,Low,26,76026,12,10,5
Optimal,1.0279200077056885,,39913.36569050292,2400.0,37513.36569050292,24.0,0.0,1073.3656905028574,0.5590446304702382,0.11180892609404763,0.0,0.0,12.0,24.0,0.0,62.8,66.0,25120.0,1.6666666666666667,2.0,76,0.04,80,0.7,Low,27,76027,12,10,5
Optimal,1.1219251155853271,,39228.6421200653,2400.0,36828.6421200653,24.0,0.0,1028.6421200652383,0.5590446304702382,0.10715022084012898,0.0,0.0,12.0,24.0,0.0,59.8,66.0,23920.0,1.6666666666666667,2.0,76,0.04,80,0.7,Low,28,76028,12,10,5
Optimal,1.1134390830993652,,39999.194979190055,2400.0,37599.194979190055,24.0,0.0,939.1949791900003,0.5590446304702382,0.09783281033229169,0.0,0.0,12.0,24.0,0.0,60.0,65.0,24000.0,1.8333333333333333,2.0,76,0.04,80,0.7,Low,29,76029,12,10,5
Optimal,1.0771679878234863,,39823.91854962768,2400.0,37423.91854962768,24.0,0.0,983.9185496276193,0.5590446304702382,0.10249151558621034,0.0,0.0,12.0,24.0,0.0,61.8,64.0,24720.0,1.6666666666666667,2.0,76,0.04,80,0.7,Low,30,76030,12,10,5
Optimal,2.266395092010498,,49914.37552576487,4500.0,45414.37552576487,45.0,0.0,3114.3755257650105,0.6937362325279015,0.18537949558125064,34.0,0.0,15.0,45.0,0.0,94.4,127.0,37760.0,2.6,3.0,77,0.04,80,0.7,Medium,1,77001,15,14,10
Optimal,1.968912124633789,,53029.16922734628,4500.0,48529.16922734628,45.0,0.0,3059.1692273464155,0.6937362325279015,0.1820934063896676,32.0,0.0,15.0,45.0,0.0,101.1,131.0,40440.0,2.3333333333333335,3.0,77,0.04,80,0.7,Medium,2,77002,15,14,10
Optimal,2.445483922958374,,51966.450639576055,4500.0,47466.450639576055,45.0,0.0,3206.450639576117,0.6973937348233629,0.190860157117626,35.0,0.0,15.0,45.0,0.0,98.3,125.0,39320.0,2.7333333333333334,3.0,77,0.04,80,0.7,Medium,3,77003,15,14,10
Optimal,2.2090208530426025,,50996.286766203484,4500.0,46496.286766203484,45.0,0.0,3086.286766203623,0.6937362325279015,0.1837075456073585,38.0,0.0,15.0,45.0,0.0,95.8,123.0,38320.0,2.8666666666666667,3.0,77,0.04,80,0.7,Medium,4,77004,15,14,10
Optimal,2.166830062866211,,51829.37552576487,4500.0,47329.37552576487,45.0,0.0,3114.3755257650105,0.6937362325279015,0.18537949558125064,34.0,0.0,15.0,45.0,0.0,97.1,124.0,38840.0,2.533333333333333,3.0,77,0.04,80,0.7,Medium,5,77005,15,14,10
Optimal,2.2787880897521973,,50668.351593975516,4500.0,46168.351593975516,45.0,0.0,3078.351593975645,0.6973937348233629,0.18323521392712172,35.0,0.0,15.0,45.0,0.0,94.8,123.0,37920.0,2.7333333333333334,3.0,77,0.04,80,0.7,Medium,6,77006,15,14,10
Optimal,2.0019729137420654,,51462.26749500601,4500.0,46962.26749500601,45.0,0.0,3022.2674950061396,0.6937362325279015,0.1798968747027464,31.0,0.0,15.0,45.0,0.0,97.5,125.0,39000.0,2.533333333333333,3.0,77,0.04,80,0.7,Medium,7,77007,15,14,10
Optimal,2.0922329425811768,,49306.543723703886,4500.0,44806.543723703886,45.0,0.0,3226.543723704022,0.6973937348233629,0.1920561740300013,33.0,0.0,15.0,45.0,0.0,92.9,130.0,37160.0,2.533333333333333,3.0,77,0.04,80,0.7,Medium,8,77008,15,14,10
Optimal,2.107074022293091,,51429.57426387987,4400.0,47029.57426387987,44.0,0.0,2929.5742638799943,0.6937362325279015,0.17437942046904728,30.0,0.0,15.0,44.0,0.0,98.5,129.0,39400.0,2.6,3.0,77,0.04,80,0.7,Medium,9,77009,15,14,10
Optimal,2.154582977294922,,50433.44545604416,4500.0,45933.44545604416,45.0,0.0,3263.445456044298,0.6937362325279015,0.19425270571692252,33.0,0.0,15.0,45.0,0.0,93.2,130.0,37280.0,2.533333333333333,3.0,77,0.04,80,0.7,Medium,10,77010,15,14,10
Optimal,3.0411219596862793,,51746.66372035743,4500.0,47246.66372035743,45.0,0.0,3336.663720357576,0.6937362325279015,0.19861093573557,37.0,0.0,15.0,45.0,0.0,94.9,124.0,37960.0,2.3333333333333335,3.0,77,0.04,80,0.7,Medium,11,77011,15,14,10
Optimal,2.2989659309387207,,50682.4999280095,4500.0,46182.4999280095,45.0,0.0,3002.4999280096354,0.6937362325279015,0.17872023381009733,35.0,0.0,15.0,45.0,0.0,96.2,128.0,38480.0,2.7333333333333334,3.0,77,0.04,80,0.7,Medium,12,77012,15,14,10
Optimal,1.9951519966125488,,51333.670328744054,4500.0,46833.670328744054,45.0,0.0,3003.6703287441833,0.6937362325279015,0.1787899005204871,31.0,0.0,15.0,45.0,0.0,95.8,132.0,38320.0,2.466666666666667,3.0,77,0.04,80,0.7,Medium,13,77013,15,14,10
Optimal,1.6206567287445068,,49809.07559195544,4500.0,45309.07559195544,45.0,0.0,2964.0755919555363,0.6973937348233629,0.17643307094973432,31.0,0.0,15.0,45.0,0.0,94.6,125.0,37840.0,2.533333333333333,3.0,77,0.04,80,0.7,Medium,14,77014,15,14,10
Optimal,2.1431500911712646,,50792.74025902334,4500.0,46292.74025902334,45.0,0.0,3152.7402590234706,0.6973937348233629,0.18766311065615895,34.0,0.0,15.0,45.0,0.0,95.6,128.0,38240.0,2.6,3.0,77,0.04,80,0.7,Medium,15,77015,15,14,10
Optimal,2.0863239765167236,,49928.65175446275,4500.0,45428.65175446275,45.0,0.0,3318.6517544628937,0.6937362325279015,0.19753879490850557,35.0,0.0,15.0,45.0,0.0,91.9,126.0,36760.0,2.6,3.0,77,0.04,80,0.7,Medium,16,77016,15,14,10
Optimal,2.166649103164673,,50373.584026979006,4500.0,45873.584026979006,45.0,0.0,3058.584026979142,0.6937362325279015,0.18205857303447273,34.0,0.0,15.0,45.0,0.0,94.9,123.0,37960.0,2.6666666666666665,3.0,77,0.04,80,0.7,Medium,17,77017,15,14,10
Optimal,2.328932046890259,,49960.57206108433,4500.0,45460.57206108433,45.0,0.0,3040.5720610844583,0.6973937348233629,0.18098643220740823,33.0,0.0,15.0,45.0,0.0,94.0,122.0,37600.0,2.6,3.0,77,0.04,80,0.7,Medium,18,77018,15,14,10
Optimal,2.1198270320892334,,51366.363559870195,4500.0,46866.363559870195,45.0,0.0,3096.363559870328,0.6937362325279015,0.1843073547541862,32.0,0.0,15.0,45.0,0.0,96.8,130.0,38720.0,2.3333333333333335,3.0,77,0.04,80,0.7,Medium,19,77019,15,14,10
Optimal,1.9447338581085205,,51106.33030689707,4500.0,46606.33030689707,45.0,0.0,3116.330306897199,0.6937362325279014,0.18549585160102378,34.0,0.0,15.0,45.0,0.0,94.9,123.0,37960.0,2.7333333333333334,3.0,77,0.04,80,0.7,Medium,20,77020,15,14,10
Optimal,2.2603960037231445,,51510.57206108433,4500.0,47010.57206108433,45.0,0.0,3040.5720610844587,0.6937362325279015,0.18098643220740826,32.0,0.0,15.0,45.0,0.0,99.1,125.0,39640.0,2.466666666666667,3.0,77,0.04,80,0.7,Medium,21,77021,15,14,10
Optimal,2.030179977416992,,51861.50213080504,4400.0,47461.50213080504,44.0,0.0,2891.502130805171,0.6937362325279015,0.17211322207173638,33.0,0.0,15.0,44.0,0.0,100.5,126.0,40200.0,2.7333333333333334,3.0,77,0.04,80,0.7,Medium,22,77022,15,14,10
Optimal,2.100090980529785,,51553.26529221047,4500.0,47053.26529221047,45.0,0.0,3133.2652922106035,0.6973937348233629,0.18650388644110735,34.0,0.0,15.0,45.0,0.0,97.1,129.0,38840.0,2.533333333333333,3.0,77,0.04,80,0.7,Medium,23,77023,15,14,10
Optimal,2.2784769535064697,,51000.16702455074,4500.0,46500.16702455074,45.0,0.0,3170.1670245508794,0.6937362325279015,0.18870041812802854,34.0,0.0,15.0,45.0,0.0,97.1,128.0,38840.0,2.4,3.0,77,0.04,80,0.7,Medium,24,77024,15,14,10
Optimal,2.0560524463653564,,51288.05899379188,4500.0,46788.05899379188,45.0,0.0,3078.0589937920086,0.6937362325279015,0.18321779724952433,31.0,0.0,15.0,45.0,0.0,97.8,128.0,39120.0,2.2666666666666666,3.0,77,0.04,80,0.7,Medium,25,77025,15,14,10
Optimal,2.1199498176574707,,50871.389694455094,4500.0,46371.389694455094,45.0,0.0,3021.389694455229,0.6973937348233629,0.1798446246699541,35.0,0.0,15.0,45.0,0.0,98.3,130.0,39320.0,2.6666666666666665,3.0,77,0.04,80,0.7,Medium,26,77026,15,14,10
Optimal,2.1426990032196045,,51152.4737934246,4500.0,46652.4737934246,45.0,0.0,3077.473793424734,0.6937362325279015,0.18318296389432942,33.0,0.0,15.0,45.0,0.0,97.4,124.0,38960.0,2.533333333333333,3.0,77,0.04,80,0.7,Medium,27,77027,15,14,10
Optimal,2.0424787998199463,,51005.59819566923,4500.0,46505.59819566923,45.0,0.0,2965.5981956693595,0.6937362325279015,0.17652370212317617,34.0,0.0,15.0,45.0,0.0,98.0,126.0,39200.0,2.6666666666666665,3.0,77,0.04,80,0.7,Medium,28,77028,15,14,10
Optimal,2.188861846923828,,51014.143092761384,4500.0,46514.143092761384,45.0,0.0,3134.1430927615147,0.6937362325279015,0.18655613647389968,30.0,0.0,15.0,45.0,0.0,95.6,128.0,38240.0,2.466666666666667,3.0,77,0.04,80,0.7,Medium,29,77029,15,14,10
Optimal,2.278325080871582,,51402.4737934246,4500.0,46902.4737934246,45.0,0.0,3077.473793424735,0.6937362325279015,0.18318296389432945,33.0,0.0,15.0,45.0,0.0,95.6,122.0,38240.0,2.4,3.0,77,0.04,80,0.7,Medium,30,77030,15,14,10
Optimal,2.799929141998291,,54729.275094054756,5400.0,49329.275094054756,54.0,0.0,4449.27509405495,0.6937362325279015,0.2206981693479638,48.0,0.0,18.0,54.0,0.0,99.6,195.0,44820.0,2.4444444444444446,3.0,78,0.04,80,0.7,High,1,78001,18,14,15
Optimal,2.9670588970184326,,55909.450087294965,5300.0,50609.450087294965,53.0,0.0,4219.450087295143,0.6937362325279015,0.2092981194094813,49.0,0.0,18.0,53.0,0.0,103.06666666666666,194.0,46380.0,2.7222222222222223,3.0,78,0.04,80,0.7,High,2,78002,18,14,15
Optimal,2.653733015060425,,54944.12862510956,5400.0,49544.12862510956,54.0,0.0,4484.128625109767,0.6937362325279015,0.22242701513441304,56.0,0.0,18.0,54.0,0.0,100.13333333333334,194.0,45060.0,2.8333333333333335,3.0,78,0.04,80,0.7,High,3,78003,18,14,15
Optimal,2.933396100997925,,54828.87005752117,5400.0,49428.87005752117,54.0,0.0,4578.870057521371,0.6937362325279015,0.2271264909484807,50.0,0.0,18.0,54.0,0.0,99.53333333333333,190.0,44790.0,2.5,3.0,78,0.04,80,0.7,High,4,78004,18,14,15
Optimal,3.483743906021118,,55468.217467376904,5400.0,50068.217467376904,54.0,0.0,4248.217467377073,0.6973937348233629,0.21072507278656116,40.0,0.0,18.0,54.0,0.0,101.73333333333333,189.0,45780.0,2.5,3.0,78,0.04,80,0.7,High,5,78005,18,14,15
Optimal,3.8505542278289795,,54177.51193264933,5300.0,48877.51193264933,53.0,0.0,4207.511932649518,0.6937362325279015,0.20870594904015466,48.0,0.0,18.0,53.0,0.0,99.13333333333334,177.0,44610.0,2.5,3.0,78,0.04,80,0.7,High,6,78006,18,14,15
Optimal,2.6651620864868164,,55076.547830333366,5400.0,49676.547830333366,54.0,0.0,4261.547830333565,0.6937362325279015,0.21138630110781573,54.0,0.0,18.0,54.0,0.0,100.86666666666666,183.0,45390.0,2.6666666666666665,3.0,78,0.04,80,0.7,High,7,78007,18,14,15
Optimal,2.9893319606781006,,54644.18879228971,5400.0,49244.18879228971,54.0,0.0,4504.188792289909,0.6937362325279015,0.22342206310961849,51.0,0.0,18.0,54.0,0.0,99.26666666666667,184.0,44670.0,2.5,3.0,78,0.04,80,0.7,High,8,78008,18,14,15
Optimal,2.7451987266540527,,55976.994459765796,5400.0,50576.994459765796,54.0,0.0,4466.994459765996,0.6937362325279015,0.22157710613918633,51.0,0.0,18.0,54.0,0.0,102.33333333333333,184.0,46050.0,2.5,3.0,78,0.04,80,0.7,High,9,78009,18,14,15
Optimal,3.037792921066284,,55679.275094054756,5400.0,50279.275094054756,54.0,0.0,4449.27509405495,0.6937362325279015,0.2206981693479638,48.0,0.0,18.0,54.0,0.0,101.66666666666667,185.0,45750.0,2.388888888888889,3.0,78,0.04,80,0.7,High,10,78010,18,14,15
Optimal,2.7162606716156006,,54780.44549478931,5400.0,49380.44549478931,54.0,0.0,4450.445494789498,0.6937362325279015,0.22075622493995525,44.0,0.0,18.0,54.0,0.0,99.73333333333333,188.0,44880.0,2.5,3.0,78,0.04,80,0.7,High,11,78011,18,14,15
Optimal,2.8986480236053467,,54774.954156490676,5400.0,49374.954156490676,54.0,0.0,4634.954156490877,0.6937362325279015,0.22990844030212684,49.0,0.0,18.0,54.0,0.0,99.26666666666667,185.0,44670.0,2.4444444444444446,3.0,78,0.04,80,0.7,High,12,78012,18,14,15
Optimal,2.685612916946411,,54519.68769089194,5400.0,49119.68769089194,54.0,0.0,4559.687690892141,0.6937362325279015,0.2261749846672689,52.0,0.0,18.0,54.0,0.0,98.86666666666666,191.0,44490.0,2.4444444444444446,3.0,78,0.04,80,0.7,High,13,78013,18,14,15
Optimal,2.923656940460205,,54489.16504741492,5300.0,49189.16504741492,53.0,0.0,4459.1650474151165,0.6973937348233629,0.2211887424313054,57.0,0.0,18.0,53.0,0.0,99.4,185.0,44730.0,2.7222222222222223,3.0,78,0.04,80,0.7,High,14,78014,18,14,15
Optimal,2.7754130363464355,,54747.74436565282,5400.0,49347.74436565282,54.0,0.0,4187.744365653013,0.6937362325279015,0.20772541496294708,52.0,0.0,18.0,54.0,0.0,100.33333333333333,182.0,45150.0,2.7777777777777777,3.0,78,0.04,80,0.7,High,15,78015,18,14,15
Optimal,2.8824031352996826,,55846.8218562357,5400.0,50446.8218562357,54.0,0.0,4576.8218562359125,0.6937362325279015,0.22702489366249567,57.0,0.0,18.0,54.0,0.0,101.93333333333334,199.0,45870.0,2.8333333333333335,3.0,78,0.04,80,0.7,High,16,78016,18,14,15
Optimal,2.717417001724243,,55099.094930221065,5400.0,49699.094930221065,54.0,0.0,4319.094930221256,0.6937362325279015,0.2142408199514512,48.0,0.0,18.0,54.0,0.0,100.73333333333333,190.0,45330.0,2.5555555555555554,3.0,78,0.04,80,0.7,High,17,78017,18,14,15
Optimal,2.980321168899536,,53999.45525788845,5300.0,48699.45525788845,53.0,0.0,4579.455257888645,0.6937362325279015,0.22715551874447643,48.0,0.0,18.0,53.0,0.0,97.86666666666666,182.0,44040.0,2.388888888888889,3.0,78,0.04,80,0.7,High,18,78018,18,14,15
Optimal,2.7288410663604736,,55349.44769758485,5400.0,49949.44769758485,54.0,0.0,4339.447697585034,0.6937362325279015,0.21525038182465445,42.0,0.0,18.0,54.0,0.0,101.2,186.0,45540.0,2.3333333333333335,3.0,78,0.04,80,0.7,High,19,78019,18,14,15
Optimal,2.9194157123565674,,54812.080761530844,5400.0,49412.080761530844,54.0,0.0,4412.080761531038,0.6937362325279015,0.21885321237753164,48.0,0.0,18.0,54.0,0.0,99.86666666666666,183.0,44940.0,2.5,3.0,78,0.04,80,0.7,High,20,78020,18,14,15
Optimal,2.695971727371216,,54998.39729350384,5400.0,49598.39729350384,54.0,0.0,4448.397293504039,0.6937362325279015,0.2206546276539702,51.0,0.0,18.0,54.0,0.0,100.13333333333334,184.0,45060.0,2.4444444444444446,3.0,78,0.04,80,0.7,High,21,78021,18,14,15
Optimal,2.762058973312378,,53156.745400275744,5400.0,47756.745400275744,54.0,0.0,4496.745400275936,0.6937362325279015,0.2230528472359095,48.0,0.0,18.0,54.0,0.0,96.0,186.0,43200.0,2.4444444444444446,3.0,78,0.04,80,0.7,High,22,78022,18,14,15
Optimal,2.6830739974975586,,54208.69745399107,5400.0,48808.69745399107,54.0,0.0,4688.697453991288,0.6937362325279015,0.23257427847179005,56.0,0.0,18.0,54.0,0.0,97.93333333333334,192.0,44070.0,2.5555555555555554,3.0,78,0.04,80,0.7,High,23,78023,18,14,15
Optimal,2.9828641414642334,,53931.15069181013,5400.0,48531.15069181013,54.0,0.0,4561.150691810325,0.6937362325279015,0.2262475541572582,47.0,0.0,18.0,54.0,0.0,97.53333333333333,188.0,43890.0,2.388888888888889,3.0,78,0.04,80,0.7,High,24,78024,18,14,15
Optimal,3.0262677669525146,,54837.56453952588,5400.0,49437.56453952588,54.0,0.0,3987.564539526043,0.6973937348233629,0.19779586009553785,38.0,0.0,18.0,54.0,0.0,100.93333333333334,184.0,45420.0,2.5,3.0,78,0.04,80,0.7,High,25,78025,18,14,15
Optimal,4.0836968421936035,,54179.09526487107,5400.0,48779.09526487107,54.0,0.0,4249.0952648712355,0.6973937348233629,0.21076861432893035,49.0,0.0,18.0,54.0,0.0,98.93333333333334,187.0,44520.0,2.6666666666666665,3.0,78,0.04,80,0.7,High,26,78026,18,14,15
Optimal,2.686771869659424,,53739.86029442203,5400.0,48339.86029442203,54.0,0.0,4449.860294422225,0.6937362325279015,0.22072719714395955,46.0,0.0,18.0,54.0,0.0,97.4,186.0,43830.0,2.388888888888889,3.0,78,0.04,80,0.7,High,27,78027,18,14,15
Optimal,3.7659659385681152,,54857.846365536054,5400.0,49457.846365536054,54.0,0.0,4637.846365536178,0.6973937348233629,0.2300519030523898,56.0,0.0,18.0,54.0,0.0,99.53333333333333,175.0,44790.0,2.7222222222222223,3.0,78,0.04,80,0.7,High,28,78028,18,14,15
Optimal,2.661742925643921,,54281.20296097993,5400.0,48881.20296097993,54.0,0.0,4411.2029609801275,0.6937362325279015,0.21880967068353804,51.0,0.0,18.0,54.0,0.0,98.8,194.0,44460.0,2.7777777777777777,3.0,78,0.04,80,0.7,High,29,78029,18,14,15
Optimal,2.8644230365753174,,54191.67572499726,5400.0,48791.67572499726,54.0,0.0,4541.675724997458,0.6937362325279015,0.2252815339780485,50.0,0.0,18.0,54.0,0.0,98.26666666666667,183.0,44220.0,2.5555555555555554,3.0,78,0.04,80,0.7,High,30,78030,18,14,15
NO_SOLUTION,120.15028214454651,Solver timed out or no feasible solution found,,,,,,,,,,,,,,,,,,,79,0.04,80,0.8,Low,1,79001,12,10,5
NO_SOLUTION,120.15835213661194,Solver timed out or no feasible solution found,,,,,,,,,,,,,,,,,,,79,0.04,80,0.8,Low,2,79002,12,10,5
Optimal,18.90718698501587,,36702.21886496532,3600.0,33102.21886496532,36.0,0.0,1892.218864965256,0.7196472874166815,0.19710613176721417,15.0,0.0,12.0,36.0,0.0,59.6,70.0,23840.0,2.75,3.0,79,0.04,80,0.8,Low,3,79003,12,10,5
NO_SOLUTION,120.14817976951599,Solver timed out or no feasible solution found,,,,,,,,,,,,,,,,,,,79,0.04,80,0.8,Low,4,79004,12,10,5
NO_SOLUTION,120.17236685752869,Solver timed out or no feasible solution found,,,,,,,,,,,,,,,,,,,79,0.04,80,0.8,Low,5,79005,12,10,5
Optimal,11.041606187820435,,36496.94233556194,3600.0,32896.94233556194,36.0,0.0,1936.9424096910984,0.7196472874166815,0.20176483434282275,15.0,0.0,12.0,36.0,0.0,57.2,62.0,22880.0,2.75,3.0,79,0.04,80,0.8,Low,6,79006,12,10,5
NO_SOLUTION,120.14680290222168,Solver timed out or no feasible solution found,,,,,,,,,,,,,,,,,,,79,0.04,80,0.8,Low,7,79007,12,10,5
Optimal,6.86785888671875,,36532.085977729206,3600.0,32932.085977729206,36.0,0.0,2052.085977614566,0.7196472874166815,0.21375895600151734,17.0,0.0,12.0,36.0,0.0,59.2,63.0,23680.0,2.75,3.0,79,0.04,80,0.8,Low,8,79008,12,10,5
NO_SOLUTION,120.16097807884216,Solver timed out or no feasible solution found,,,,,,,,,,,,,,,,,,,79,0.04,80,0.8,Low,9,79009,12,10,5
NO_SOLUTION,120.18561697006226,Solver timed out or no feasible solution found,,,,,,,,,,,,,,,,,,,79,0.04,80,0.8,Low,10,79010,12,10,5
Optimal,9.019979000091553,,34471.665997561286,3600.0,30871.665997561286,36.0,0.0,1981.6659975612263,0.7196472874166815,0.20642354141262773,15.0,0.0,12.0,36.0,0.0,56.4,60.0,22560.0,2.6666666666666665,3.0,79,0.04,80,0.8,Low,11,79011,12,10,5
NO_SOLUTION,120.14965105056763,Solver timed out or no feasible solution found,,,,,,,,,,,,,,,,,,,79,0.04,80,0.8,Low,12,79012,12,10,5
NO_SOLUTION,120.2754328250885,Solver timed out or no feasible solution found,,,,,,,,,,,,,,,,,,,79,0.04,80,0.8,Low,13,79013,12,10,5
NO_SOLUTION,120.25841903686523,Solver timed out or no feasible solution found,,,,,,,,,,,,,,,,,,,79,0.04,80,0.8,Low,14,79014,12,10,5
Optimal,6.575541019439697,,36311.245787746804,3600.0,32711.245787746804,36.0,0.0,1911.2459648799495,0.7196472874166815,0.1990881213416614,13.0,0.0,12.0,36.0,0.0,58.39999970468405,62.0,23359.99988187362,2.6666666666666665,3.0,79,0.04,80,0.8,Low,15,79015,12,10,5
NO_SOLUTION,120.1675009727478,Solver timed out or no feasible solution found,,,,,,,,,,,,,,,,,,,79,0.04,80,0.8,Low,16,79016,12,10,5
NO_SOLUTION,120.1619348526001,Solver timed out or no feasible solution found,,,,,,,,,,,,,,,,,,,79,0.04,80,0.8,Low,17,79017,12,10,5
Optimal,30.031247854232788,,36791.66600584056,3600.0,33191.66600584056,36.0,0.0,1981.6660058404943,0.7196472874166815,0.2064235422750515,15.0,0.0,12.0,36.0,0.0,62.0,66.0,24800.0,2.6666666666666665,3.0,79,0.04,80,0.8,Low,18,79018,12,10,5
NO_SOLUTION,120.15499305725098,Solver timed out or no feasible solution found,,,,,,,,,,,,,,,,,,,79,0.04,80,0.8,Low,19,79019,12,10,5
NO_SOLUTION,120.14864683151245,Solver timed out or no feasible solution found,,,,,,,,,,,,,,,,,,,79,0.04,80,0.8,Low,20,79020,12,10,5
NO_SOLUTION,120.29159688949585,Solver timed out or no feasible solution found,,,,,,,,,,,,,,,,,,,79,0.04,80,0.8,Low,21,79021,12,10,5
Optimal,7.040984153747559,,36849.237756991,3600.0,33249.237756991,36.0,0.0,2039.237782617336,0.7196472874166815,0.21242060235597252,16.0,0.0,12.0,36.0,0.0,59.99999991470686,64.0,23999.999965882744,2.6666666666666665,3.0,79,0.04,80,0.8,Low,22,79022,12,10,5
Optimal,6.0735368728637695,,36048.81778764126,3600.0,32448.81778764126,36.0,0.0,1968.8177911949547,0.7196472874166815,0.20508518658280778,14.0,0.0,12.0,36.0,0.0,59.2,66.0,23680.0,2.6666666666666665,3.0,79,0.04,80,0.8,Low,23,79023,12,10,5
NO_SOLUTION,120.15544390678406,Solver timed out or no feasible solution found,,,,,,,,,,,,,,,,,,,79,0.04,80,0.8,Low,24,79024,12,10,5
Optimal,9.958287954330444,,36714.51419160594,3600.0,33114.51419160594,36.0,0.0,1994.5141916225502,0.7196472874166815,0.20776189496068234,16.0,0.0,12.0,36.0,0.0,60.0,65.0,24000.0,2.75,3.0,79,0.04,80,0.8,Low,25,79025,12,10,5
NO_SOLUTION,120.14573907852173,Solver timed out or no feasible solution found,,,,,,,,,,,,,,,,,,,79,0.04,80,0.8,Low,26,79026,12,10,5
Optimal,83.93851494789124,,36199.370652409605,3600.0,32599.370652409605,36.0,0.0,1879.3706524095408,0.7196472874166815,0.19576777629266048,14.0,0.0,12.0,36.0,0.0,61.0,63.0,24400.0,2.75,3.0,79,0.04,80,0.8,Low,27,79027,12,10,5
NO_SOLUTION,120.16108679771423,Solver timed out or no feasible solution found,,,,,,,,,,,,,,,,,,,79,0.04,80,0.8,Low,28,79028,12,10,5
NO_SOLUTION,120.15405797958374,Solver timed out or no feasible solution found,,,,,,,,,,,,,,,,,,,79,0.04,80,0.8,Low,29,79029,12,10,5
Optimal,6.909461975097656,,37216.94241700933,3600.0,33616.94241700933,36.0,0.0,1936.9424170092866,0.7196472874166815,0.20176483510513404,15.0,0.0,12.0,36.0,0.0,59.4,63.0,23760.0,2.75,3.0,79,0.04,80,0.8,Low,30,79030,12,10,5
Optimal,3.4311258792877197,,48635.13925972196,6000.0,42635.13925972196,60.0,0.0,4575.13925972211,0.7940936372934865,0.2723297178406018,53.0,0.0,15.0,60.0,0.0,85.9,131.0,34360.0,2.7333333333333334,4.0,80,0.04,80,0.8,Medium,1,80001,15,14,10
Optimal,3.8109869956970215,,47803.00197379097,6000.0,41803.00197379097,60.0,0.0,4873.0019737911325,0.7940936372934865,0.2900596412970912,59.0,0.0,15.0,60.0,0.0,80.2,133.0,32080.0,3.0,4.0,80,0.04,80,0.8,Medium,2,80002,15,14,10
Optimal,2.4561309814453125,,46940.8939430321,6000.0,40940.8939430321,60.0,0.0,4780.8939430322625,0.7940936372934865,0.28457702041858707,57.0,0.0,15.0,60.0,0.0,79.2,123.0,31680.0,2.7333333333333334,4.0,80,0.04,80,0.8,Medium,3,80003,15,14,10
Optimal,2.3695712089538574,,49786.50166663499,6000.0,43786.50166663499,60.0,0.0,4576.501666635158,0.7940936372934865,0.272410813490188,55.0,0.0,15.0,60.0,0.0,86.5,129.0,34600.0,2.6,4.0,80,0.04,80,0.8,Medium,4,80004,15,14,10
Optimal,3.7046120166778564,,48410.770705077135,6000.0,42410.770705077135,60.0,0.0,4780.770705077286,0.7940936372934865,0.2845696848260289,56.0,0.0,15.0,60.0,0.0,81.9,126.0,32760.0,2.8,4.0,80,0.04,80,0.8,Medium,5,80005,15,14,10
Optimal,4.3291237354278564,,48813.59991387275,6000.0,42813.59991387275,60.0,0.0,4333.5999138728985,0.7940936372934865,0.2579523758257678,48.0,0.0,15.0,60.0,0.0,85.9,122.0,34360.0,2.6666666666666665,4.0,80,0.04,80,0.8,Medium,6,80006,15,14,10
Optimal,2.2693703174591064,,47267.91839944276,6000.0,41267.91839944276,60.0,0.0,4737.918399442929,0.7940936372934865,0.2820189523477934,58.0,0.0,15.0,60.0,0.0,80.0,119.0,32000.0,2.8666666666666667,4.0,80,0.04,80,0.8,Medium,7,80007,15,14,10
Optimal,3.245328187942505,,48696.23203170405,6000.0,42696.23203170405,60.0,0.0,4506.2320317041995,0.7940936372934865,0.26822809712525,52.0,0.0,15.0,60.0,0.0,84.1,132.0,33640.0,3.0,4.0,80,0.04,80,0.8,Medium,8,80008,15,14,10
Optimal,3.537558078765869,,49934.95819961832,6000.0,43934.95819961832,60.0,0.0,4489.958214445165,0.7940936434353951,0.26725941752649796,57.0,0.0,15.0,60.0,0.0,87.99999994614316,129.0,35199.99997845727,3.2,4.0,80,0.04,80,0.8,Medium,9,80009,15,14,10
Optimal,3.6046478748321533,,47411.240371629756,6000.0,41411.240371629756,60.0,0.0,4861.240371629923,0.7940936372934865,0.28935954593035257,54.0,0.0,15.0,60.0,0.0,79.2,121.0,31680.0,2.466666666666667,4.0,80,0.04,80,0.8,Medium,10,80010,15,14,10
Optimal,3.5922210216522217,,47044.398082311156,6000.0,41044.398082311156,60.0,0.0,4674.398082311317,0.7940936372934865,0.27823798108995934,57.0,0.0,15.0,60.0,0.0,80.8,133.0,32320.0,2.8666666666666667,4.0,80,0.04,80,0.8,Medium,11,80011,15,14,10
Optimal,2.7681710720062256,,47607.47254963244,6000.0,41607.47254963244,60.0,0.0,4647.47254963261,0.7940936372934865,0.27663527081146483,58.0,0.0,15.0,60.0,0.0,80.8,129.0,32320.0,2.8,4.0,80,0.04,80,0.8,Medium,12,80012,15,14,10
Optimal,3.942345380783081,,47345.303792030485,6000.0,41345.303792030485,60.0,0.0,4875.303792030637,0.7940936372934865,0.2901966542875379,60.0,0.0,15.0,60.0,0.0,79.3,124.0,31720.0,3.2666666666666666,4.0,80,0.04,80,0.8,Medium,13,80013,15,14,10
Optimal,3.037809133529663,,48164.85444189984,6000.0,42164.85444189984,60.0,0.0,4494.854441899992,0.7940936372934865,0.2675508596369043,56.0,0.0,15.0,60.0,0.0,83.4,126.0,33360.0,3.1333333333333333,4.0,80,0.04,80,0.8,Medium,14,80014,15,14,10
Optimal,2.95587420463562,,48399.04787587163,6000.0,42399.04787587163,60.0,0.0,4679.04787587178,0.7940936372934865,0.27851475451617735,52.0,0.0,15.0,60.0,0.0,82.7,127.0,33080.0,2.533333333333333,4.0,80,0.04,80,0.8,Medium,15,80015,15,14,10
Optimal,3.33699893951416,,47103.46082233469,6000.0,41103.46082233469,60.0,0.0,4823.460822334851,0.7940936372934865,0.28711076323421736,57.0,0.0,15.0,60.0,0.0,79.5,124.0,31800.0,2.6666666666666665,4.0,80,0.04,80,0.8,Medium,16,80016,15,14,10
Optimal,3.6919820308685303,,48477.646485728976,6000.0,42477.646485728976,60.0,0.0,4677.646485729142,0.7940936372934865,0.27843133843625845,58.0,0.0,15.0,60.0,0.0,85.0,128.0,34000.0,3.0,4.0,80,0.04,80,0.8,Medium,17,80017,15,14,10
Optimal,3.472212076187134,,49836.83207725576,6000.0,43836.83207725576,60.0,0.0,4586.832077255907,0.7940936372934865,0.27302571888428023,56.0,0.0,15.0,60.0,0.0,87.0,129.0,34800.0,3.3333333333333335,4.0,80,0.04,80,0.8,Medium,18,80018,15,14,10
Optimal,3.9898838996887207,,47674.097810794956,6000.0,41674.097810794956,60.0,0.0,4594.097810795114,0.7940936372934865,0.2734582030235187,53.0,0.0,15.0,60.0,0.0,82.5,121.0,33000.0,2.6666666666666665,4.0,80,0.04,80,0.8,Medium,19,80019,15,14,10
Optimal,3.3693339824676514,,48626.10296886753,6000.0,42626.10296886753,60.0,0.0,4646.1029688676945,0.7940936372934865,0.2765537481468866,54.0,0.0,15.0,60.0,0.0,84.1,127.0,33640.0,2.8666666666666667,4.0,80,0.04,80,0.8,Medium,20,80020,15,14,10
Optimal,3.4495460987091064,,48873.98832391977,6000.0,42873.98832391977,60.0,0.0,4213.988323919915,0.7940936372934865,0.2508326383285664,50.0,0.0,15.0,60.0,0.0,87.1,121.0,34840.0,3.1333333333333333,4.0,80,0.04,80,0.8,Medium,21,80021,15,14,10
Optimal,3.500425100326538,,48488.50398626178,6000.0,42488.50398626178,60.0,0.0,4978.503986261947,0.7940936372934865,0.2963395229917825,59.0,0.0,15.0,60.0,0.0,82.3,129.0,32920.0,2.6,4.0,80,0.04,80,0.8,Medium,22,80022,15,14,10
Optimal,4.422802925109863,,48541.355639706875,6000.0,42541.355639706875,60.0,0.0,4746.355639707034,0.7940936372934865,0.2825211690301806,58.0,0.0,15.0,60.0,0.0,81.6,132.0,32640.0,3.2666666666666666,4.0,80,0.04,80,0.8,Medium,23,80023,15,14,10
Optimal,2.895514726638794,,49708.08738956851,6000.0,43708.08738956851,60.0,0.0,4498.087389568664,0.7940936372934865,0.26774329699813476,54.0,0.0,15.0,60.0,0.0,87.7,128.0,35080.0,2.6,4.0,80,0.04,80,0.8,Medium,24,80024,15,14,10
Optimal,3.3941779136657715,,46536.17347923176,6000.0,40536.17347923176,60.0,0.0,4661.173479231914,0.7940936372934865,0.277450802335233,55.0,0.0,15.0,60.0,0.0,81.5,121.0,32600.0,2.933333333333333,4.0,80,0.04,80,0.8,Medium,25,80025,15,14,10
Optimal,3.3840339183807373,,48843.17652328597,6000.0,42843.17652328597,60.0,0.0,4458.176523286118,0.7940936372934865,0.26536765019560227,53.0,0.0,15.0,60.0,0.0,85.8,128.0,34320.0,2.933333333333333,4.0,80,0.04,80,0.8,Medium,26,80026,15,14,10
Optimal,3.859320878982544,,47973.73679603176,6000.0,41973.73679603176,60.0,0.0,4833.7367960319225,0.7940936372934865,0.2877224283352335,57.0,0.0,15.0,60.0,0.0,80.9,128.0,32360.0,2.466666666666667,4.0,80,0.04,80,0.8,Medium,27,80027,15,14,10
Optimal,3.1494100093841553,,48639.9203326178,6000.0,42639.9203326178,60.0,0.0,4899.920332617973,0.7940936372934865,0.29166192456059364,59.0,0.0,15.0,60.0,0.0,83.3,123.0,33320.0,2.8666666666666667,4.0,80,0.04,80,0.8,Medium,28,80028,15,14,10
Optimal,4.123763084411621,,49084.173045217445,5900.0,43184.173045217445,59.0,0.0,4374.173045217596,0.7940936372934865,0.26036744316771404,53.0,0.0,15.0,59.0,0.0,85.6,129.0,34240.0,3.066666666666667,4.0,80,0.04,80,0.8,Medium,29,80029,15,14,10
Optimal,3.4318268299102783,,48027.18133758058,6000.0,42027.18133758058,60.0,0.0,4682.181337580737,0.7940936372934865,0.27870127009409146,57.0,0.0,15.0,60.0,0.0,82.8,130.0,33120.0,3.0,4.0,80,0.04,80,0.8,Medium,30,80030,15,14,10
Optimal,5.490502834320068,,51407.809946660156,7200.0,44207.809946660156,72.0,0.0,6377.809946660369,0.7940936372934865,0.316359620370058,79.0,0.0,18.0,72.0,0.0,84.0,188.0,37800.0,2.888888888888889,4.0,81,0.04,80,0.8,High,1,81001,18,14,15
Optimal,4.956286191940308,,50994.31093454417,7200.0,43794.31093454417,72.0,0.0,6584.310934544383,0.7940936372934865,0.32660272492779674,68.0,0.0,18.0,72.0,0.0,82.66666666666667,185.0,37200.0,2.5,4.0,81,0.04,80,0.8,High,2,81002,18,14,15
Optimal,5.377858877182007,,51411.94983305695,7200.0,44211.94983305695,72.0,0.0,6881.9498330571805,0.7940936372934865,0.34136655917942366,80.0,0.0,18.0,72.0,0.0,82.93333333333334,188.0,37320.0,2.888888888888889,4.0,81,0.04,80,0.8,High,3,81003,18,14,15
Optimal,4.404999017715454,,50546.22722992747,7200.0,43346.22722992747,72.0,0.0,6666.227229927677,0.7940936372934865,0.33066603323053956,81.0,0.0,18.0,72.0,0.0,81.4,184.0,36630.0,3.1666666666666665,4.0,81,0.04,80,0.8,High,4,81004,18,14,15
Optimal,4.767768859863281,,50773.53916939481,7200.0,43573.53916939481,72.0,0.0,6933.539169395035,0.7940936372934865,0.3439255540374521,79.0,0.0,18.0,72.0,0.0,81.4,193.0,36630.0,2.388888888888889,4.0,81,0.04,80,0.8,High,5,81005,18,14,15
Optimal,4.3958821296691895,,50793.61485245131,7200.0,43593.61485245131,72.0,0.0,6533.614852451524,0.7940936372934865,0.3240880383160478,75.0,0.0,18.0,72.0,0.0,82.26666666666667,182.0,37020.0,2.7222222222222223,4.0,81,0.04,80,0.8,High,6,81006,18,14,15
Optimal,5.272066116333008,,50177.72743277309,7200.0,42977.72743277309,72.0,0.0,6757.727432773323,0.7940936372934865,0.335204733768518,77.0,0.0,18.0,72.0,0.0,80.46666666666667,181.0,36210.0,2.5555555555555554,4.0,81,0.04,80,0.8,High,7,81007,18,14,15
Optimal,3.0648117065429688,,51336.62197874059,7200.0,44136.62197874059,72.0,0.0,6486.621978740809,0.7940936372934865,0.3217570425962703,79.0,0.0,18.0,72.0,0.0,83.6,188.0,37620.0,3.111111111111111,4.0,81,0.04,80,0.8,High,8,81008,18,14,15
Optimal,4.851216077804565,,50671.098671290274,7200.0,43471.098671290274,72.0,0.0,6521.098671290493,0.7940936372934865,0.32346719599655227,77.0,0.0,18.0,72.0,0.0,82.06666666666666,187.0,36930.0,2.5555555555555554,4.0,81,0.04,80,0.8,High,9,81009,18,14,15
Optimal,4.485054969787598,,51510.011678411334,7200.0,44310.011678411334,72.0,0.0,6870.011678411556,0.7940936372934865,0.34077438881009703,78.0,0.0,18.0,72.0,0.0,83.2,184.0,37440.0,2.6666666666666665,4.0,81,0.04,80,0.8,High,10,81010,18,14,15
Optimal,4.989229917526245,,50577.2276435198,7200.0,43377.2276435198,72.0,0.0,6747.227643520026,0.7940936372934865,0.33468391088889016,78.0,0.0,18.0,72.0,0.0,81.33333333333333,180.0,36600.0,2.7222222222222223,4.0,81,0.04,80,0.8,High,11,81011,18,14,15
Optimal,3.2542521953582764,,51317.89574964212,7200.0,44117.89574964212,72.0,0.0,6607.895749642346,0.7940936372934865,0.32777260662908464,82.0,0.0,18.0,72.0,0.0,83.33333333333333,183.0,37500.0,3.1666666666666665,4.0,81,0.04,80,0.8,High,12,81012,18,14,15
Optimal,5.441161870956421,,50167.61977594505,7200.0,42967.61977594505,72.0,0.0,6597.619775945273,0.7940936372934865,0.32726288571157114,85.0,0.0,18.0,72.0,0.0,80.8,177.0,36360.0,2.9444444444444446,4.0,81,0.04,80,0.8,High,13,81013,18,14,15
Optimal,5.383426189422607,,49621.57960412087,7200.0,42421.57960412087,72.0,0.0,6811.579604121088,0.7940936372934865,0.33787597242664125,83.0,0.0,18.0,72.0,0.0,79.06666666666666,184.0,35580.0,2.888888888888889,4.0,81,0.04,80,0.8,High,14,81014,18,14,15
Optimal,5.503258943557739,,51292.54999635625,7200.0,44092.54999635625,72.0,0.0,6437.549996356465,0.7940936372934865,0.3193229164859358,72.0,0.0,18.0,72.0,0.0,83.6,181.0,37620.0,2.5555555555555554,4.0,81,0.04,80,0.8,High,15,81015,18,14,15
Optimal,5.027480840682983,,50106.60658051014,7200.0,42906.60658051014,72.0,0.0,6431.606580510363,0.7940936372934865,0.3190281041919823,77.0,0.0,18.0,72.0,0.0,80.93333333333334,183.0,36420.0,2.5555555555555554,4.0,81,0.04,80,0.8,High,16,81016,18,14,15
Optimal,5.303643703460693,,50100.74768522865,7200.0,42900.74768522865,72.0,0.0,6410.747685228847,0.7940936372934865,0.3179934367673039,80.0,0.0,18.0,72.0,0.0,81.06666666666666,187.0,36480.0,3.111111111111111,4.0,81,0.04,80,0.8,High,17,81017,18,14,15
Optimal,5.312020778656006,,50956.88561261216,7200.0,43756.88561261216,72.0,0.0,6546.885612612378,0.7940936372934865,0.3247463101494235,71.0,0.0,18.0,72.0,0.0,82.6,187.0,37170.0,2.5,4.0,81,0.04,80,0.8,High,18,81018,18,14,15
Optimal,3.6638736724853516,,51061.48708133729,7200.0,43861.48708133729,72.0,0.0,6401.487081337508,0.7940936372934865,0.317534081415551,77.0,0.0,18.0,72.0,0.0,83.2,193.0,37440.0,2.5,4.0,81,0.04,80,0.8,High,19,81019,18,14,15
Optimal,6.865942001342773,,49424.09111678895,7200.0,42224.09111678895,72.0,0.0,6954.091116789179,0.7940936372934865,0.3449449958724791,79.0,0.0,18.0,72.0,0.0,78.26666666666667,183.0,35220.0,2.7777777777777777,4.0,81,0.04,80,0.8,High,20,81020,18,14,15
Optimal,6.045461893081665,,49965.32963355776,7200.0,42765.32963355776,72.0,0.0,6680.3296335579835,0.7940936372934865,0.33136555722013805,80.0,0.0,18.0,72.0,0.0,80.0,187.0,36000.0,2.888888888888889,4.0,81,0.04,80,0.8,High,21,81021,18,14,15
Optimal,7.3051629066467285,,50571.05813343636,7200.0,43371.05813343636,72.0,0.0,6701.058133436543,0.7940936372934865,0.33239375661887616,77.0,0.0,18.0,72.0,0.0,81.46666666666667,183.0,36660.0,2.9444444444444446,4.0,81,0.04,80,0.8,High,22,81022,18,14,15
Optimal,5.503705978393555,,51067.92539126598,7200.0,43867.92539126598,72.0,0.0,6457.925391266195,0.7940936372934865,0.32033360075725176,76.0,0.0,18.0,72.0,0.0,83.06666666666666,187.0,37380.0,2.7777777777777777,4.0,81,0.04,80,0.8,High,23,81023,18,14,15
Optimal,5.124121189117432,,51288.3646268874,7200.0,44088.3646268874,72.0,0.0,6208.364626887607,0.7940936372934865,0.30795459458767893,73.0,0.0,18.0,72.0,0.0,84.06666666666666,197.0,37830.0,2.888888888888889,4.0,81,0.04,80,0.8,High,24,81024,18,14,15
Optimal,5.2350592613220215,,51167.793214560894,7200.0,43967.793214560894,72.0,0.0,6547.793214561108,0.7940936372934865,0.32479133008735656,77.0,0.0,18.0,72.0,0.0,83.0,181.0,37350.0,2.8333333333333335,4.0,81,0.04,80,0.8,High,25,81025,18,14,15
Optimal,4.956221103668213,,51204.8492536715,7200.0,44004.8492536715,72.0,0.0,6414.849253671726,0.7940936372934865,0.31819688758292286,83.0,0.0,18.0,72.0,0.0,83.4,186.0,37530.0,3.0,4.0,81,0.04,80,0.8,High,26,81026,18,14,15
Optimal,4.968219757080078,,50229.85179819188,7200.0,43029.85179819188,72.0,0.0,6439.851798192084,0.7940936372934865,0.31943709316428986,73.0,0.0,18.0,72.0,0.0,81.26666666666667,192.0,36570.0,2.5555555555555554,4.0,81,0.04,80,0.8,High,27,81027,18,14,15
Optimal,5.869302988052368,,51210.03976079097,7200.0,44010.03976079097,72.0,0.0,6490.039760791183,0.7940936372934865,0.32192657543607056,79.0,0.0,18.0,72.0,0.0,83.26666666666667,184.0,37470.0,3.0,4.0,81,0.04,80,0.8,High,28,81028,18,14,15
Optimal,4.246307134628296,,49317.50433675549,7200.0,42117.50433675549,72.0,0.0,6517.504336755705,0.7940936372934865,0.3232889055930409,82.0,0.0,18.0,72.0,0.0,79.06666666666666,185.0,35580.0,3.0,4.0,81,0.04,80,0.8,High,29,81029,18,14,15
Optimal,5.251795768737793,,50855.4797760345,7200.0,43655.4797760345,72.0,0.0,6355.479776034705,0.7940936372934865,0.3152519730175945,71.0,0.0,18.0,72.0,0.0,82.8,187.0,37260.0,2.611111111111111,4.0,81,0.04,80,0.8,High,30,81030,18,14,15
